code,cause,AFG,ALB,DZA,AGO,ATG,ARG,ARM,AUS,AUT,AZE,BHS,BHR,BGD,BRB,BLR,BEL,BLZ,BEN,BTN,BOL,BIH,BWA,BRA,BRN,BGR,BFA,BDI,CPV,KHM,CMR,CAN,CAF,TCD,CHL,CHN,COL,COM,COG,CRI,CIV,HRV,CUB,CYP,CZE,PRK,COD,DNK,DJI,DOM,ECU,EGY,SLV,GNQ,ERI,EST,SWZ,ETH,FJI,FIN,FRA,GAB,GMB,GEO,DEU,GHA,GRC,GRD,GTM,GIN,GNB,GUY,HTI,HND,HUN,ISL,IND,IDN,IRN,IRQ,IRL,ISR,ITA,JAM,JPN,JOR,KAZ,KEN,KIR,KWT,KGZ,LAO,LVA,LBN,LSO,LBR,LBY,LTU,LUX,MDG,MWI,MYS,MDV,MLI,MLT,MRT,MUS,MEX,FSM,MNG,MNE,MAR,MOZ,MMR,NAM,NPL,NLD,NZL,NIC,NER,NGA,MKD,NOR,PSE,OMN,PAK,PAN,PNG,PRY,PER,PHL,POL,PRT,PRI,QAT,KOR,MDA,ROU,RUS,RWA,LCA,VCT,WSM,STP,SAU,SEN,SRB,SYC,SLE,SGP,SVK,SVN,SLB,SOM,ZAF,SSD,ESP,LKA,SDN,SUR,SWE,CHE,SYR,TJK,THA,TLS,TGO,TON,TTO,TUN,TUR,TKM,UGA,UKR,ARE,GBR,TZA,USA,URY,UZB,VUT,VEN,VNM,YEM,ZMB,ZWE
grade,WHO data-quality grade,4,3,4,4,2,2,1,1,1,4,2,3,4,3,1,1,1,4,4,4,2,4,1,1,2,4,4,3,4,4,1,4,4,1,4,1,4,4,1,4,1,1,1,1,4,4,1,4,3,2,3,3,4,4,1,4,4,3,1,2,4,4,2,1,4,2,2,1,4,4,2,4,4,1,1,4,4,2,3,1,1,1,1,1,2,1,4,3,3,1,4,1,3,4,4,4,1,1,4,4,3,3,4,1,4,1,1,3,1,3,4,4,4,4,4,1,1,1,4,4,2,1,3,4,4,1,4,2,2,2,2,1,1,4,1,1,1,2,4,1,1,4,4,1,4,2,2,4,1,1,1,3,4,2,4,1,2,4,2,1,1,3,3,3,4,4,4,3,3,2,4,4,2,3,1,4,1,2,2,4,1,4,4,4,4
0,All Causes,340.515935777685,33.6932993958899,219.868479554345,273.653909142258,0.658260341717367,433.521942041172,35.8020280839402,173.640293102975,93.9078680024321,72.3286433501536,4.554659022239,6.12422742275323,917.336971058123,2.61276363051146,134.080591389236,112.048224705936,1.93434549187535,99.6416679057311,3.78471426521186,115.425527075862,56.4947273900386,22.7016758897926,1906.69506798701,1.96633424204397,148.892999615269,162.571792744188,83.3006846114752,3.23179222296395,123.339981256462,213.430468375892,310.765981989069,61.1062608200319,164.67747962666,146.116278207197,11525.4678453565,362.16992390212,5.50862014264751,43.2121899589367,31.2467870615847,209.7001079212,60.3040273357814,168.111522424553,8.43637042286094,140.175459903841,265.333235393708,857.841677806991,57.0241093812581,8.86863508882299,67.388198635376,116.215984092012,746.543122045293,46.4927157817826,15.521974948958,27.4053788294395,18.4883039155023,15.7836493904968,685.953773752367,9.41425729845379,57.6857972302423,648.580750384544,18.37103804666,17.3145065571023,63.1720003259002,1038.46714205201,217.63102932992,156.760062913147,1.31811024202022,109.537292728261,121.211872548845,19.440216525827,7.71540927104703,102.209249891231,61.0377171796431,153.698168385057,2.39846045944351,13043.1975331388,2639.02299318296,515.200384541533,185.345408689158,35.64542150917,53.7391395925489,710.285151935434,26.9873403825135,1387.81062056758,39.4482053950927,186.938560721316,306.617367657715,1.28065891068633,11.4146132479747,38.8378318682471,47.5023262602678,34.3941710084962,43.887032647394,33.4409124092458,39.365646378075,40.6894754389422,48.0222360360274,4.33596721789658,229.268203078941,142.44286123641,235.411190373925,2.79926512398224,182.21175600987,4.21426653895369,25.7497423822624,12.0524144991128,1035.84375956089,0.911581574468112,21.8918042208244,8.65758407839301,252.185240448682,296.38369083737,449.600739561447,27.3102597408745,198.879512022336,171.150055673455,34.600733141074,29.1012122122854,230.518266163945,1688.71695257839,28.2233016615575,41.6528609121294,20.3211786550632,17.4315862244079,1675.1952406072,23.9230335523729,66.8433442573048,49.1965232680999,290.931530350199,908.862921952837,513.439584302364,123.018824993155,33.5961215489178,4.80648619409572,318.468385915561,48.6898122590004,327.901226992986,2453.06784200347,79.4914280430688,1.70518824275833,1.00563199005103,1.42707690300237,1.11922664546291,85.4655405467128,100.460818693125,137.826528596711,0.92940180492009,69.5637592472937,24.1018646413345,73.3640160444019,22.6486273039434,5.81455110698901,209.651637871553,778.904859314412,100.451382446925,451.708866603922,148.899054555716,276.769552272607,5.18840369170929,92.1157735732306,71.4926961824462,108.961185857393,44.7886847658789,633.248723949848,9.32724910105041,63.2288808637537,0.663523768917028,13.5725405497973,89.0902012295041,664.881167829885,42.899079586136,251.607618567996,771.726859992768,14.2334706609025,689.72383573727,370.415778637159,3447.14522209389,40.7599167060293,217.081797864123,2.23367579361177,227.101375336995,703.526786207368,224.587956617553,139.635092754473,153.224131965521
10,"Communicable, maternal, perinatal and nutritional conditions",133.036127035643,7.7532713609894,37.6197696696022,154.307413938423,0.180179040592337,154.398872912696,8.79541583464365,7.28406997241629,10.6080198262617,21.0324692188317,1.17998651082311,1.05229888049083,246.607898450035,0.429446977014153,21.4646047016739,20.0596681916016,0.526670010530434,53.1729536882651,0.697631501488166,51.8520609890448,12.3715312755366,13.3140914054529,650.025449818732,0.283580085488232,32.2147707796133,82.9877641907092,41.7979839559236,0.751397248246878,30.9094124152551,116.293804557706,25.9710928490602,40.5174002158928,109.374100377394,31.187322144877,368.905032290582,118.192226856068,2.06943443617113,25.3192198860622,7.63735043911571,111.459278452365,9.25511575991629,58.1817643246956,1.09461650932169,32.8887939325698,33.3858591770018,480.053429992152,5.17841424608739,3.71951103526863,14.8793828973849,33.4424746455693,188.589993949514,10.0495536154276,9.53095389429112,10.1364507005486,2.38654147993369,8.14541253866152,329.920410007744,2.11333942127033,1.47637663039479,95.1862717453018,10.0351122056819,8.69510425062801,17.7641433602664,111.218048464095,93.919127568897,30.5980053371856,0.487324787128387,41.3175299968851,68.9729920012026,11.4893227200989,3.39641886616749,29.6288762299901,16.8177376156123,27.5426110315173,0.101662373428906,5005.6239276563,915.07186489139,152.04314906483,37.3087109984883,5.24692475374129,10.1859279338874,106.817226968403,4.50746124246668,137.939861485448,12.4251494794003,50.3299614664326,154.268519229242,0.385682194482998,2.9959221104299,9.94020082265162,12.8038961632561,5.08471165160918,15.0056593555479,18.1059314313706,22.425094659944,8.87303274779209,8.27196595727385,0.647361236379477,115.5731798873,72.1994202856913,60.3514345781715,0.492152397254476,110.405249167495,0.544148368442984,12.0407427744144,1.84025910233246,402.140513627507,0.128253323676055,3.32053218758851,2.3473886669737,42.7630547387065,176.994465771566,124.570796083041,15.3336310650663,62.1527297579197,28.1775755827477,1.56039048629738,12.6135144030047,151.480440752375,1075.69703730287,7.81601895025258,3.16837089921095,5.15806912534413,5.83730967192578,624.653518962662,6.2172120211585,27.4486780584631,22.0007528886991,155.950204327196,230.687176926786,121.804307732053,18.9963921892255,4.17952375681164,0.861842787689596,46.6565240839931,11.6088332800631,79.5680147637594,658.875202010227,30.8921330263516,0.556270340136006,0.190970542538309,0.154233448247978,0.352441412234552,14.0655059917165,39.1322109877612,35.5680595713004,0.238592938677634,40.0501754810441,5.22077869532367,21.7178577006674,3.91294325436264,1.36899635155143,133.823245233108,361.507177956918,60.6720255961102,57.9919511963785,22.9914168528071,122.750327426616,1.92077669913463,9.85326537927701,8.88183614533867,14.4270145746697,14.0501051878172,121.369559229127,3.67907438306255,28.7369601352778,0.0662831734888825,2.86162155840704,26.9453276714525,148.270274936023,11.2828834214452,127.72332000967,140.994013016805,2.39090963901845,117.025161798401,190.409002365388,570.464440738403,8.96013053933009,26.8254501256183,0.393864760095768,36.2355033416542,87.2071596058601,77.4317845087722,82.1584460183872,75.642003221424
20,Infectious and parasitic diseases,34.8427055743455,0.0855375695584179,4.98851329004893,83.8925987924578,0.0293791720443366,17.2051220667327,0.304062479552597,2.78861592445366,1.11170948106277,0.951403064370159,0.098055393596049,0.0517902729074929,83.9771823211728,0.064858279717568,0.786207069335515,2.42415228920519,0.12162276283076,26.4417276392414,0.451174415907674,3.96289496423218,0.178995080722382,5.95664542876927,74.0729212683109,0.123001790048673,0.531724434700868,40.4370721041696,20.8270413219342,0.134165793644071,8.03066316287793,58.0455833072011,4.60578878201601,24.2201398066226,53.4570152345105,2.67972588060635,114.199607137985,8.63955400750006,0.511028021542876,17.7390020166395,0.554728706910773,53.6801560678743,0.188998373245157,1.11163427845947,0.255570348522948,2.30805287508388,24.3036809438285,245.085982503693,1.61760443956231,1.64327348216127,3.52419695553607,3.80764763053434,7.14441090611736,0.884478232587705,6.49534295844823,3.71970600870442,0.208851541708171,4.37967619106954,119.600894142145,0.304947359173684,0.259444916461195,12.8758483090279,7.17563316924122,4.09937258070667,0.832611672401731,16.2473595440098,51.3047780799605,4.19880803931927,0.0174491147724497,3.85598775495755,34.493668168193,6.67513277427659,0.401401792871891,7.69230845303073,2.22168470929558,0.9399818093317,0.022212049493116,1064.04192625133,232.288434299114,5.47432051748627,3.42013956973064,0.317419663446577,2.64455936667514,14.803070595563,1.30087644028789,26.5775805344195,0.251356532595419,1.0416233246859,84.7666437494362,0.141851334814701,0.0528859087810976,0.966847876766082,4.52373265591013,0.331818313723885,0.36129699645348,10.8675077642355,13.8324312626648,1.30503949174243,0.760941428707621,0.0844600358344595,53.7048245743426,39.6125367528552,8.00906967071375,0.0361764055160696,52.6346346677953,0.0716907956700594,3.96774646416091,0.291273640885532,17.4312608305756,0.0304563531751213,0.560292006127082,0.00634665243845307,5.3855727931229,103.039809332475,56.4213259376775,7.0707486814578004,25.4783930423108,3.28325882046911,0.4007059441567,0.729341607189194,83.077482649275,620.218121188228,0.101233572282571,0.996518129648796,0.146707308580146,0.199804096677406,179.170900926788,1.2225054432293,14.3440741492021,1.2083340831914,11.6819266651299,67.9774691529067,2.70211467387835,2.16690446825128,1.07952448681825,0.0517678004964987,12.0872177297981,0.640761120161631,4.70909890234143,45.4961950543355,13.3203303040871,0.0109418563121626,0.0537972799334348,0.0263922369381844,0.147858496318732,1.38710193264313,13.5304028182298,1.3467970134081,0.0134387020466726,22.1887952207877,0.170574701863051,1.19236024885906,0.11567600110981,0.358848264038273,56.9385335087445,133.982108493992,33.0756401494299,6.37101904582033,3.08088548858229,36.9191645653867,0.268128310495077,2.53316286802496,1.00175813068883,0.863740278705706,2.07550731181237,33.3666855749219,2.05950853780091,13.2858298108235,0.0143174652643004,0.385594062321723,0.762864422065971,2.8537677770155,5.71922067117665,69.0662494467654,11.6657008385244,0.193071218808423,6.31209403415723,106.39872654577,71.2892535355666,1.00400503334824,4.59368757115755,0.0784936773866219,6.6015672591556,22.0394399735253,16.3741239791929,46.5794273457405,37.0853668091066
30,Tuberculosis,10.0399107362869,0.009668729188,2.68133522414598,20.9669888309557,0.000874015460176425,0.676657486640129,0.055444996755,0.050151429282,0.032078325808,0.570966052124647,0.004501870959,0.019626164645,42.9773921171064,0.002384969472,0.308633013574853,0.049148954289,0.01118193327,1.68519164629684,0.206091311622281,1.54213106647952,0.089544429878,1.81706607881913,10.7286982093429,0.0251039227652751,0.057129796501,1.5832406743428,2.91407974517812,0.015048528957,3.75264177256418,11.9302478526769,0.121523810264088,8.2115237270287,5.76492962445947,0.324415121363,35.9444114476488,2.55449876461518,0.0703384058076039,5.9004994746756,0.054687451879,8.47824948251164,0.021278575015,0.053595736773,0.005709418385,0.037232115982,22.62530236245,51.5062506109821,0.007013225588,0.259708244225105,0.479632586575017,0.906458880609963,0.501066392620823,0.133059104995422,1.8135109118541,0.49418085097598,0.013398940575,0.963936555948687,21.0926436712622,0.048816306228,0.028540282587,0.316550843495,4.04598779887235,0.914793870040638,0.084305886052,0.288834630695,15.8507819808271,0.034313319899,0.00150681385147158,0.576245715413815,3.33932346089444,2.81506806638273,0.114116028828,1.96177303838237,0.554788972850194,0.056690078445,0.001619591118,359.701576339025,135.104414336113,0.968092993357126,0.8989092399936,0.018089632764,0.009935693596,0.274507466469,0.010868942424,2.881651637187,0.0115703509749361,0.364596708262216,32.033362955283,0.0488715924852867,0.0202667749588111,0.514435064575632,2.21445198328757,0.062735177136,0.0447355827619105,4.75752260786583,4.30349915269037,0.97151597375366,0.10164357037,0.000574672672,13.2350727693181,7.70536170207005,2.44438069334942,0.008091172207,2.00075340774904,0,0.676406429486231,0.010766024978,2.27826757642086,0.00910720729790332,0.376171963534189,0.001284622298,3.30344495149788,13.0956767974518,36.881201194887,2.73542932022685,17.890171851691,0.02161815353,0.017784357008,0.196028199336311,3.4577174987877,126.059671020258,0.012042519473,0.010517539434,0.00142053480941124,0.017316104799,53.3841479578923,0.248680978274778,7.51852712284174,0.309379453078102,4.78331469790123,37.6981960260718,0.524431220482,0.208794426033717,0.00389647426445363,0.007751769314,1.788676255946,0.216653561992,1.07775135167935,10.410815470589,1.40630265174013,0.002473475564,0.000823575711,0.001223892672,0.0868565072645025,0.644807074694272,3.26390337876673,0.041079478104,0.000881628115,3.789734188739,0.012562274712,0.016394764067,0.011162795117,0.0592627586252981,11.5483996161533,59.2115185634343,4.05291117642072,0.180667157728,0.815805304794518,4.28236490181326,0.026776980687,0.021846658641,0.016216944839,0.028138157335,0.9069921459553,10.382794777326,1.63349128711445,0.316244184757421,0.000764792419,0.033555637412,0.14254320317649,0.436656377665848,0.847128891520808,13.8671414013281,6.29341123256343,0.037729314594,0.234352570728,25.4711373970945,0.633131307448188,0.082818223876,2.42112589806859,0.0189120781187686,1.02630715798309,10.8344801472635,3.47595011385699,7.92290269859658,7.63937338642327
40,STDs excluding HIV,0.589883509238247,0.00117394817861863,0.144836759851123,1.64268832585003,2.39259644287544e-06,0.0331048370676532,1.82646297423921e-05,0.0085719431458222,0.00211155156969542,0.0217277767082615,0.000515390258205324,0.00187734691674612,1.82199648022758,0.000238384011771371,0.00685236836936922,0.007047148230151,0.000166273349712394,0.353072474786217,0.00759255321012112,0.205267131798921,0.00137291422117554,0.0480104596825571,0.427402956157876,0.000696831097222521,0.00109241501777663,0.418930914504907,0.182698361443858,0.002578527880056,0.0285392239668646,1.66735024509174,0.0328494854386138,0.272474906856409,0.955123044559124,0.0196484681362268,1.94929221027992,0.0660915703553047,0.0268593547621822,0.142862257100517,0.00837298381471272,1.24264351727796,0.000984155069750921,0.0219439895886835,0.00206674275230825,0.00205200998692899,0.0748170944356943,6.86484522153947,6.41812913089566e-06,0.0444133665629077,0.225156007464121,0.0933666372573403,0.522431133440796,0.00764930029275196,0.109198238382181,0.0795089437057654,0.00206457320765858,0.0339941658034316,2.47953714611794,0.0207921916411077,0.00345160587777855,0.0271686576747369,0.0701158522404106,0.083526405439371,0.00271784406177804,0.0350972755464202,0.916436062449367,0.0031146264479976,0.000269592886324993,0.0140842578978345,0.646476552865986,0.0764578721684495,0.00117151480112188,0.342715373395676,0.029520683904552,0.0145053789875343,1.34348827997982e-07,11.2401301179085,2.02495950910887,0.153270654451524,0.320838971758915,0.00108619474203036,0.00120249834308941,0.0206133582683044,0.00366946205679638,0.203923015122017,0.0979450543791747,0.0088163911500238,1.15680919945186,0.00413950212491088,0.000801510852547822,0.00210668345025311,0.0582025290035036,0.00107258184139588,0.0190744045962024,0.0708480989987028,0.280255122246616,0.00898658316572506,2.04952248001736e-06,0.0010627332022036,1.51369081172273,0.272703047167109,0.0321118838818352,0.000614829642028382,1.2061643326115,0.000508496805824188,0.216067391403441,7.7466139815336e-05,0.166199975942862,0.00189484444391741,0.0359816177188847,0.000178290115631976,0.251212922619057,1.73667361147912,0.381858405455396,0.0723089425418964,0.222228482822325,0.00644517052650631,0.00297078360858065,0.0127411266627423,0.284576400006159,5.64270877966329,0.000190825656848876,0.00212480342785471,0.0344105759849094,0.00160330154719154,4.32622231207857,0.00206391414059269,0.294044511184635,0.0690870883175442,0.247810857853515,1.17969338832816,0.0115938720783733,0.00759499805286437,0.00433592481243565,0.00848063639224839,0.0653214755642787,0.00011082147209699,0.00743528390215149,0.179975203530825,0.266480890051274,0.000523433979134597,0.000513557175271921,0.000815794603264867,0.00148899760927666,0.101024993884743,0.246285605591403,0.00510225703221767,0.000458907022015545,0.171336499094661,4.65008021608741e-06,0.00440533198418725,0.0014784531072105,0.00610981788082582,0.976984911393773,1.13291605300493,0.547289941316092,0.0384802369338374,0.0270565418337919,1.64742862127305,0.00118127477892482,0.0020788675630492,0.00106367083450031,0.0913084636481375,0.0170793144878333,0.105555410127321,0.0190634427871382,0.223056369138446,0.000645107764528481,0.00103259299499473,0.0112070740670614,0.201393873118035,0.00415180454289079,1.94834562195119,0.0405292881056939,0.0107044120799688,0.110695915743805,2.34597873443011,0.178163339188957,0.00467358652077732,0.00976910798132062,0.0038708051557347,0.0393231238659226,0.216314438824032,0.270936931425952,1.05555883070895,0.285877908826652
50,Syphilis,0.585420922699882,0.000778201509019833,0.141191918200144,1.6060111088865,2.39259644287544e-06,0.0246808839460304,1.82646297423921e-05,0.00339187569493323,0.00107831636758987,0.0133047412438138,0.000112154200582809,0.0017336914309065,1.68348070198834,8.03645476400517e-05,0.00224561664566196,0.00145285021411188,2.63286278319968e-05,0.349386867287394,0.00689317200014512,0.200763341151798,0.00100396007040938,0.045499677109244,0.286913581294752,0.000696831097222521,1.04423823718001e-06,0.409919941493948,0.170402542967689,0.00251495145785781,0.02478549273988,1.65564299445821,0.00564284745413554,0.266088208534649,0.948536571305358,0.00581397781022953,1.70584445019118,0.0420790055885693,0.0256882322542957,0.138955176284934,0.00582226918265863,1.23195713335526,1.3025862054559e-05,0.00157484826807548,0.000982328579788201,1.57010983436323e-05,0.0695968441726847,6.78415260691823,6.41812913089566e-06,0.0418585701149555,0.211797530495262,0.090967033351158,0.505761593546175,0.00655127910576043,0.107736774074257,0.0730281187612223,0.00105384566997403,0.0321379354798299,2.31696576724604,0.020420732012445,0.00115155909624436,0.00244537594562181,0.0689495124125382,0.0826098590286141,0.00123979339916655,0.00968885864328313,0.907319170827889,0.00103927408288822,0.000269592886324993,0.00477164139283997,0.641022484800464,0.0753224266519826,0.000126686908367514,0.319681121407671,0.0222851149628316,1.9105098842924e-05,1.34348827997982e-07,9.36034349343942,1.9764714048145,0.14592216081337,0.317770771857278,2.35232448035915e-06,1.20579694025273e-05,0.00469548815611222,0.00166437040864067,0.0198554533754482,0.0976040155034172,0.00341550016262327,1.12625750370824,0.0041050552315299,0.000386140783246351,0.0010657011221184,0.0566297049674803,6.215062165628e-05,0.0179103171677778,0.0656309496372212,0.277836111494109,0.00857191942286133,2.04952248001736e-06,4.30470401866115e-07,1.46639605483924,0.249407411921757,0.0242834063557683,0.000280585425881057,1.19617402167503,9.74629108136759e-09,0.214929815815308,7.7466139815336e-05,0.0162727438873777,0.00187270136087484,0.0318569119587024,0.000108329596601037,0.245117660782032,1.6067895463319,0.365825837547808,0.0702925162923203,0.197280323154467,0.00106579193787403,0.000392483912831768,0.0119741390349524,0.278963294902617,5.59551143785614,0.000190825656848876,9.2727865133101e-06,0.0331540186745526,0.00141213105943014,4.14403292984902,0.00100343773147561,0.292577562731693,0.0684567947346349,0.222566579187422,1.09178424936626,2.48634395844885e-07,0.00372998120398549,0.00433592481243565,0.00818901529619093,0.0303066655482619,0.00011082147209699,0.00119817151356141,0.0380300911094314,0.249390121460756,0.000223655213616296,1.66916552719209e-05,0.000796472960634085,0.00144892650006259,0.10054968535964,0.241969018032285,0.0016364367025187,0.000364933689578478,0.168179371708347,4.65008021608741e-06,0.00135521512677358,0.0014784531072105,0.00591296635758519,0.932484428865935,1.015022185203,0.528119396277458,0.00625956417199252,0.0187837262787723,1.64421663120998,0.000867733298296701,1.54018836026798e-07,0.00106367083450031,0.0797193694071788,0.0129768413610147,0.0804039345342232,0.0187246236199488,0.219800788163549,0.000631557036475477,0.000262378236376786,0.0102944783930036,0.193819639435857,0.00154895186730101,1.87722888420834,0.00895623922718547,0.00998238263056052,0.061759441224543,2.27201053796102,0.0415013507429597,0.00236123089573034,0.00317151027891037,0.00382383194505174,0.0212792342769122,0.212565267706401,0.268579128997805,1.02041062308415,0.264464884363642
60,Chlamydia,0.000915242996298608,8.05250211550425e-05,0.000749933172493092,0.00803864128039362,0,0,0,0,0,0.00175225369133393,9.12670020989665e-05,2.60780086357693e-05,0.0283426812912355,3.49472614721009e-05,0.000970554738278967,0,3.20399186113129e-05,0.000658293878208625,0.000155174509466817,0.00092492259202951,7.67508449353903e-05,0.000549179762553519,0.00563319748932688,0,0,0.00176612313280861,0.00301273098170777,8.79855906190275e-06,0.000824829579988959,0.00250117937587248,0,0.00137227018901302,0.00128289591383454,0,0.0492296903486047,0,0.000286376665442397,0.000841807807337141,0,0.00209806382532066,0,0,0,0,0.00107372261153084,0.0167392056774582,0,0.000623860525269639,0.00255851305499973,0,0.00329588497503612,0.00023704751957658,0.000330065665398661,0.00152702834327528,0,0.000402819680742025,0.0399044113039591,8.31632936141587e-05,0,0,0.000237626593559458,0.000187300731591321,0,0,0.00185279151613779,0,0,0.00216467380872938,0.00108003051824171,0.000216387752823069,0,0.00538360276226695,0.00160816584731701,0,0,0.411736188752046,0.00922451740689039,0.00154495269441779,0.000645689112089249,0,0,0,0.000424670941920839,0,7.33763119179811e-05,0.00116754410768611,0.00718817216491057,7.0431845142886e-06,8.3998225539338e-05,0.000220891288253279,0.000357986324707103,0,0.000244513103923382,0.00108990907276251,0.000556583624022028,8.20453341133821e-05,0,0,0.0121333198037881,0.00571766061231175,0.00169139722433643,7.04666557950406e-05,0.00206209625794448,0,0.000222139450741556,0,0,4.33477673934535e-06,0.000846981892778025,1.45527325694698e-05,0.00124063673223486,0.0348857698892486,0.00353641996064957,0.00043069334660225,0.00553978130258742,0,0,0.000766987627789891,0.000811919317923016,0.00789408053879797,0,0,0.000151634672584843,2.70850028711712e-05,0.0386378380507843,0,0.000307286188288231,0,0.00275182646293911,0.000923533966730615,0,0,0,5.09574832549421e-05,0,0,0,0.0304641592799142,0.00419095541658323,6.48842753573789e-05,0,3.48122358959949e-06,7.27440912535422e-06,0.000104815711339926,0.000666343149423997,0,2.13448473971673e-05,0.000647924867646353,0,0,0,3.77502229332887e-05,0.0105432307353058,0.0257032173118203,0.00476442178331213,0,0.00180388174142544,0.000678990450825323,7.22580508834599e-05,0,0,0.00263322463214516,0.000826728989596192,0.00558610482821765,7.55667166671259e-05,0.000591756498728067,2.4872609122843e-06,0.000171756123204475,0.000185188390798072,0.0015724859652962,0.00056587066381183,0.018625437490784,0.00676877141910755,0.000158849142616436,0,0.0186826897025037,0,0,0.00142089340981401,8.16954962811357e-06,0.00384415755256462,0.000795955294930052,0.000465146431218673,0.0091198870454339,0.00458608733036947
70,Gonorrhoea,0.000481406635722969,3.43385561907708e-05,0.00041031704732458,0.00396606906366033,0,0,0,0,0,0.000788692051626342,3.07144035285595e-05,1.99148131308853e-05,0.0157225488268136,1.26737730535816e-05,0.000328143598812637,0,9.83459305381158e-06,0.000804849023169228,5.70732570562308e-05,0.000397813184422908,2.62357664076406e-05,0.000246105519910471,0.003839871602341,0,0,0.00178238650056563,0.00171066284007557,1.61263344846613e-05,0.000331648443182767,0.00190514001659359,0.00105223951525951,0.000763472382694507,0.00130873310306518,0,0.0194244319826589,0,0.000132474984790222,0.000401624958834293,0,0.0020840979589282,0,0,0,0,0.000387150089043274,0.00969078675558912,0,0.000289847058127823,0.00199069872092571,0,0.00180383470567461,9.72691009997366e-05,0.000137087364736483,0.000780023649787131,0,0.000248724959075914,0.0177136561079598,2.84332948791136e-05,0,0,0.000140848412069402,0.000155674128961979,0,0.00105816243773,0.00144858497899337,0,0,0.000729409962542972,0.000973876164376241,0.000223033400912795,0,0.00197979655639607,0.000550789446791684,0,0,0.1265132845292,0.00582448871015735,0.000688650785224099,0.000297885652612645,0,0,0.000363552898160181,0.000189038377462981,0,3.06206689018745e-05,0.000404418045732762,0.00344871441824316,4.15286983864298e-06,4.49985989506572e-05,0.000104704240477992,0.000153536279414321,0,0.000117003785671589,0.000681658868582643,0.000330165519768143,4.76339865637529e-05,0,0,0.00508724853525278,0.00273906712609138,0.000591774807312871,2.96488053431529e-05,0.00178368177813992,0,0.00018750292053013,0,0,2.73861651845312e-06,0.000437575818828054,5.5974402558996e-06,0.00060738943223944,0.0137409524092832,0.00135036214361278,0.000227435535850087,0.00184027802486882,0,0,0,0.00159080085675091,0.0109038672880461,0,0.00104358077029056,0.000338728031023704,4.25422936445922e-05,0.0141659671678855,0,0.000191178352942493,0,0.000857540638280982,0.00105362417942172,0,0.000381440860427862,0,4.92414803073806e-05,0,0,0,0.00980840782900916,0.00202115462132677,2.47131897883992e-05,0,2.9607283022938e-06,7.61175777022723e-06,3.61359062421756e-05,0.00109889408017788,0,8.47830916052774e-06,0.000561516228362405,0,0,0,2.58096308441862e-05,0.00594642503988822,0.010693087922674,0.00221371688334377,0,0.000640677713557241,0.000321721171250508,2.84383795584776e-05,0,0,0.000841087085944262,0.000511269038297016,0.00189027662706639,3.16032100521955e-05,0.000679633726158865,1.98683276817589e-06,5.69930304004012e-05,9.63240919342907e-05,0.000759923210087803,0.000226718986741918,0.00737038618518894,0.00209123655906221,4.9304908988563e-05,0,0.00787656449798923,0.00321689401425441,0,0.000594123212713753,7.84737142700247e-06,0.00165622383829141,0.000337915282856279,0.000290534037431757,0.00360143080086057,0.00258779518834714
80,Trichomoniasis,0,0,0,0,0,0,0,0,0,0,0,0,0,0,0,0,0,0,0,0,0,0,0,0,0,0,0,0,0,0,0,0,0,0,0,0,0,0,0,0,0,0,0,0,0,0,0,0,0,0,0,0,0,0,0,0,0,0,0,0,0,0,0,0,0,0,0,0,0,0,0,0,0,0,0,0,0,0,0,0,0,0,0,0,0,0,0,0,0,0,0,0,0,0,0,0,0,0,0,0,0,0,0,0,0,0,0,0,0,0,0,0,0,0,0,0,0,0,0,0,0,0,0,0,0,0,0,0,0,0,0,0,0,0,0,0,0,0,0,0,0,0,0,0,0,0,0,0,0,0,0,0,0,0,0,0,0,0,0,0,0,0,0,0,0,0,0,0,0,0,0,0,0,0,0,0,0,0,0,0,0,0,0,0,0
85,Gential Herpes,0,0,0,0,0,0,0,0,0,0,0,0,0,0,0,0,0,0,0,0,0,0,0,0,0,0,0,0,0,0,0,0,0,0,0,0,0,0,0,0,0,0,0,0,0,0,0,0,0,0,0,0,0,0,0,0,0,0,0,0,0,0,0,0,0,0,0,0,0,0,0,0,0,0,0,0,0,0,0,0,0,0,0,0,0,0,0,0,0,0,0,0,0,0,0,0,0,0,0,0,0,0,0,0,0,0,0,0,0,0,0,0,0,0,0,0,0,0,0,0,0,0,0,0,0,0,0,0,0,0,0,0,0,0,0,0,0,0,0,0,0,0,0,0,0,0,0,0,0,0,0,0,0,0,0,0,0,0,0,0,0,0,0,0,0,0,0,0,0,0,0,0,0,0,0,0,0,0,0,0,0,0,0,0,0
90,Other STDs,0.00306593690634357,0.000280883092252982,0.00248459143116155,0.0246725066194765,0,0.00842395312162276,0,0.00518006745088897,0.00103323520210555,0.00588208972148742,0.000281254651994989,9.76626640729604e-05,0.0944505481211874,0.000110398429605637,0.00330805338661566,0.00559429801603913,9.80702102152728e-05,0.00222246459744518,0.000487133443452949,0.00318105487067107,0.000265967539423129,0.00171549729084903,0.131016305771456,0,0.00109137077953945,0.00546246337758468,0.0075724246543855,3.86515286516312e-05,0.00259725320381283,0.00730093124106167,0.0261543984692188,0.00425095575005279,0.0039948442368664,0.0138344903259972,0.174793637757474,0.0240125647667354,0.000752270857653901,0.00266364804941145,0.00255071463205408,0.00650422213845714,0.000971129207696362,0.020369141320608,0.00108441417252005,0.00203630888858535,0.00375937756243545,0.0542626221881955,0,0.00164108886455475,0.0088092651929328,0.00239960390618227,0.0115698202139103,0.000763704566415215,0.000994311277788232,0.00417377295148072,0.00101072753768455,0.00120468568378379,0.104953311459978,0.000259863040169395,0.0023000467815342,0.0247232817291151,0.000787864822243559,0.000573571550203688,0.00147805066261149,0.0243502544654071,0.00581551512634604,0.00207535236510939,0,0.00641853273372221,0.0034001613829048,0.000696024362731021,0.00104482789275436,0.0156708526693425,0.00507661364761167,0.0144862738886914,0,1.34153715118788,0.0334390981773273,0.00511489015851174,0.00212462513693458,0.00108384241755,0.00119044037368688,0.015554317214032,0.0013913823287719,0.184067561746569,0.00023704189493764,0.00382892883398167,0.0199148091604582,2.32508390280457e-05,0.000286373244811476,0.000715386799403437,0.00106130143190181,0.0010104312197396,0.000802570538829582,0.00344558142013638,0.00153226160871675,0.000284984422186595,0,0.00106230273180173,0.0300741885444473,0.0148389075069482,0.00554530549441756,0.000234128755009132,0.006144532900381,0.000508487059533107,0.000727933216861263,0,0.149927232055484,1.50696897847748e-05,0.00284014804857618,4.98103462055698e-05,0.00424723567255097,0.0812573428486876,0.0111457858033254,0.00135829736712374,0.0175681003404013,0.00537937858863228,0.00257829969574889,0,0.00321038492886775,0.0283993939803057,0,0.00107194987105084,0.000766194606748231,0.000121543191245632,0.129385577010885,0.00106047640911708,0.000968483911711153,0.000630293582909339,0.0216349115648732,0.0859319808157497,0.0115936234439774,0.00348357598845102,0,0.000191422132495141,0.0350148100160169,0,0.00623711238859009,0.101672545312471,0.0108786585526084,0.000210181300372523,0.00049686552,1.28796907388884e-05,2.51849423184891e-05,0.000334356907521146,0.00255135032951573,0.00346582032969897,6.41501758793719e-05,0.00194768629030548,0,0.00305011685741367,0,0.000133291669463159,0.0280108267526442,0.0814975625674305,0.0121924063719786,0.0322206727618448,0.00582825610003693,0.00221127844098828,0.000212845050186185,0.00207871354421317,0,0.00811478252286923,0.0027644750989254,0.0176750941378141,0.000231649240470137,0.00198419075001042,9.07663437254374e-06,0.000541465605013064,0.000631083191325414,0.00524182450679439,0.00181026302503604,0.0451209140668674,0.0227130409003387,0.000513875397803253,0.0489364745192616,0.0474089422685973,0.133445094431743,0.00231235562504699,0.00458258107988248,3.09562896278386e-05,0.0125435081981543,0.00261530053984422,0.00160212195949605,0.0224268897785,0.0142391419442928
100,HIV/AIDS,0.75162094960636,0.016961471827,0.36566881220357,14.4782574253875,0.002842642027,1.23998050405421,0.087267113052,0.037549186666,0.036341579001,0.0732357397253068,0.0753000606489796,0.002854630226,0.535024651979736,0.046733848567,0.313675712469393,0.031941365061,0.101087895467844,1.99720316109627,0.0316628166647602,0.67903779334742,0.002111108716,3.3554710542306,12.3343691838194,0.001102377537,0.017362026009,2.81584562561961,1.37973310523906,0.0510533350299242,1.14142627435025,11.477114519139,0.141314980057,4.39735047541203,3.09982695207361,0.496464460746,37.952111080039,2.42071842011615,0.001748424134,7.64287345567459,0.209065390225,11.540132221059,0.004015404531,0.382429968810015,0.002436320823,0.02248561979,0.878430780239176,14.2395740188321,0.010406456919,0.612246876543588,1.88578398170742,0.687180847945249,0.470677782413141,0.398674130056364,2.69124996190641,0.273837750847165,0.050751965342,2.74121057015987,12.2385977121945,0.0430455282738318,0.004337480023,0.218222229696,1.75593116384288,1.41389283665568,0.0561800514951885,0.244967107274,10.9009769247855,0.037224074094,0.003231220527,0.516311544078803,3.92659524964486,1.26297572399694,0.139150032062374,1.67637459419083,0.612294414209968,0.009551908855,0.001084565058,44.8316363323457,23.7729055099264,2.39280135524503,0.10632422995466,0.006656631066,0.01662486065,0.44027923703,1.07704326936306,0.051877331339,0.011088971353,0.186232101105773,21.3631279231979,0,0.010796641179,0.20056695305964,0.361364090613484,0.051516811312,0.040101832323,4.09537954315722,1.05856525324585,0.0834452081891997,0.030628423465,0.002147860151,3.24990513657389,12.5951041727942,2.398383614338,0.000312191298,5.11032995670519,0.001013414116,0.394663151513248,0.107687165448,4.58725286300048,0,0.022929238225,0.001902553626,0.409526799583356,48.2349533945417,5.87006441458915,3.29776461133893,0.425597570722679,0.02269246111,0.011438616301,0.243739064178183,1.18226239488871,43.426804870246,0.00696804476,0.00833239685,0.000728430711860206,0.041934344176,11.6633926042953,0.518307935270762,1.09089278391932,0.324321240214,0.970548528292189,0.77777064039227,0.127016172563,0.288031768945,0.142993014207212,0.011800001625,0.072746904215,0.272603373129,0.174895256926914,31.2352838412041,2.76734466611487,0,0.011444260024,0,0.0258417226064381,0.0849561522865609,1.1274322385605,0.023771878964,0,2.38610891501941,0.00768467737,0.006518253821,0.00031047132,0,0.487166135319805,48.0899343716351,8.29958663554256,0.317907685117,0.09561223762,1.80558995894783,0.187850645127385,0.009487067892,0.025556792644,0.011684164007,0.13839381994276,12.2061180582302,0.0365537465767829,2.56953272931897,0,0.268750701027,0.319754945602613,0.317467014030026,4.18889977232369,17.4861998054713,4.27328695928469,0.024060252126,0.156080080012,24.0884514956575,5.17204029455954,0.199082144741,1.02018793195555,0,1.76431784559347,4.30286221651836,0.367187509179259,20.2781703967569,20.5080214359931
110,Diarrhoeal diseases,2.90221156800058,0.0122566885419704,0.864424851943217,14.4983951235456,0,0.430993070780743,0.0249609525239492,0.330827546772984,0.190186369713648,0.131120120958393,0.00550752025909157,0.0073728807399984,30.651909925201,0.00272099326472535,0.00978500114735836,0.462925926674763,0.00564408752289758,6.17144627519039,0.146162840392031,0.743469401752065,0.0329109671354672,0.539529584787302,4.77087361428211,0.00292887715715793,0.0384341960366339,9.94522695001851,5.41792064927048,0.0357038013336657,1.60167078812511,9.92334050030445,0.68562217780482,3.37123420196604,15.6392485969457,0.369567431285183,6.82438601176627,0.853880092243475,0.212187440390812,0.978184769759529,0.0952546002818259,8.75644475699445,0.0414376802026547,0.156347645506876,0.0406216677589836,0.258187871469502,0.215338332732661,39.7789816894028,0.14968602575872,0.324878089972433,0.650079122438941,0.150977022067796,1.38264478082977,0.209221580690118,0.429375444449664,1.66175338580455,0.00917859664671598,0.404015905932546,41.1144858322436,0.131766124785728,0.0109235886994813,1.97774401410631,0.335572667915544,0.523269234473852,0.0219300525481005,2.95089438040242,6.31459774303472,0.150507961555075,0.00145297027875227,2.13652023441333,8.12426876630749,0.81515887261738,0.0300499186875436,2.36904993186203,0.733029542027329,0.471640374241614,0.00415874319412267,485.033249656055,48.6424473855671,0.476176589019452,0.834929505508504,0.0686565487146146,0.110988840229832,1.71117712386154,0.101435710250727,2.32286281915809,0.0419236343909419,0.0734756357248108,10.0341526310689,0.0605984222620288,0.00339374435669023,0.0777100902165109,1.08070870400176,0.00522567300728568,0.0789005612243469,1.40963168433009,1.34729921612638,0.062958638525024,0.0630703407809224,0.0129807970792623,14.474523021607,6.7528730861695,1.13597014418223,0.0199145285441481,12.5149975696304,0.00418550902111637,0.953025411379268,0.00542601836823258,2.66308264407992,0.0110074597152934,0.0266160779914216,0.000258827535665272,0.393816413736434,10.3038828359697,7.34412598490999,0.659557174378846,3.78783806857301,0.504045446739968,0.087760383517765,0.0982443678734046,23.0436703415435,152.764494791741,0.00216505688999994,0.0903270105550828,0.0371396640960164,0.020347743432345,56.1894586633143,0.189751105992739,1.9662266472639,0.155789231533383,0.47904998387026,9.26896810673971,1.25185056545735,0.291567324145633,0.0364381284299528,0.00407271669516222,1.01195289101917,0.0520936440122855,0.284772593056743,0.408054526838055,3.10230518610256,0.00268276346413736,0.00115873874571237,0.012264467651513,0.0148560010797582,0.198864690135972,3.37064946156935,0.0952981512666986,0.00461389407125673,4.38229616934247,0.0259164179922908,0.366754945075777,0.00156560501253275,0.0849724512212416,19.3091659869555,16.9720152311627,8.44146622959782,0.987863716687866,0.778005823353064,6.24631386807301,0.0224016808085174,0.221068604521992,0.189683152826246,0.207294250061507,0.637660242924784,6.32674545483434,0.237914472583469,3.43887672963667,0.00395541917348276,0.0211600512402658,0.0861301348931338,0.597062857470635,0.381046710486707,8.7110338684831,0.0514140929861704,0.0221337439540661,1.25151819192893,19.2899110544268,7.34140825875838,0.110879287989855,0.299430467080122,0.0413945406330018,1.59363351184305,2.9074367238162,5.14176384409948,4.90296306801088,4.95757062088078
120,Childhood-cluster diseases,15.4895653691995,0.00449592851872095,0.0650497660418991,4.04064981431788,0,0.000404981326457359,0.000452279045871688,2.9409719590736e-05,0.00211402606354951,0.00788756186173985,5.31297786668815e-06,0.000449781192395391,0.676370682502122,6.22111048696906e-05,1.50652595987709e-05,0.0022372467258869,2.17054778382074e-06,0.577183170810016,0.00181678993451014,0.0119380145580245,0.00500937862289796,0.0177678869140518,0.062964001302011,1.15720079093103e-05,0.00104068906277687,0.437188605145745,0.35496407098621,0.00131292898565099,0.101753048384989,1.63815537199103,9.54975353030401e-06,0.725244606055716,4.7044996922772,2.29313544898376e-06,1.84414756797126,0.0141882228245046,0.0292184931015426,0.145216845352696,1.5570810605406e-07,0.656297184379135,0.00100925166492311,1.46962433286733e-06,1.98795478698547e-05,0.0020543686077673,0.0331911421439368,30.0266135121215,0.00473187763029849,0.0622181989336143,0.0175157795556063,0.00834201706685315,0.176738307013533,0.0133130994417379,0.310754011146325,0.129298391351621,0,0.0160567130567905,9.07127353970101,0.00150247087821897,2.42908840773291e-08,0.000117263767252525,0.159107069741721,0.0377395793724246,0.00273842073155912,0.00539156216476935,0.497634432030398,0.00266723605482903,3.93684329305007e-08,0.00561666425250114,1.32235099263226,0.154423153633827,0.000632739507155122,0.10693736308156,0.0441484982964493,0.00196828023446586,4.65548467192901e-07,17.9753686180872,3.64451541043737,0.127801547552336,0.121770125741583,1.21200668179427e-08,2.15794532005845e-06,0.0272900847365883,0.000150758725385866,0.0153718316548941,0.0218057684251602,3.2224200881736e-05,1.00894826031239,0.00960533460428968,0.000236452484312567,0.000323976420760406,0.193172268920236,6.05826645924101e-07,0.0145250419652901,0.0658234481263005,1.60900853459682,0.00595763449984687,1.34590707140967e-08,0,1.35506480474574,0.428637480479683,0.0620553723413312,0.000591609040475256,1.69390781183933,0,0.240362990853965,1.26916112186337e-08,0.0104271434697339,0.00479103957797621,0.00401035077605882,0.000342451799474904,0.132960577675122,0.777241521838392,0.601180482924587,0.022666486570621,0.269707463229463,1.65207320626794e-05,0.00103097686599808,0.000217231380008721,6.47084437933639,15.17445962606,0.000711250572138179,9.23277626313161e-07,0.00372168845035142,0.000441058279748219,8.12048961215499,4.66507980895196e-05,0.128762204304076,0.0116989148032595,0.104404081967711,1.78364953062343,0.00115464023298579,0.000629332253445753,0.00206443752926123,0.000255974610034315,0.00627334682613561,0.000860348631115325,0.00725113595518339,0.00131682159470348,0.286917422606977,5.11173542467348e-06,2.55641245324785e-10,0.00669185471045579,0.00434168812595807,0.0312602524796692,0.339234576377727,0.00200169211882031,7.75605421824237e-05,0.422028453518793,3.45036647593879e-08,0.00128971608985055,0.00102903821545308,0.00961496679024202,11.8994151213906,0.252896746368871,0.714593974318572,0.00213190696821306,0.0401646995649171,9.05648629160432,0.000461864429138194,8.28331178493389e-06,0.00107958070617027,0.081880239389711,0.0283961844487886,0.260020431752478,0.0274432942749928,0.363192159859447,4.22338066639153e-05,2.39675009803657e-05,0.00232333270346425,0.0528958866166757,0.00315565138425531,2.25897993442306,0.00874093784060538,0.00723825757869773,0.00355596645882255,1.31430071273653,0.00697718930151936,3.04341299210915e-05,0.0020497273538413,0.00308161847484544,0.00888321525205974,0.193253816214051,1.5157521779876,0.497270413974099,0.0939802588602807
130,Whooping cough,0.689901484933307,9.11198294864233e-06,0.0467705494961595,3.11061655719421,0,0.000404741060840637,1.96967592687064e-06,1.17276724828725e-05,8.74879267652663e-07,0.00730723285272375,3.89330609729118e-08,0.000412296918817217,0.414740652415095,2.7966743340302e-09,6.79552439438496e-07,0.00147066020712662,3.70370461501789e-09,0.414856620685721,9.32573904330799e-05,0.00164855480870925,0.00020293457177261,0.0147668452095371,0.00143832538471839,1.10188045992509e-05,9.20813468633335e-08,0.260097493519279,0.169890294920962,6.18266915599425e-05,0.00552749338278479,1.39931448106537,9.39477748512687e-06,0.428137695523411,1.96975303781731,2.01902296940245e-06,1.1167612335305,0.00200288832195179,0.0246021887177315,0.115999778895815,1.13774399287078e-07,0.479476977318475,5.15187674292688e-08,2.92431269127241e-07,1.97678011911409e-05,0.00205429064247751,0.000983060347766648,7.75109408445021,9.73464626150508e-08,0.0476546749015827,0.00316033760680934,0.000358721800547452,0.0984225419507422,0.00200739238282935,0.0858848141013065,0.0661521914814275,0,0.0127698743055914,3.55665227604764,0.000278864617224061,1.10684288128696e-09,0.000113087908736091,0.0536182960557476,0.0266517752896299,5.37296460668126e-07,0.00316962544388095,0.308530574536643,6.6805186422933e-08,1.67246099853149e-09,0.000756721120819571,0.740229441140793,0.123835270212144,5.53725067297676e-08,0.0416702057994752,0.0237468013290508,5.3773835421556e-09,1.70343137332386e-07,7.29198381892663,0.148657375492264,0.0371909866175605,0.0890081734896603,6.14450318980951e-09,1.27925909307879e-06,5.44397932486758e-06,1.05491413010189e-08,2.10665461259848e-05,0.00946471399819457,4.43093754877745e-06,0.650087713894216,0.00862700012617964,5.2739568335174e-07,5.78546137781798e-07,0.117355124966953,5.90310846956486e-07,0.00451583631187088,0.0353699465784185,0.0361110551301983,0.00515312952827265,1.17706169008189e-08,0,1.02976437921131,0.165640616603236,0.0155122359424516,2.79233933722087e-05,0.58185267687062,0,0.207953134980233,1.44244134265446e-09,0.00517491855962967,0.00185886633902149,0.00356258539629944,0.000279316753244798,0.0290843396854201,0.478946470109365,0.159656130455453,0.0149185959472536,0.102098947674046,1.28679735384506e-05,0.000660201680368126,0.000192237778553588,1.95789944810527,8.02085312809787,0.000710740371181601,6.58739867841982e-07,0.00274418876788556,0.000313880147687524,4.82152139541362,4.27511009961293e-05,0.0444223225979202,0.00124123726784781,0.0543090231529436,0.0979173451082607,2.68949660187016e-08,3.98404197336786e-06,0.0011196347153784,0.000141655894845846,0.000104761195377934,4.98480865806751e-08,7.77796332502401e-07,0.000107175115660408,0.131101572585941,3.8837682959095e-09,8.49558398217932e-11,0.00397289529721541,0.000696320049532895,0.0184172995926953,0.248919424949089,0.000852464528630951,1.05849869151225e-05,0.103161663625285,2.26499740568583e-08,0.00128883576429844,2.1544183068668e-09,0.00603138754384877,2.56622233080592,0.176712396648399,0.326885290339767,4.25067796578003e-05,0.000577841069630016,1.02436858527291,0.000251658020934335,3.8515537992849e-06,1.59110069782249e-06,0.0676537169324388,0.021378102776315,0.00372850602982121,0.0114115216242929,0.296561994709594,3.17921296280632e-05,1.93100399744774e-08,0.00141053327040599,0.037807416340854,3.91118899334971e-05,1.52518536358668,1.8669412703586e-05,0.00227603462185053,0.000377833977204136,0.968476098785092,0.00421486959195767,3.03474313659385e-05,1.515251400194e-05,0.000539132541171669,0.00170864862850221,0.0547975265346959,1.26034808587522,0.395914026504368,0.04993571009485
140,Diphtheria,0.0423878880584995,8.1653010086737e-06,0.000594714801124957,0.11114892161807,0,2.4026561672214e-07,8.7693116414929e-08,1.76820471078635e-05,5.12528204721614e-06,0.000305600021319031,5.97325082332682e-07,7.51810099743298e-06,0.00634104538323978,1.255960923871e-07,7.42116123723203e-06,3.91392292807363e-06,1.07291128244016e-07,0.0152695795689772,3.19172789853809e-05,0.000711548431092917,2.01118418812802e-05,0.000483173952907664,0.00191820871754885,5.53203310059372e-07,1.71458475689804e-07,0.0158924934035069,0.00700945144663416,7.54504894110238e-06,0.00139431858510331,0.0411928477942277,1.54976045177136e-07,0.0314747384389814,0.195957151735085,2.74112479581311e-07,0.00858334759518319,1.26159747754754e-06,0.000326288024467658,0.00190374710710909,4.19337067669825e-08,0.0237782356434628,2.0891642054886e-08,1.17719306374009e-06,1.11746678713814e-07,7.79652897866239e-08,0.000445621316511166,0.19752373696575,1.97848358744464e-08,0.00110387860506064,0.000655668962448982,1.58675670953835e-07,0.00212932747175841,0.000151579081064338,0.00133947246840718,0.00202884837134845,0,0.000506314254665803,0.165296049555074,5.36404443728613e-05,2.31840411960422e-08,4.17585851643442e-06,0.000550456809641355,0.000655846325906635,7.92938141838726e-08,3.87248888395994e-07,0.00674100507211325,8.77929377234982e-09,3.76959719319692e-08,1.21903173208095e-06,0.0519828173554616,0.00371000568262801,1.24338759813095e-08,0.0188908331771213,0.000398704456089351,1.03765342331353e-08,2.95205329860515e-07,0.129065474452847,0.0197527590036907,0.000584800121828797,0.00154314639642335,5.97556362813321e-09,8.78686226979664e-07,0.001046755792503,7.94035463208161e-08,0.000147121899974097,7.14016562158027e-05,1.67660398822571e-05,0.0120402132906016,0.000186859405353865,8.34938428607787e-06,5.16482359822812e-07,0.00439467075029909,1.55157989676154e-08,2.88167831747153e-05,0.00137299623436182,0.00104233244910312,0.000209546824434726,1.68845381327784e-09,0,0.0448246154312207,0.00494181297198759,0.000530692454082694,1.66534940606747e-06,0.0290220590023239,0,0.00231762948357042,1.12491698759793e-08,2.4063511681356e-06,1.92126506778908e-05,0.000197498323989356,2.83215674057299e-06,0.000703416498659327,0.0180545820311458,0.0129104502571761,0.000488383113349113,0.0017104916467681,3.65275852422882e-06,3.40478853217071e-08,2.49936014551333e-05,0.123284245583086,1.70568359817886,5.10200956578428e-07,2.64537758471179e-07,6.79882178528428e-05,2.51189543731984e-05,0.107504419202027,3.8996970933903e-06,0.0172183836714161,3.07071809269524e-05,0.000890072801354453,0.0136418621621562,0.00115461333801977,9.22081947238479e-06,1.74228831229166e-07,7.73927846024011e-06,1.50648051458579e-06,1.16353028744095e-07,1.49959765084349e-07,5.59102454229354e-05,0.00389017274012735,1.53644229302195e-08,1.70685405502992e-10,3.65232249632307e-05,8.85729592044185e-06,0.000200487941415694,0.0045274816377949,9.64244712072015e-07,4.54471392576019e-06,0.00451923604308802,1.18536907025296e-08,8.80325552104939e-07,1.07168209888265e-08,0.000107058430604968,0.645739776392319,0.0155297340882435,0.0352127835454286,1.42514790039123e-07,0.000135483169694573,0.0164543054982297,4.90864444511948e-05,4.43175798564899e-06,4.45885724850019e-07,0.00107995682749124,0.00101681778772495,0.00143305651643122,0.000749873785859372,0.00497386018714515,2.40039337670579e-06,3.19824517021847e-06,4.08170015434447e-05,0.000483510106997493,1.36087805672378e-06,0.0288882756962667,0.00021723869602957,3.33128763814336e-05,0.000727912302304863,0.0194518510844201,0.000685872043585298,8.66985551529916e-08,6.25165669905728e-06,3.90714713098441e-05,9.44422948962443e-06,0.00309973057092434,0.0219145861629227,0.00615274802530522,0.00510676481145184
150,Measles,14.4381425392566,0.001968254368,0.00513471541629946,0.461042625693064,0,0,0.000450221676828402,0,0.00105121224,0.00024093675,0,0,0.144966445867853,0,0,0,0,0.0398217295717029,0.001319970977,0,0.0047278802636316,0.000372016585,0,0,0,0.0630254409702812,0.0801773715593008,0.000307296372043159,0.00449166875737757,0.052563555698541,0,0.106187123502101,1.90082973145505,0,0.466167089851967,0,0,0.0181324912835909,0,0.00702953286173153,0,0,0,0,0.006351043927,21.4002303585691,0.004731760499,0.00146903241293214,0,0,0.0108596074969308,0,0.217040025410319,0.0337040638374036,0,9.374285e-05,3.83939675186455,0.001112752419,0,0,0.101325235945667,0.00168721967314812,0.00125975347867277,0.002221549472,0.0970126419503493,0,0,0,0.317572641684031,0.00383014930575518,0,0,0,0,0,8.44550023734083,1.89720130457259,0.0126068769775678,0.00742625514236002,0,0,0.004542738425,0,0,0.000276710429,0,0.0304493279807526,0.000714536032,0.000213308993,0,0.00284639225681344,0,0.00662842023782147,0.0204535494208717,1.54467458167944,0,0,0,0.0773209852329068,0.123263260798367,0,9.704418e-05,0.791019338230032,0,0.0101920590022173,0,0,0.00288222398157293,0.000240190596,0,0.0878599723435638,0.0500155886522005,0.102948620796969,0.00423778325756443,0.0566103527873522,0,0,0,4.01407610467032,2.99033079267602,0,0,0.000475029479346104,0,1.01997862046729,0,0.0109894121688235,0,0,0.945181215055401,0,0.000616127392,1.92078739473954e-07,3.6087829e-05,0,0.00086018243,0.00627676701630396,0,0.0896366792498356,0,0,0.00263607797077608,0.0032574479003391,0.00908713492359836,0.0335167980134273,0,1.6436e-08,0.264242532641664,0,0,0,0,6.04753679608417,0.00559605793550372,0.001404715473,0,0,7.91329021076403,0,0,0,0.00651619595400104,0.004984390311,0.0325076798146314,0,0.0182739286796004,0,0,0,0.006492790059,0,0.540321418897957,0.00700905481226304,8.73627e-07,0.001771530312,0.0965173563538589,0,0,0.001545468776,0.00107840135719063,0,0.00476963781146615,0.0699472250901184,0.0130463506241442,0.001372102700634
160,Tetanus,0.319133456951159,0.00251039686676364,0.0125497863283152,0.357841709812541,0,0,0,0,0.00105681366223464,3.37922376970694e-05,4.67671972338256e-06,2.99661725807414e-05,0.110322538835934,6.20827121029695e-05,6.96454592210041e-06,0.000762672595832207,2.0595529509617e-06,0.107235240983615,0.000371644288091674,0.00957791131822232,5.84519456124675e-05,0.00214585116660705,0.0596074671997438,0,0.00104042552295432,0.0981731772526773,0.0978869530593123,0.000936260873106786,0.090339567659723,0.145084487432891,0,0.159445048591222,0.637959771269754,0,0.25263589699361,0.0121840729050752,0.00429001635934338,0.00918082806618121,0,0.146012438555466,0.00100917925451362,0,0,0,0.025411416552659,0.677765332136387,0,0.0119906130140389,0.013699772986348,0.00798313659063475,0.0653268300941015,0.0111541279778442,0.00648969916629322,0.0274132876614412,0,0.00268678164653332,1.50992846223375,5.72133976220497e-05,0,0,0.00361308093066517,0.00874473808373994,0.00147805066261149,0,0.0853502104712918,0.00266716047034883,0,0.00485872409994949,0.212566092451975,0.0230477284332995,0.000632671700772411,0.0463763241049632,0.0200029925113091,0.00196826448054809,0,2.10881908736695,1.57890397136883,0.077418883835379,0.0237925507131393,0,0,0.0216951465397605,0.000150668772698244,0.015203643208794,0.0119929423417498,1.10272234507015e-05,0.316371005146818,7.69390407561739e-05,1.42667113431376e-05,0.000322881392262801,0.0685760809461709,0,0.00335196863242306,0.00862695589264852,0.027180565338081,0.000594958147139491,0,0,0.203154824870301,0.134791790106092,0.0460124439447969,0.00046497611769698,0.292013737736354,0,0.0199001673879444,0,0.00524981855893608,3.07366067039019e-05,1.00764597700242e-05,6.03028894895331e-05,0.0153128491474787,0.23022488104568,0.32566528141499,0.00302172425245392,0.109287671121297,0,0.000370741137744631,0,0.375584580977716,2.45759210710728,0,0,0.000434481985266915,0.000102059177687497,2.17148517707205,0,0.0561320858659165,0.0104269703544848,0.0492049860134127,0.726909108297608,0,0,0.000944436506312125,7.04916077282287e-05,0.00616707915024309,0,0.000973441182781845,0.00115373623362013,0.0622889980310739,5.09248723344735e-06,0,4.63582175010653e-05,0.000379062880165628,0.00355533002195985,0.0522708717774158,0.00114826334547729,6.24144053415409e-05,0.0501050212087564,0,0,0.00102902534421379,0.00347652081578829,2.63991621810818,0.0550585576967254,0.351091184960377,0.00208925767376522,0.0394513753255925,0.102373190069154,0.000161119963752664,0,0.0010775437197476,0.00663036967577993,0.00101687357374864,0.222351189391594,0.0152818988648406,0.0433823762831074,8.04128365914634e-06,2.07499457701727e-05,0.000871982431514815,0.0081121701098242,0.00311517861626509,0.164584876242149,0.00149597491960918,0.00492803645346576,0.000678689867313551,0.229855406513164,0.00207644766597639,0,0.000482854407140302,0.00142501310517329,0.0071651223940679,0.130586921296965,0.163542280859341,0.0821572888202816,0.0375656812533448
170,Meningitis,1.55015155214099,0.00617022696253123,0.2788168849632,4.3409151503793,0,0.262550162256135,0.0248876558140117,0.0302522646261832,0.0150627620325639,0.0320395657820553,0.00206727928016601,0.00435450486405732,2.11542356327872,0.00199132823385183,0.0583655098381162,0.0405688406331925,0.00106745714636636,1.68259493346299,0.0140004239773316,0.0878034478444185,0.0100954854582335,0.0833875030388399,0.777907643167056,0.000887409328894,0.016627249520105,3.2362475314944,1.36860760429258,0.0126737815969113,0.212763020073702,3.28095647008205,0.0723394608118205,1.10830939620543,3.91489266367091,0.0417388950443335,5.75296780945388,0.188556883533935,0.0838793699511367,0.309203630545653,0.0215026263564919,2.85053049874997,0.014855176749318,0.0527980756983983,0.0020599637595146,0.025787798576984,0.177316692368014,14.2976946879884,0.020534636138217,0.128561089612443,0.104854041720623,0.0822204564525762,0.431134723302216,0.0396981899142198,0.159885940673036,0.436040534922302,0.00356688435390571,0.117032585302197,12.1979483353608,0.0140545673401035,0.00821847045837711,0.156664752056417,0.147301712183197,0.20659370135767,0.0376238963817661,0.12686151395309,2.78137055849996,0.0157891470540179,0,0.125993374566503,2.480097067242,0.228710707112739,0.00935286797263511,0.505578082560722,0.0587530302624864,0.0341112810287722,0.000518542070506504,28.0711465783398,3.33428377391111,0.39855327301156,0.29362966888593,0.0100643296010533,0.0120012147004734,0.124101236001836,0.0155734247663915,0.290328745683925,0.0337347275219493,0.0746749713431195,3.50017532982492,0.00889663431260754,0.00951536232782021,0.0319230925055261,0.121307012908027,0.0124707488916217,0.0239751465970939,0.252766526035323,0.512963114095255,0.049721009162183,0.0122943997810055,0.000856522082548067,3.22168692871564,2.11540574274817,0.37276980509507,0.00153315051438121,3.93297065526401,0.000165555027394943,0.248655022399494,0.00890501253085481,0.396331190542623,0.00167240812570228,0.0354834593919896,0.00101440825786508,0.245913299690928,3.00533903122997,0.789595642309059,0.13561061091578,0.607393987793938,0.0553970228303623,0.0101244066633154,0.0178323303654538,6.79939792706394,38.6931237140949,0.00164726948852404,0.0110742703573726,0.0268779997241877,0.0108364731560376,14.2383127361725,0.017090591805063,0.251136933147322,0.0554724749596633,0.0934070062688153,1.47719843973518,0.195396483351853,0.0455710466867349,0.00416234600656379,0.00578700908861165,0.0421476544501409,0.0143368793100935,0.0853763129324665,1.26070524067131,1.15924822337842,0.000805266820656314,0.000441319780785417,0.00251241004957101,0.0031420587886504,0.08315439680156,1.24611340427768,0.0371160515645944,0.00238185134781778,1.13879427420957,0.00310777304141289,0.0222013681578315,0.00570725129537972,0.00689965231804261,5.15981144871674,3.67976698129626,2.1284679676268,0.0871288514092755,0.54655866998777,0.922677250656256,0.00558102330711431,0.023561788864426,0.0112667799177743,0.226957783730483,0.180196812208755,1.08598587395093,0.0336775863923315,0.978091695393328,0.00193232341501334,0.0118341565062826,0.0457176644260031,0.238772594823064,0.0392667098615602,3.55488413793407,0.259869441618559,0.0337489833393611,0.210230730120445,4.20441708582563,0.575672074518991,0.0102312570359748,0.13671708934426,0.00526023733383812,0.401589867805325,0.519964316500637,0.715942869323401,1.7836345855713,1.41522324601456
180,Encephalitis,0.122771550416111,0.0153919628972501,0.133063377347615,0.221063702469448,0,0.0148574016641688,0.00276252365882698,0.00414728284571858,0.000493122722406217,0.0767064233429439,0.000725688488489964,0.00187989034712179,0.21626878243591,0.0014869448019758,0.06548363897736,0.00349460095149551,0.000342067159949307,0.229810479836805,0.022959486580688,0.0880357104721964,0.011774487106677,0.00678343790898288,0.0765826435572108,0.000115709257035253,0.0032333317353351,0.305630315778252,0.0994113337498524,0.00295437986567833,0.143557944051411,0.472904021970335,0.0067148924680772,0.0373855826399136,0.328729235879072,0.00234560952460678,3.1564017947966,0.0347328121463794,0.00570278956846272,0.0182647840386399,0.000935313056737415,0.414301214200504,0.000452259063427651,0.00647389541982068,2.74480650567298e-05,0.00124880861826498,0.10043648355389,0.719212610719732,0.000228426534344153,0.00931345097702674,0.0601820826890986,0.0135691848089199,0.695047362835196,0.0177882489131818,0.00930983426840912,0.0289608797731057,9.08678105972022e-05,0.0054648351721777,0.786785931044209,0.00305862783716083,5.20659658126768e-05,0.00469074914258829,0.00940817012071998,0.0262217596889409,0.00344351239536364,0.00659395453045681,0.339200411532055,0.00131056356491374,0,0.0788844007774233,0.222616224651366,0.0300341404271295,0.00341347283160197,0.0322342150630859,0.0351496435086883,0.00123411356329594,0,43.9499139320575,1.60862089856596,0.184934474719454,0.405329545157338,0.000243244406313242,0.00148628006653523,0.00398112326711472,0.0156565738416158,0.00418134586018495,0.00640137745970404,0.138617358025801,0.349841621066728,0.000213263286688896,0.00276885049287556,0.0491109386032142,0.0645131127140212,0.000142667707210264,0.0117332792083784,0.00834309617730691,0.0650017301493427,0.0132818985790041,0.000665365475721236,6.36831011917555e-06,0.287353541240886,0.0895366495823818,0.487346030572885,0.000698377102501405,0.391443329115523,2.3987539990701e-06,0.0509572817708119,0.000666167014345256,0.113143955638037,4.40398715281179e-05,0.036751435463414,0.000209687401551988,0.0917123986672237,0.324268047714124,0.264088737096449,0.00923152331305789,0.676092921377677,0.000785597128915849,0.000593684361507095,0.00943343891076078,0.677286055122216,3.7633491466313,0.00100999572593421,5.64360436443325e-05,0.0134505362840394,0.0259331241807808,7.79034899309152,0.00212212558031335,0.0551729433325628,0.00988672810856217,0.0699166161391143,0.319688708598367,0.00616135116128555,0.00106098107890064,0.000401508377671189,0.0031137765884513,0.0125420362303113,0.00138451483800615,0.00714314599002494,1.36067264255649,0.0906654307138242,0.000215223748386663,0,8.51265514139841e-05,0.00242564897206947,0.115372050071064,0.171960786316597,0.00317047632705676,0.000488047094023869,0.118769340358154,0.000276075915691674,0.0013895468825069,0,0.000323314163754577,0.234084508295082,0.218082940320742,0.0995262835992215,0.00492737359784746,0.293721429530219,0.280892046752778,0.00492207082236993,0.000167793095492984,0.000296499179232626,0.0722641273634143,0.00206286179060428,1.02552515514333,0.0172557688949004,0.141673726208228,3.23506768206009e-05,0.00372241096537348,0.0232850643444854,0.190907850920406,0.0843378522365899,0.256737224868462,0.405277084562527,0.00298814816180347,0.00947039258899474,0.42150839119055,0.0414228819978747,0.00212583233402531,0.369132384653346,9.05555581883837e-05,0.15516950204965,1.36241559333461,0.247488245619412,0.173267724710542,0.110501826176628
185,Hepatitis,1.93424419449939,0.000871094313987324,0.190147740852183,0.419164824406455,1.33613826764134e-05,0.242908064359555,0.0368855955139796,0.1333877720431,0.0910044181728938,0.0101481252260166,0.000125707097276632,0.0079514176413911,2.36927718618903,0.000285975441792751,0.00933067297422473,0.0638515148787219,7.7091625412633e-05,0.0982145212884931,0.00707462429551958,0.00902570707554023,0.00385480279674866,0.00791435846589524,2.39001321169749,0.0103120369527382,0.0668751965270837,0.382325085643033,0.169691586536722,0.00222708511306604,0.367238737757236,0.0660207573604102,0.312740193082798,0.0795790610997922,0.492901068476224,0.0378430229964766,2.58234826064318,0.132955646531326,0.0109378585060131,0.0269620821009678,0.0137861605479301,0.129832899793054,0.0292539051057127,0.102696825540658,0.00463204789828526,0.134333787094099,0.0511605159660416,0.252088142754822,0.0295729070511705,0.0190384490449007,0.00583060175204163,0.0930591793066669,2.04323311348462,0.00208163010171972,0.000827151334233524,0.0792495776675669,0.0104964171046844,0.014669295140144,3.11702638056034,0.00105412517631869,0.00223215987343832,0.425148538745094,0.00311513405741291,0.00337137798008173,0.387864882802343,0.656624209917654,0.136696288852927,0.150362175886625,1.07571806533435e-05,0.00957156917148439,0.231213495319019,0.0284300136287321,0.00551363106782161,0.0418106312327804,0.0110460893747514,0.10357207655614,0.000117836239984418,24.959999517762,3.77210576070104,0.366961231035937,0.15337402700724,0.0150399820222135,0.0595079120930985,2.08138676816744,0.00180369375075008,2.29430415199809,0.0100579651132099,0.0146395906539371,0.483535586178614,0.00336691430167505,0.000870685876728228,0.00798182375874325,0.0483847980293976,0.0594073403529602,0.0140980669940995,0.0489347145591523,0.0452172066084709,0.0444537624743601,0.0271822770230852,0.00328081962776718,0.226773019921155,0.355874213642896,0.241092998493342,0.000453818948915421,0.0680056189707516,0.00288092001364353,0.0458878997609568,0.0238750539596078,1.11991046417169,0.000167067252254717,0.00596128451435166,2.9308890795269e-05,0.23459139183286,0.459641503251655,0.206992513491301,0.0108703973269959,0.427680050522521,0.0377035699452156,0.049146825287889,0.013012425178084,0.395030163794765,3.5195264846229,0.00713184180083054,0.00699178291259072,0.00722154279327927,0.0219053973335761,8.50337196472957,0.0124403741131515,0.0457729202024615,0.00688677458307812,0.234356439384428,1.77905992634222,0.149353083789149,0.108635099647449,0.0463977129216149,0.00506325464699719,0.625968674152275,0.0118058013993136,0.223224235891805,0.0214515062102792,0.212080493099124,6.11356901963467e-05,0.000475385534248945,0.00020637043353996,0.000428162626083155,0.061604059965973,0.0453718153139193,0.0409911401798415,0.000671214900029488,0.0883539900539141,0.00679924126912859,0.0168467795149877,0.00512212124295139,0.00401352964953476,2.17238864232337,0.22889823803977,0.271383187947252,0.464388029304915,0.0219302757535011,1.11668777616854,0.000399598406165769,0.0241445150100476,0.0245405791125281,0.0278543040796662,0.0939371609852963,0.252447407420986,0.00231065214877018,0.0236627460791591,0.00274780756283047,0.00123222226670703,0.0497685050024362,0.161264046451509,0.0595457412893353,0.618339009692694,0.028882675474249,0.0285805738739088,0.190420648719826,0.52833323239294,4.55541476661563,0.0168731156581862,0.0810024075855812,0.000860143132612592,0.0206191341071059,0.321718285308175,0.834439397448408,0.225564074281796,0.305670041266989
186,Acute hepatitis A,0.697837193947978,0.000120803659340265,0.0177474304772831,0.0650025844834987,1.33613826764134e-05,0.155630316342665,0.00164797123635217,0.00495325307800211,0.00821320402717831,0.00101776155034099,3.27419098832939e-05,0.000530197043834384,1.27481733796835,5.96425738307903e-05,0.00234957449686298,0.0109350666216176,2.16251112546259e-05,0.0252716905446445,0.00256037670830639,0.00559550714894303,0.000188844217395078,0.00141230680692917,0.632643859508697,0.000815220486859029,0.00695592394203461,0.0691453129390497,0.0460834769968541,0.0001809734905331,0.14293099084417,0.0221496520747427,0.025339703062266,0.023380321139832,0.1200328168284,0.00389608913071718,0.0194976069387319,0.0469171596849583,0.00274292897373495,0.00466064137796326,0.00370851910507641,0.0344888230895968,0.000202630812997578,0.00223289370293206,0.0032820387022543,0.101763606129698,0.00621846649423804,0.0819223707582613,0.0113878572017938,0.00442211118716343,0.00109943406659292,0.0752419638382228,0.234600241528748,0.000412586136782033,0.000225700916739342,0.021794955111885,0.00318317028060961,0.00314371229863376,0.887590343696554,0.000267195133852434,0.00122288003506128,0.0797446743704189,0.000495273868793376,0.00123516505005831,0.000368976886465127,0.103549731650488,0.0630070069574388,0.0917250497186157,7.97423345204158e-06,0.00618587683022472,0.0502318164931454,0.00728894507295969,0.000453716783107791,0.0268477074157955,0.00506731061282195,0.00310092046354581,0.000115122500086565,11.9795541487382,1.5177040889394,0.0261373453092827,0.050755969661777,0.00376720442011536,0.0109668321359758,0.16479016619893,0.000490856426023828,0.0371466404998544,0.00229736817084393,0.00068845610395944,0.161403996127784,0.00170609023785717,0.000121424979638243,0.00276442953416966,0.0162050204250202,0.0136877803893905,0.00510788293072297,0.0112995466892483,0.012531513605654,0.00358203425504862,0.00619750705453354,6.63899791000491e-05,0.0701637475561756,0.0700786524248569,0.00538173936198949,7.73809885705686e-05,0.0233884141888273,0.00177925228823851,0.00885184389869866,0.00132724460174494,0.425322741763284,2.23219399966367e-05,0.00115783588505628,3.70922219801791e-06,0.0381682140121262,0.107773453254001,0.0978693238965876,0.00249556450752454,0.224771838516683,0.00622661176377743,0.000109475240221446,0.00806739769369207,0.10301753359308,0.606494675640639,0.00052907542134765,0.000653482686587458,0.00152789448034194,0.018580492664786,3.8399465444328,0.00678222773593732,0.0220754444755514,0.00262339904918294,0.144480979565782,0.37446884621421,0.00977567101648513,0.00902733941179877,0.00351084202198852,0.000636657167998079,0.0743264826738022,0.00252492168286261,0.0501932769334909,0.00265851987216864,0.0680771453158683,3.7156564744528e-06,3.40238078459601e-05,3.95202603659042e-05,8.07618038812083e-05,0.00957588695632195,0.0118801838628184,0.00712393470227691,0.000172335480004355,0.0258105635351698,0.000699376035174666,0.00628909383636812,0.000741508733946375,0.00130415018311618,0.374331145567847,0.0371301661218506,0.0739495829311754,0.0141755694429659,0.00360779073922097,0.445616705838017,3.94448760392012e-05,0.000918696665443056,0.010193651185328,0.017158486910817,0.00930771363591649,0.0332138518048224,0.00104576098810839,0.0083500482632712,0.000763664703672621,0.000265464437447309,0.00472450372757895,0.0226715798634013,0.00960072183527892,0.159489148615134,0.000847814460196172,0.00487888631933295,0.00963410903438183,0.159665342331424,0.922795636203213,0.00376964720480711,0.0203711008628621,0.000366188873646626,0.0115013722736419,0.0961118606640298,0.279884737900626,0.0520287213496353,0.0938709445714287
190,Acute hepatitis B,1.17430187109112,0.000630533756163672,0.166765517288632,0.319602337130084,0,0.0328368239743456,0.00513483171833413,0.0335516604024925,0.00367324356144347,0.00839164447416333,8.3004131430539e-05,0.00714941379228992,0.808722228431806,0.000191994155425411,0.00573463957172755,0.0202869395396246,4.30282544310701e-05,0.0639107469132649,0.00319594886734035,0.00250349517159912,0.00363660304316606,0.00588270247560722,0.655516354101372,0.00476384406867321,0.0343216109775436,0.278866388456867,0.0856685323361997,0.00193437040571252,0.152639739452815,0.0358263183484566,0.0637088698716775,0.0464390756014647,0.331274950741889,0.0238488830927751,2.35345814145094,0.0562697374069083,0.00681353147993228,0.0207648309960314,0.00720171541583028,0.0825202685240885,0.00390834722378417,0.0415651366185686,2.0182418068717e-06,0.011417628073032,0.0389493916797882,0.132487247909187,1.23010112279696e-05,0.0122915427132345,0.00278254889603805,0.01545914656828,1.76591049678078,0.00136448716487866,0.000474694384680966,0.0466538748788798,0.000975361097705515,0.010677442436075,1.72468122337687,0.000592234084134262,0.000845734617616951,0.138945820058995,0.00234918131555127,0.00159860506202549,0.0592800452943917,0.0785565415383548,0.0489047336645686,0.0289060297213024,2.6341475004719e-06,0.0023266511664692,0.162377722109128,0.0190210706359084,0.00369791660208658,0.0113699983497547,0.00392435708007677,0.0336743466810303,3.80709572374881e-07,9.75077247634384,1.57234902243211,0.335992770974787,0.0950504875288741,0.00372979814953569,0.0135170972584618,0.295191893267197,0.00112663031108066,0.55486881698089,0.00615721359898566,0.0127913691374722,0.254967082180858,0.00142510826477516,0.00042362283264007,0.00489092768233714,0.0247242663722954,0.000776504606172083,0.00702070024374959,0.0346975044794271,0.0290785575280659,0.0395590779802901,0.0054891832197331,0.000219820510751432,0.132509525833159,0.256535897869102,0.231106190507256,0.000298274943571599,0.0323573211906293,0.000848403118178383,0.0350539507163524,0.00249901074971139,0.222588782919672,9.8337837835959e-05,0.00467657903781964,2.08346998817055e-05,0.188154646866976,0.305717292196383,0.0643563516862834,0.00761020725677078,0.118166667880086,0.004343246807405,0.0125741033143787,0.00348754372005915,0.250368868136484,2.63954169237657,0.00649455502590114,0.00189084429351761,0.00492714456634941,0.0027102073575229,2.97375431734189,0.00428698731636175,0.0158978111136639,0.00423598436551962,0.0540062539247797,1.30705048889333,0.0458499606722407,0.0265203181024416,0.00485054107743062,0.00373354988120516,0.440080070605527,0.00741551481137607,0.0416616956774527,0.0170213284882559,0.119281520377963,4.87590890433362e-05,0.000420306745119009,0.000132533807461538,0.00031034723151175,0.0460710058461536,0.028734824698971,0.0337787681377492,0.000364245757093645,0.0545432225358047,0.00563211354681375,0.00511369819175943,0.00433159608597346,0.00208367230847084,1.48163507804257,0.176757855064671,0.161806793558977,0.0683024002855729,0.014763001989573,0.626570378637709,0.000312446253075811,0.0038458329953998,0.0073297144075884,0.00857138494951101,0.0822571882375379,0.196492032530341,0.000836314187968789,0.0124565607277042,0.0014989194787471,0.000878333137393369,0.0437768349238899,0.122601689353135,0.0450385106190632,0.390092349851402,0.0234760523209824,0.0206568346101507,0.0321454142986546,0.30141890672413,0.603936114477767,0.00576250752396759,0.0590751070310872,0.00035646924735842,0.00634324866327509,0.175976059973888,0.52332900481339,0.15867528818819,0.0824064081980659
200,Acute hepatitis C,0.0333564538758282,2.40731074350979e-05,0.00229500642785761,0.0257483194379418,0,0.0509295687873789,0.0300730113649561,0.0930770292219672,0.0741925044035736,9.05196585196638e-05,3.41543179413007e-06,2.47408436473603e-05,0.188835024892895,1.35722930892844e-05,0.000547273644745523,0.028031446866427,5.44940340511017e-06,0.0058180458123362,0.000959155367579807,0.0007611266746127,2.80166717021204e-05,0.000315401760576919,1.06920446131392,0.00467157389897658,0.0235299829180552,0.0239327190839286,0.0318324400627703,7.46292620689643e-05,0.055114895372539,0.00422602118897474,0.221900950689941,0.00773790982653792,0.0292159090203467,0.00721220684382116,0.0717659402824201,0.0280622694894346,0.000761033167086558,0.00107109257874202,0.00093766575631802,0.00760586879515539,0.0250741183793108,0.0566846948127962,0.00134764641944369,0.0201623570339251,0.00402336326089736,0.0265551060819577,0.0181620414146372,0.00137515370332749,0.00145620069575237,0.0012467458718202,0.0161976624098963,0.000209506306608141,6.49408667803402e-05,0.00692929072765751,0.00629368985496986,0.000462917986689793,0.307726772893958,8.73983034544162e-05,9.93537739557725e-09,0.173594253360051,0.000164074436510539,0.000299136728700104,0.325241995318112,0.354669461895779,0.00884052100570526,0.0244121173355702,5.43644273458548e-09,0.000716956610080377,0.0123656223828547,0.00137585802376826,0.000671879728217811,0.00283899818710631,0.00166056593613543,0.0632909674176831,2.66137375589477e-09,1.96480047182682,0.360884930476316,0.00132110901516793,0.00103998445387885,0.00316970562198092,0.0323564653907115,1.61741875769052,0.000126414244053217,1.68101547376458,0.00104267280116985,0.000725049853904674,0.0390155426362667,0.00016466502705969,0.000292343613781361,0.000204401829956622,0.00534847968520314,0.0445612815353768,0.00115875501062108,0.00181383062553361,0.00220444080702864,0.000454819502691919,0.0148671297809601,0.00266877448357311,0.0136979612840818,0.0226748330622235,0.00332519765638953,4.48318419338384e-05,0.00848354549416652,0,0.00122964907611796,0.0186682180559654,0.459229610327715,3.11951346576848e-05,8.52975590182969e-05,3.38714957437912e-06,0.00467885769679096,0.0356408442525256,0.0313043134204094,0.000394321306575753,0.0694282519150905,0.0163003216064671,0.0326166897307585,0.00104706808446701,0.0297020276370234,0.168894489052384,4.31073274620285e-07,0.00419008309462169,0.000422822165429505,0.000279580176359323,1.35392715183461,0.00121710136811962,0.00485213561253858,3.56795027641116e-06,0.0323211180886674,0.000164703880844403,0.0930502581287193,0.0710895814130428,0.036779396686316,0.000390367279645816,0.102196129473373,0.00171389591139058,0.130993051720753,0.00101421730430455,0.0184974268032237,2.10202938612984e-06,6.1846745570693e-11,2.08986669198063e-05,2.43158000801007e-05,0.00497631134416612,0.00317222661596193,3.62887850437184e-07,5.70379075872285e-05,0.00516758346214916,4.65548693222136e-08,0.00537958410196568,2.34396919329747e-08,0.000450177173048952,0.252004282734634,0.00857575193203817,0.0244209887047974,0.287756463114058,0.00161414800260295,0.00953376233495481,2.73168039009966e-05,0.0190503447325217,0.00558229091617111,0.00114222935666417,0.00232191552754877,0.0112282818788784,0.000279668676752943,0.00163505469322482,0.000291952574249126,6.79909448807545e-05,0.000493151274245842,0.0110216190610111,0.00410135830572735,0.0382872960062119,0.00380106871074446,0.00165899030673069,0.130616959620076,0.0401094469725008,2.96007781821507,0.00673861875059877,0.0013799307964869,9.57042620263541e-05,0.00249465927924154,0.0288554461196979,0.00901441335720686,0.00997639695839157,0.0604475675936439
205,Acute hepatitis E,0.0287486755844629,9.56837910482897e-05,0.00333978665841008,0.00881158335493031,0,0.00351135525516576,2.97811943371724e-05,0.00180582934063846,0.00492546618069841,0.000648199542992587,6.54562416866941e-06,0.000247065961619435,0.096902594895982,2.0766419447265e-05,0.000699185260888681,0.00459806185105261,6.98885632182684e-06,0.00321403801824749,0.000359143352293028,0.000165578080385382,1.33886448539635e-06,0.000303947422781937,0.0326485367735047,6.13984982293575e-05,0.00206767868945029,0.0103806651631879,0.0061071371408974,3.71119547514496e-05,0.0165531120877125,0.00381876574823626,0.0017906694589143,0.00202175453195753,0.0123773918855881,0.00288584392916315,0.137626571971089,0.00170647995002495,0.000620364885259336,0.000465517148231115,0.00193826027070537,0.00521793938421314,6.8808689620138e-05,0.00221410040636101,3.44534780407676e-07,0.000990195857443987,0.00196929453111803,0.0111234180054161,1.07074235115964e-05,0.000949641441175309,0.000492418093658293,0.00111132302834386,0.0265247127651935,9.50504934508893e-05,6.18151660328759e-05,0.00387145694914463,4.41958713994528e-05,0.000385222418745489,0.197028040592957,0.000107297654877582,0.000163535285382693,0.0328637909556286,0.000106604436557722,0.000238471139297832,0.00297386530337442,0.119848474833032,0.0159440272252148,0.0053189791111369,1.43363258095408e-07,0.000342084564710082,0.00623833433389051,0.000744139896095701,0.00069011795440942,0.000753927280123905,0.00039385574571726,0.00350584199388036,2.33036895172252e-06,1.26487242085311,0.321167718853212,0.00351000573669924,0.0065275853627106,0.00437327383058151,0.0026675173079493,0.00398595101079391,5.97927695923725e-05,0.021273220752775,0.00056071054221047,0.000434715558600806,0.0281489652337046,7.10507719830389e-05,3.32944506685533e-05,0.000122064712279829,0.00210703154687887,0.000381773822020841,0.000810728809005879,0.00112383276494324,0.00140269466772239,0.000857830736329451,0.000628456967858524,0.000325834654342593,0.0104017852477388,0.00658483028671338,0.0012798709677061,3.33311748394149e-05,0.00377633809712847,0.000253264607226641,0.000752456069787792,0.00138058055218601,0.0127693291610149,1.52123397644362e-05,4.15720324574423e-05,1.37781914116645e-06,0.00358967325696706,0.010509913548746,0.0134625244880205,0.000370304256124786,0.0153132922106615,0.0108333897675661,0.0038465570025303,0.000410415679865718,0.011941734428178,0.104595627553306,0.00010778028030713,0.000257372837863964,0.00034368158115842,0.000335117134907826,0.335743951120271,0.000154057692732818,0.00294752900070763,2.38232180991492e-05,0.0035480878051993,0.0973758873538346,0.000677193971704123,0.00199786072016558,0.00125693313587978,0.000302680318148136,0.00936599139957209,0.000151468993684378,0.000376211560108451,0.00075744054555008,0.00622440060206831,6.55891529242787e-06,2.105491943723e-05,1.34176987927116e-05,1.27377906100964e-05,0.000980855819331388,0.00158458013616793,8.80744519649709e-05,7.75957553442601e-05,0.00283262052079049,0.00046770513227085,6.44033848944434e-05,4.89929833396203e-05,0.000175529984898792,0.06441813597831,0.00643446492121095,0.0112058227523023,0.0941535964623191,0.00194533502210415,0.0349669293578604,2.03904731497598e-05,0.000329640616682995,0.0014349226034406,0.000982202862673974,5.03435842932062e-05,0.011513241206944,0.000148908295940058,0.00122108239495889,0.000193270806161619,2.04337469856006e-05,0.000774015076721579,0.00496915817396094,0.000805150529265863,0.0304702152199456,0.000757739982325994,0.00138586263769454,0.0180241657667133,0.0271395363648851,0.0686051977195756,0.000602342178812752,0.000176268895144908,4.17807495811912e-05,0.000279853890947396,0.0207749185505587,0.0222112413771859,0.00488366778557882,0.0689451209038504
210,Parasitic and vector diseases,0.615036245264715,0.00181425629046892,0.0658728741901398,21.2039019347382,5.38972845125561e-10,1.23548280420142,0.000984789666119995,0.00076440948520482,0.0125300849162262,0.0148203607158383,2.03587523408122e-05,3.84411251557864e-05,1.2296366452787,0.000287135335034015,0.00738991509504809,0.000396179673247319,4.81499816943029e-05,11.5710393225426,0.00599949347953521,0.504955313468217,0.00793257753317264,0.0210305729393032,6.26678453975871,1.4764924925094e-09,0.0740982849137963,16.876768615114,8.40279482477522,0.00434756347518898,0.224236770582606,13.7945505920779,0.00291584583475134,5.57099387644867,15.6914634384866,0.160189742117128,17.6326518483676,0.32024662533891,0.0423464574509658,2.41818115707818,0.00292309286201316,14.6456444251684,6.0074852429373e-05,0.0210696463872688,4.90723828892524e-05,0.00502723893606556,0.0208008626068567,77.7199375840073,9.28922768861043e-08,0.148557072189368,0.0360556963711363,0.0775339029450941,0.264749934509211,0.021328251177053,0.893212152620427,0.403802988770743,0.00181859421856298,0.0217521398306584,14.2318103016269,0.00637350646245116,0,0.0321798502118402,0.590836029745665,0.68855969680751,0.00952415145873486,0.198088834821966,11.942753425534,0.00235151555701759,1.38749368538157e-08,0.28820504819997,11.6408689433955,1.03077435232149,0.0297571464786405,0.338225604732155,0.0385093757969399,0.00937443532676254,0,29.2457449319903,8.65245954291637,0.0259624368746635,0.10132986521621,0,0.00104768705265867,0.00505482984329424,0.00196017332468217,0.00927021596328586,0.00241927221765796,0.0139689573692794,12.790728681976,0.000104764568028975,1.51925541038237e-06,0.0314841002027369,0.223559214383751,0.00184379673756788,0.0075192133364302,0.0222042078959496,4.24799949850813,0.0220449414255425,0.0470498766922418,2.7004e-08,13.8912741103437,8.060437999186,0.260817092967453,0.000933997640928535,20.7628507908075,0,0.898615256987019,5.29200859583582e-05,0.159566444557724,1.57699420927562e-05,0.000238350702794583,0.000392930520357973,0.096094834386121,23.3192643549733,1.38514509842998,0.036183163900131,0.513283182536487,0,0,0.00478232833724478,32.3417696492345,195.321563887339,8.56238595870946e-05,0,0.00151361664924356,0.0116633650010324,2.75701812476891,0.024483396575481,2.62852850468887,0.0408495536949262,0.449495122715621,3.12638642018833,0.0108069396695641,0.000864657816849829,0.000383302607216319,3.27441454625108e-05,0.0912070635452363,0.00767838913077851,0.675156900921857,0.0969116303798395,3.57946597477484,7.95386109380421e-05,4.67219547315665e-09,0.000163378465486421,0.00152079859520644,0.0180684283159858,2.62157119393034,0.00851021769742639,8.62787164097807e-05,8.58666078029065,1.66545165937819e-07,3.75667805418564e-05,0.0028434387632949,0.142581333879936,3.93641423803082,0.51064718654028,8.11804469951227,0.0122883165966109,0.149355514058223,10.6837094483923,0.00413816151768456,0.0011627322816679,0.0179682554804278,0.0450307561249827,0.0379788323046182,0.223149564903257,0.0241973064797124,3.8972474296785,0.000948600741859824,0.014013664049191,0.0268189094244201,0.186019467984175,0.0170193043426815,19.1141595563384,0.0559362214123025,0.000307911994105225,0.00203592924871378,27.2334793783912,0.0897385056329801,0.0111558187362662,0.0900142723883137,2.98004675198051e-05,1.39162990128548,0.600223187122127,3.16008868543308,9.32614352830205,1.331171918132
220,Malaria,0.0944733587079412,0,0,19.4728744619844,0,0,0,0,0,0,0,0,0.0443043448206074,0,0,0,0,11.0925532469572,0,0.004048106646,0,0.00360504185,0.0671681660624103,0,0,15.9526268692957,7.35340304864227,2.05074e-07,0.0101982481378789,12.6583694574872,0,5.01749139220823,14.119248611676,0,0,0.0214671721751164,0.0259841123049193,2.24706724548782,0,12.108088728578,0,0,0,0,6.2572835e-05,73.2195782447741,0,0.118573413517889,0.001000630119,0,0,0,0.845846503073075,0.195581480366485,0,0.004015986718,8.17541126887479,0,0,0,0.485170785614113,0.64512911274436,0,0,11.3801440092378,0,0,0,10.5402170687377,0.959230294699537,0.0272157806661887,0.0779146905392085,6.9903216e-05,0,0,8.36965286178385,1.42390537257844,0,0,0,0,0,0,0,0,0,11.7379845787451,0,0,0,0.00601601748666747,0,0,0,4.09890856819919,0,0,0,13.1817327535292,7.47782145660731,0,0,19.8204294957119,0,0.821118374882741,0,0,0,0,0,0,22.3912535381138,0.229661725164113,0.0160124314286794,0.001037933982,0,0,0.00022656648,30.2291769661074,183.933079945126,0,0,0,0,0.477267679189763,0,2.47111358277545,0,0.0170819290517877,0.0210073562678788,0,0,0,0,0,0,0,0,3.35094254700184,0,0,0,0.001041389431,0,2.27421575429479,0,0,8.18091300185769,0,0,0,0.141701785845894,2.49033688437915,0.0575644921083182,6.67549169918043,0,0,8.11645613106631,0,0,0,0,0,0,0,3.57207230252505,0,0,0,0,0,17.6886730748648,0,0,0,25.762235603338,0,0,0,0,0.155289140485789,0,2.8384769703854,8.80826980055331,0.878386926621794
230,Trypanosomiasis,0,0,0,0.083728847071798,0,0,0,0,0,0,0,0,0,0,0,0,0,0,0,0,0,0,0.00205857326738738,0,0,0,0,0,0,0.0426653578118803,0,0.0241217465675796,0.00133037562701004,0,0,0,0,0.0594924794182092,0,0.00272984572756431,0,0,0,0,0,0.130809560263332,0,0,0,0,0,0,0.00574981624604302,0,0,0,0,0,0,0,0.0721548358608715,0,0,0,0,0,0,0,0.295331061413673,0,0,0,0,0,0,0,0,0,0,0,0,0,0,0,0,0,0,0,0,0,0,0,0,0,0,0,0,0,0,0.296140730602578,0,0,0,0,0,0,0,0,0,0,0,0,0,0,0,0,0,0,0,0,0,0,0,0,0,0,0,0,0,0,0,0,0,0,0,0,0,0,0,0,0,0,0,0,0,0,0,0,0,0,0,0,0,0,0.0432718648963644,0,0,0,0,0,0,0,0,0,0,0,0,0,0,0,0,0.00137028323763627,0,0,0,0,0,0,0,0,0,0,0,0.0513095369123873,0
240,Chagas disease,0,0,0,0,0,0.307969496408183,0,0,0,0,0,0,0,0,0,0,3.69442104125198e-05,0,0,0.437705992845912,0,0,4.54830537775548,0,0,0,0,0,0,0,0,0,0,0.078557613491767,0,0.198889751914542,0,0,0.000461638621438215,0,0,0.000885188341570249,0,0,0,0,0,0,0,0.0048120894675869,0,0.0135891978757458,0,0,0,0,0,0,0,0,0,0,0.00120248891658059,0,0,0,0,0.00898673425445888,0,0,2.36451601199823e-08,0,0.00623342832515966,0,0,0,0,0,0,0,0,0,0,0,0,0,0,0,0,0,0,0,0,0,0,0,0,0,0,0,0,0,0,0,0,0,0.0223726011760217,0,0,0,0,0,0,0,0,0,0,0.00170483961678217,0,0,0,0,0,0,0,0.00399769516046729,0,0.014304020708911,0.00119987405095825,0,0,0,0,0,0,0,0,0,0,0,0,0,0,0,0,0,0,0,0,0,0,0,0,0,0,0.00310948536032267,0,0,6.84194132158213e-06,0,0,0,0,0,0,0,0,0,0,0,0,0,0,0,0.000368858205653641,0,0.00730698278431744,0.0024193929846418,0,0,1.06042834849422,0,0,0,0
250,Schistosomiasis,0,0,0.0213880930148497,0.34976941326459,0,0,0,0,0,0,0,0,0,0,0,0,0,0.214517014340004,0,0,0,0.0150156961737902,0.440883383876548,0,0,0.385820920860054,0.241134247277334,0,0.0207364561453051,0.354524184927304,0,0.20953748017034,0.192871477563823,0,0.513227777116077,0,0,0.0535668575821513,0,0.291069258122511,0,0,0,0,0,1.70923863560388,0,0.00204921720788302,0.0271559722210764,0,0.220002553084459,0,0.00445927080208225,0.0797670230586067,0,0.0123974160346639,1.04234971360838,0,0,0,0.0145854606382253,0.016025041488357,0,0,0.3277604129099,0,0,0,0.194689267621008,0.0333711206487308,0,0,0,0,0,0,0.010761442242622,0.00260871129399683,0.0341819116216167,0,0,0.000382907375735899,0,0,0.00205795211831232,0,0.286683110127631,0,0,0,0.0110210406266837,0,0.00156172467671806,0,0.0506681667452113,0.0104034257466702,0,0,0.332077311627305,0.187797020654117,0,0,0.313965183802359,0,0.0131781446638155,4.16695598911907e-06,0,0,0,0,0.0534241905211515,0.519141445058165,0,0.0172819096113857,0,0,0,0,0.310548779909854,1.59167621398639,0,0,0,0.00132143718282542,0,0,0,0,0,0.515644439094062,0,0,0,0,0,0,0,0,0.144325359038291,2.70672937918867e-05,0,0,5.59585244671953e-05,0.0113145565325084,0.19202014216885,0,0,0.103902575278691,0,0,0,0,0.525750136663367,0.151541992925389,0.0998497717774023,0,0,0.0779069479830959,0.00227753119308602,0.0011627322816679,0,0.0121706364080377,0,0,0,0.125282871302013,0,0,0.00672008037611043,0.0185561646437614,0,0.453901445461623,0,0,0.000376745780117567,0.580796928475035,0,0,0,0,0.0512409123959929,0,0.135675326736856,0.166579311044065,0.237077428753444
260,Leishmaniasis,0.00460245356867118,0.00180936121677978,0.00439964933602015,0.157476292931494,0,0.00126921964010261,0.000352721314025711,0,0.00046067443379058,0.00340122733758089,0,0,0.0426041441699176,0,0,0,0,0,0.000831612039353078,0.00396302106763203,0.000143527652562567,0,0.334666862443732,0,0.00112756157866296,0,0,0,0,0.0357920794161683,0,0.0804957064009842,0.0836450327083391,0,0.145641006687274,0.00697734508034424,0,0,2.77648843829197e-05,0.00452803174612342,6.0074852429373e-05,0,4.90723828892524e-05,0,0,0.879589732393278,0,0.0191620708558128,0,0.00514234159093083,0.0107344031436847,0.000390580340717721,0,0.0209726613594743,0.00103597896556298,0,0.441319162361454,0,0,0.00156476743651663,0,0.00304325237363281,0.00155724442847328,0,0,0.00235150955919751,0,0.000611736879662894,0,0,0.000327772134563571,0,0.000835070160498437,0,0,1.08092917379928,0,0.0071516496803816,0.0240932707396905,0,0.00104768705265867,0.00457970994922781,0,0,0.000134125782404038,0.00118647790313096,0.129621436347301,0,0,0.00349639081474386,0,0,0.000349875277444632,0,0,0.00292652829741523,0,0,0,0,0,0,0,0,0.00327290855812616,0,0.000181010043526712,0,0,0.000392930520357973,0.00938718375019911,0,0,0,0.0377722425003842,0,0,0.000142707631467952,0.276634083887535,0.0204274399515811,7.71188791770944e-05,0,0.00136197712553683,0.000111681147076066,0.00931002644604613,0,0,0.00907874779877937,0.00913013192178285,0,0,0.000864657816849829,0,0,0,0,3.395735088229e-05,0,0,0,0,0,0,0.000411430593842559,0.0258458106240271,2.58692967949408e-05,0,0,0,0,1.47392595113118e-05,0,0.220398504583995,0,0.831173012297573,0.00895074896641277,0.000364309491824304,0.647792899466134,0.000184396469941764,0,0,0.00390818698429567,0.00337646076156969,0.00177070647320119,0,0,0,0,0.00214537370488292,0.00244570672205695,0.00447020480825807,0.0204037996658974,0,0,0.000322622902594225,0,0,0.000776303637428002,0.00350659161565255,0,0.00782696603216097,0,0.0209982641280804,0.066523285301406,0
270,lymphatic filariasis,0,0,0,0,0,0,0,0,0,0,0,0,0,0,0,0.000396179673247319,0,0,0,0,0,0,0,0,0,0,0,0,0,0,0,0,0,0,0,0,0,0,0,0,0,0,0,0,0,0,0,0,0,0,0,0,0,0,0,0,0,0,0,0,0,0,0,0.00107405643667516,0,0,0,0,0,0,0,0,0,0,0,0,0,0,0,0,0,0,0,0,0,0,0,0,0,0,0,0,0,0,0,0,0,0,0,0,0,0,0,0,0,0,0,0,0,0,0,0,0,0,0,0,0,0,0,0,0,0,0,0,0,0,0,0,0,0,0,0,0,0,0,0,0,0,0,0,0,0,0,0,0,0,0,0,0,0,0,0,0,0,0,0,0,0,0,0,0,0,0,0,0,0,0,0,0,0,0,0,0,0,0,0,0,0,0,0,0,0,0,0,0
280,Onchocerciasis,0,0,0,0,0,0,0,0,0,0,0,0,0,0,0,0,0,0,0,0,0,0,0,0,0,0,0,0,0,0,0,0,0,0,0,0,0,0,0,0,0,0,0,0,0,0,0,0,0,0,0,0,0,0,0,0,0,0,0,0,0,0,0,0,0,0,0,0,0,0,0,0,0,0,0,0,0,0,0,0,0,0,0,0,0,0,0,0,0,0,0,0,0,0,0,0,0,0,0,0,0,0,0,0,0,0,0,0,0,0,0,0,0,0,0,0,0,0,0,0,0,0,0,0,0,0,0,0,0,0,0,0,0,0,0,0,0,0,0,0,0,0,0,0,0,0,0,0,0,0,0,0,0,0,0,0,0,0,0,0,0,0,0,0,0,0,0,0,0,0,0,0,0,0,0,0,0,0,0,0,0,0,0,0,0
285,Cysticercosis,1.35968147591798e-05,0,0,0.529556334316607,0,0,0,0,0,0,5.09517446882592e-09,0,0.00437284585466593,0,4.99097918850342e-05,0,1.97542928969628e-07,0.0245478419054049,8.18468902967841e-05,0.0490305682534956,8.55846813554377e-05,0.0015396205449525,0.703855546418802,0,0,0.0270010552705793,0.0779679388244107,0.000483497977735734,0.00257203363980841,0.153234375223664,0,0.155052999172251,0.137938918012661,0.00815091148230346,0.502460599133621,0.0662605750712314,0.00111151772303838,0.0261014608637144,0.00240809740328849,0.30744744177064,0,0,0,0,0.000671049369012119,1.09037017016837,0,0,0.00316849921058437,0.0231396988140631,0,0.00330196291272953,0.027749810029887,0,0.000116262104,0.00344658990287884,0.428589624247335,0.00054708279625403,0,0,0.00620140843485352,0.000433757430570519,0,0,0.0134434288655148,0,0,0.202429262391229,0.0350086760594627,0.00570080788675376,0,0.250197824499529,0.00340260424057267,0.000763055718132173,0,0.0450392812804225,0.00282892562590715,0,0,0,0,0,0,0,0,0,0.100730612893594,0,0,0,0.00956448118352017,0.000181016714440884,0,0.0131401713568366,0.0137979684226415,0,0.0103127458275159,0,0.184518374581516,0.0154254966503121,0.00164780428318023,0,0.0196754160626808,0,0,2.80909594009201e-05,0.13095061454143,0,2.9935836401318e-05,0,0,0.0601412332062817,0.00809354189761248,0.00158640053936565,0.00195913312750949,0,0,0.00254207441166726,0.0335372271514841,0.341498540884897,5.66528551572878e-08,0,0,0,0,0.0140355674097137,0.0599827294079501,0.00254043451470831,0.0584564401381105,0.00805844128502913,0.000937095094175705,0,0.000292391297,0,0.0285247824942746,0.000503160007695312,0.028687014528529,0.00489060154801609,0.00531242308187317,0,0,0,2.00436296242608e-06,0,0.00210740414348939,0.000524579972865431,0,0.0141431055358824,0,4.4502285322411e-06,0,0,0,0.200465361241333,0.152836673469252,4.89982849014424e-06,0,0,0,0,0,0,0,0.00187120500189196,0.000469532689301376,0.0371429242843344,0,0,0,0,0,0.153361925875258,0.00503006952868856,0,0,0.0513830096900563,0,0,0,0,0.0412244046744169,0.0108256421950109,0,0.0938068014889529,0.112531824664261
295,Echinococcosis,0.445936175146142,4.61839064162544e-06,0.0380479105031959,0.0911162360281504,0,0.417522309513942,0.000299487474644754,0.00069940015725573,0.0110784325179022,0.00112848345650322,3.53585509422296e-09,0,0.206266018678211,5.71859283650117e-08,0.000549952287150893,0,6.38390519207473e-09,0.0156733622488602,0.000386876163950901,0.00154432928300189,0.00623311609593035,0.000195570505769258,0.124080230143301,0,0.0716399378294713,0.0432793249025233,0.0174628634487736,0.000686448408282388,0.00664264230896855,0.0158469768200581,0.0027422341158295,0.0338374520488013,0.0769640186417239,0.0728965154276613,3.8365241006449,0.000906298754434282,0.00232331193746843,0.00121181650317883,1.79515798736605e-05,0.170982805220039,0,0.0164530735952298,0,0.00477620677245228,0.00180924804087831,0.189945795981835,0,0.000410708478675268,5.98792763316483e-05,6.65284602895323e-05,0.0119118384865264,0.000137741271110044,0.000988314416176546,0.0172461292176943,0.000519010673,0.00043048997331444,0.907650700912853,0.00347154621367496,0,0.0278719401634976,0.000306655408180704,0.00174903618786474,0.000683148163650226,0.176070780618454,0.00530918037846327,0,0,0.00292273346448932,0.0190549318738826,0.00266570449334766,0.000633863544766412,0.00157880432110262,5.17659545918594e-05,0.00790801415400946,0,0.471655926654018,0.605731153608625,0.0136711446962108,0.02700553482274,0,0,9.22088898368475e-05,0.000807530582069244,0.00847937131319789,0.000172496009236381,0.0025185100945489,0.324824484196103,3.56314810532901e-09,0,0.0147492210547514,0.0055962324127104,0.000509847514556905,0.00533748693901499,0.0025208815817565,0.00174699721960598,0.00840806307622224,0.0309982930610688,0,0.00723075208261904,0.0090657539607284,0.0179245122179608,0,0.0501494071760355,0,0.00313929431643203,1.49498687737643e-05,0.00501583860664147,0,0.000196348846077356,0,0.0319394910433977,0.0211692288695721,0.0116491535916319,9.44236969899231e-05,0.0359715759138804,0,0,2.8699549006291e-05,0.0895104564854894,0.108157888128164,8.16777340185191e-06,0,0,0.000164907399513154,0.0793067675427288,9.57144993928952e-05,0.0716703288118959,9.70342236249819e-05,0.00528426073125046,0.0147564493796274,0.00957141986020631,0,6.1473828e-05,0,0.0521790757388393,0.00689227224943865,0.481528346267647,0.0788259488945675,0.000573219446391941,0,0,5.23597699490732e-05,2.621937476982e-07,0.00236249115753802,0.00226397942825341,0.00732475607555457,0,0.0112421295695571,0,3.0475488585479e-05,0.00220345384108779,0.000633661560117401,0.0819601350812003,0.0328689531724982,0.0444358775005221,0.000223086028299796,6.38833073585821e-05,1.35803429212384,1.03036230174048e-05,0,0.00628990325729908,0.0240453230291032,0.0308067075222938,0.00360375513674461,0.000589189656797768,0.0150254313361352,0,0.00793421728696428,0.0172559342434205,0.150177121051242,0.00164999656374421,0.158243567511898,0.0303587161506475,0.000146520393883005,0.000699076535910297,0.0297542516310891,0.0527365590553367,0.00791467335799108,0.0232686256862838,4.78290446360926e-07,0.000448823932809502,0.0750070383977191,0.142131294997859,0.0109672450323495,0.0134227549636188
300,Dengue,0.000169283214128556,0,0,0.000254269628520663,5.38972845125561e-10,5.62677205183898e-07,0,2.23728128159227e-06,0,0,1.97524749604228e-05,3.84411251557864e-05,0.0482355777234293,0.000282871943372449,0,0,1.03417300620149e-05,8.92837810527819e-05,0.00172804060026479,0.00123259653193773,0,0,0.0117164769004949,1.4764924925094e-09,0,0.000106448273209302,9.1655883716571e-05,8.76287940558359e-07,0.0440423974897934,0.000204072099167814,0,2.65531061945322e-05,7.60423843477364e-05,0,0.00849294983966962,0.013377524289805,6.70534180576019e-06,2.068759302746e-05,1.71321109675465e-06,0.000174090297207169,0,2.92564302231495e-07,0,0,0,0.000731436087003304,0,1.08661030279068e-05,0.00166373772991952,0.000409103653810559,0.000211726890126102,0.00378107177630159,1.00418828301696e-05,1.42742464895246e-05,0,0,0.0120575375164286,0.00131013521126941,0,1.02871183576245e-06,1.26873006690413e-05,1.31065981077479e-05,0,0,0.000145811761217518,5.99782007401376e-09,1.38749368538157e-08,0.0708678138413024,6.34632874896174e-05,1.04370566106751e-05,3.42923934753528e-05,0.000759538910557575,0.0272601888314638,0,0,13.7383111360182,6.18538526020501,0,0,0,0,0,0.0011460989902944,3.32927973519103e-05,5.44489452153989e-05,0,9.74391827754125e-06,0.000104417422722831,1.51925541038237e-06,0,0.0214231143296824,0,2.82321685374937e-05,0,1.98603314766817e-05,0,0,0,0.000116291785760052,0.0086076440105706,0.239903503476285,0.000933997640928535,9.48592903560106e-05,0,9.30043873331549e-06,2.29156221569832e-08,0.00057737547789579,1.57699420927562e-05,0,0,0,7.93518253297485e-05,0.395053330536244,0,0.233915681527748,0,0,0.000135745353508073,0.000125936325362609,0.00135361355296277,0,0,0.000151411479483957,0.0100652770793377,0.995767350443298,6.74766439342893e-05,0.000612049184357059,0.000321160299582831,4.45351189672608e-05,1.30320834941827,0,0,1.73123275871368e-05,3.27441454625108e-05,3.61377032243876e-08,0,0,0,0.000103197982454871,5.24713171461554e-05,4.67219547315665e-09,2.46150821308284e-05,2.07070184328352e-06,0.00318253939429994,5.62540823607023e-05,0,8.62787164097807e-05,4.40713648504202e-05,1.66545165937819e-07,0,0,9.3966297102612e-05,0.000135888545785909,0,5.63008312732344e-05,9.34695070680347e-08,0.134547272030214,0.000131756994521554,0.000675194556484776,0,0,7.93354713054245e-05,0,0.207875207159516,0.00639416423218,4.54851495191917e-05,0.000948600741859824,0.00498522112932356,0,0,0,0.000281788798908763,0,0,0,0.000398969547374736,0.000225690008971312,0,0,2.80794997197227e-05,0.0682829303555163,0.0961282022563415,0.000130635638901196,0.00010806552561547,1.71150334700397e-05
310,Trachoma,0,0,0,0,0,0,0,0,0,0,0,0,0,0,0,0,0,0,0,0,0,0,0,0,0,0,0,0,0,0,0,0,0,0,0,0,0,0,0,0,0,0,0,0,0,0,0,0,0,0,0,0,0,0,0,0,0,0,0,0,0,0,0,0,0,0,0,0,0,0,0,0,0,0,0,0,0,0,0,0,0,0,0,0,0,0,0,0,0,0,0,0,0,0,0,0,0,0,0,0,0,0,0,0,0,0,0,0,0,0,0,0,0,0,0,0,0,0,0,0,0,0,0,0,0,0,0,0,0,0,0,0,0,0,0,0,0,0,0,0,0,0,0,0,0,0,0,0,0,0,0,0,0,0,0,0,0,0,0,0,0,0,0,0,0,0,0,0,0,0,0,0,0,0,0,0,0,0,0,0,0,0,0,0,0
315,Yellow fever,0,0,0,0.427902147396671,0,0.48346752484224,0,0,0,0,0,0,0,0,0,0,0,0.0776670484398157,0,0.0019479825678972,0,0,0.0257018677140785,0,0,0.17799987221465,0.330488581306466,0,0,0.0338955013253303,0,0.0123427134477393,0.129710206594601,0,0,0.0109914988904143,0,0.0275422952501306,0,0.0598688339017886,0,0,0,0,0,0.296981964570135,0,0,0,0.0422492750440597,0,0,0.00491376159375054,0.00664814395776388,0,0,0.610119348567429,0,0,0,0.0112961195895531,0.00924283846052586,0,0,0.0394464510116024,0,0,0,0.0864976968707415,0.00916648195382424,0.00147205700709023,0,0,0,0,0,0,0,0,0,0,0,0,0,0,0,0.0231185135817489,0,0,0,0,0,0,0,0.0458292124582865,0,0,0,0,0,0,0,0.0600199530415037,0,0.0141353594228932,0,0,0,0,0,0,0,0,0,0,0,0,0,0.49008900117008,2.00546050221929,0,0,0,0,0,0.00628215423819775,0,0.0144900339684933,0.344992928933613,0,0,0,0,0,0,0,0,0,0.0309955440546868,0,0,0,0.000413443699316686,0,0.0371841504458614,0,0,0.0925903231224192,0,0,0,0,0.233335629791305,0,0.0997082766921039,0,0,0.432526369475802,0.000969698221295832,0,0,0,0,0,0,0.0100802939054353,0,0.000270848849900098,0,0,0,0.112103421944715,0,0,0,0.104435668524453,0,0,0,0,0.00554482529399621,0,0,0.0167558773100975,0
320,Rabies,0.0698413778130734,2.76683047511743e-07,0.00203722133607406,0.0912239321159595,0,0.0252536911197475,0.00033258087744953,6.27720466674982e-05,0.000990977964533397,0.0102906499217542,5.97646350826331e-07,0,0.883853714031872,4.20620573320032e-06,0.00679005301601216,0,6.60114385606504e-07,0.145991524870206,0.00297111778566965,0.00548271627234038,0.00147034910332429,0.000674643864791267,0.00834805517647644,0,0.00133078550566211,0.28993412429727,0.382246489392251,0.0031765357272303,0.140044992860852,0.500018586967121,0.000173611718921844,0.0380878333265579,0.949678755278145,0.000584701715396505,12.6263054149461,0.00137645916302199,0.0129208101437339,0.00317831437994132,5.92716193312445e-06,1.70075538980452,0,0.00373109188616647,0,0.000251032163613279,0.0182579923619663,0.202692044165359,9.28922768861043e-08,0.00835079602607976,0.00300697781422439,0.00171486591435353,0.0218894129044139,0.000127697000448381,0.00349463457658206,0.0835732765642292,0.000147342476,0.00146165720180117,2.61431294553819,0.00104474224125276,0,0.00274211389999028,0.00110807689919893,0.0129235515240912,0.00608126995003077,0.0209439977668359,0.176504131369456,0,0,0.00238676736882783,0.470006777531613,0.0206295055826901,7.33570873960914e-05,0.00777474646175756,0.000656415068653564,0.000703365454620908,0,5.54015655245451,0.423847388655768,0.00253093120407429,0.0160491480321633,0,0,3.62849368592776e-09,6.54375231852753e-06,0.00075755185273606,2.49362489816096e-07,0.0102639693715995,0.187756202166312,3.43582158038338e-07,0,0.0132384883332416,0.169938328344487,0.00115293250857009,0.000241894274715022,0.00654315495735649,0.0370287251317112,0.000306924305234825,0.00573883780365706,2.7004e-08,0.185598626737319,0.0655798967003858,0.00134127299002674,0,0.498516475722721,0,0.0437618747042775,5.6893861723977e-06,0.000469004712208838,0,1.20660203159089e-05,0,0.00134396907137271,0.327479557900137,0.740687347240377,0.00120799862371035,0.202626615484965,0,0,1.69529481304018e-06,0.912147198197314,7.31990974348984,2.8055415299102e-07,0,2.2804422277278e-07,6.21922800455152e-08,1.19536630114708,4.78862377507772e-06,0.025149814509225,1.81221808264207e-05,0.013305022769151,1.26371138474346,0.000298424715182068,0,1.21251546291821e-05,0,0.0105031691744191,0.000282956873644542,0.164907582774799,0.0131950799372558,0.0472136841693048,0,0,8.64036134065194e-05,5.6696818691524e-06,0.000797410637796922,0.0878776987427153,0.000635012352211447,0,0.183825573561563,0,2.64106342413625e-06,0.000625245662695801,0.000151920176822228,0.38449705898602,0.0682063870927415,0.171221222867342,2.94357848883626e-09,0.0143800492288263,0.0508610512825905,1.41955125371823e-05,0,0.0116783522231287,0.00482727423224074,0.00379566402075475,0.00802869113190278,0.0167444199014333,0.137598121176005,0,0.000823376783003069,0.000697521100006295,0.0148404755671151,0.0108991029706792,0.525820248977627,0.0205474357329665,0.00016139160022222,0.000268625824438046,0.704474947185148,0.0294692737843547,4.54487562053071e-05,0.0632390550863774,1.24267735372149e-06,0.00134354962058143,0.418262304273055,0.0226761935459899,0.11182360513386,0.089735868095413
330,Intestinal nematode infections,0.01189823848972,0,0.00142091616778583,0.0542176827360961,0,0.000913540935767736,4.28900186083386e-06,0,0,0.000120498799774018,1.64800549621701e-05,1.48173752320194e-05,0.0257381651856178,1.60750373707324e-05,0,0,4.57379541067025e-05,0.0730874641445923,0.000148799325100675,0.00328553694985171,0,0.000920970196361085,0.00834583249883931,0,0,0.0410726572932135,0.0361865977995317,3.18269380006706e-05,0.00497928282479455,0.208487089748011,0,0.0219943067237669,0.171140368080968,3.71881927590425e-06,0.0223870247142461,0.00567701655781736,0.00135227385724708,0.00341653088581777,0.000598468658067005,0.129741270209852,0,8.56080238716201e-05,0,0,0.000342356719332283,0.281085428566736,0,0.000467137705197976,0.00146345007311307,0.00384669676841881,0.00680351490631968,0.000655579310862573,0.00311942620055455,0.00338799247864217,0,0.00100023224687629,0.134476899735455,0.000303169738359569,0,0,0.00245765259664776,0.00324726007643248,1.98468542787327e-06,0,0.047945223648412,0,3.0263462888208e-06,0.0046269234020578,0.0799567913910864,0.0150862871698808,0.000145541006480499,0.0133300645118094,0.00329192160855356,0,0,0.219644194926925,0.0599572178255615,0.0008644310766914,0.00136916616320462,0,0,0,0.000252937007205033,0,9.07663173965523e-05,6.23647035122268e-05,0.0395405249284025,7.15660708529813e-05,0,5.38814462206524e-05,0.0107051253082012,0,4.7633500683575e-05,0.00134950256928095,0.0159076198688286,0.00026183341623192,0,0,0.0359125626700376,0.0133831215947362,0.00306844063991652,8.21393960952958e-06,0.0649304171115984,0,0.00366950767700434,1.60977679223708e-05,0.00512685422001408,7.22238910545241e-05,2.36846877244591e-05,0,0.00115420308450724,0.0752723363782773,0.0234437850395593,0.000567600290607369,0.00434623871372144,0,0,0.000362535308005789,0.165344128516728,0.698163158069758,0,0,0.00015406053175123,8.29905060760283e-05,0.143231488905551,0.000336597548163748,0.0245383837629008,0.00016284338579062,0.00237348795583635,0.0384407148582323,0,0,0,1.26885693786008e-05,5.04013046018699e-06,0,0,0,0.0402659139497766,2.04046357200925e-05,8.41494064334052e-08,7.47448500943278e-05,0.000150628314393325,0.000465569986065566,0.024004720744585,0,1.30985160612584e-05,0.0211122388850896,0,0,0,0.000218589545949052,0.0930081275381365,0.00689165587883873,0.0243362434428272,0,0.00122800014644174,0.0629316171053891,0.00015218562765591,0,0,0.000268698547463513,0.000626862438407367,0.00510249288291816,0.00205150757388532,0.0188024538658919,9.34863705584363e-06,0.000142015734257506,0.000139088759711575,0.000621243796100796,0.000413297302603973,0.0699557667581086,0,7.92896634828605e-05,0,0.170063743717632,0,0,0.000457159434410133,0.000303636438179961,0.00957650694049317,0.0263877056520455,0.0336437093932825,0.0384293413338387,0.0159610528743793
340,Ascariasis,0.01189823848972,0,0.00142091616778583,0.0542176827360961,0,0.000913540935767736,4.28900186083386e-06,0,0,0.000120498799774018,1.64800549621701e-05,1.48173752320194e-05,0.0257381651856178,1.60750373707324e-05,0,0,4.57379541067025e-05,0.0730874641445923,0.000148799325100675,0.00328553694985171,0,0.000920970196361085,0.00727309838994569,0,0,0.0410726572932135,0.0361865977995317,3.18269380006706e-05,0.00497928282479455,0.208487089748011,0,0.0219943067237669,0.171140368080968,3.71881927590425e-06,0.0223870247142461,0.00567701655781736,0.00135227385724708,0.00341653088581777,0.000598468658067005,0.129741270209852,0,8.56080238716201e-05,0,0,0.000342356719332283,0.281085428566736,0,0.000467137705197976,0.00146345007311307,0.00384669676841881,0.00680351490631968,0.000655579310862573,0.00311942620055455,0.00338799247864217,0,0.00100023224687629,0.134476899735455,0.000303169738359569,0,0,0.00245765259664776,0.00324726007643248,1.98468542787327e-06,0,0.047945223648412,0,3.0263462888208e-06,0.0046269234020578,0.0799567913910864,0.0150862871698808,0.000145541006480499,0.0133300645118094,0.00329192160855356,0,0,0.219644194926925,0.0599572178255615,0.0008644310766914,0.00136916616320462,0,0,0,0.000252937007205033,0,9.07663173965523e-05,6.23647035122268e-05,0.0395405249284025,7.15660708529813e-05,0,5.38814462206524e-05,0.0107051253082012,0,4.7633500683575e-05,0.00134950256928095,0.0159076198688286,0.00026183341623192,0,0,0.0359125626700376,0.0133831215947362,0.00306844063991652,8.21393960952958e-06,0.0649304171115984,0,0.00366950767700434,1.60977679223708e-05,0.00512685422001408,7.22238910545241e-05,2.36846877244591e-05,0,0.00115420308450724,0.0752723363782773,0.0234437850395593,0.000567600290607369,0.00434623871372144,0,0,0.000362535308005789,0.165344128516728,0.698163158069758,0,0,0.00015406053175123,8.29905060760283e-05,0.143231488905551,0.000336597548163748,0.0245383837629008,0.00016284338579062,0.00237348795583635,0.0375295598295574,0,0,0,1.26885693786008e-05,5.04013046018699e-06,0,0,0,0.0402659139497766,2.04046357200925e-05,8.41494064334052e-08,7.47448500943278e-05,0.000150628314393325,0.000465569986065566,0.024004720744585,0,1.30985160612584e-05,0.0211122388850896,0,0,0,0.000218589545949052,0.0930081275381365,0.00689165587883873,0.0243362434428272,0,0.00122800014644174,0.0629316171053891,0.00015218562765591,0,0,0.000268698547463513,0.000626862438407367,0.00510249288291816,0.00205150757388532,0.0188024538658919,9.34863705584363e-06,0.000142015734257506,0.000139088759711575,0.000621243796100796,0.000413297302603973,0.0699557667581086,0,7.92896634828605e-05,0,0.170063743717632,0,0,0.000457159434410133,0.000303636438179961,0.00957650694049317,0.0263877056520455,0.0336437093932825,0.0384293413338387,0.0159610528743793
350,Trichuriasis,0,0,0,0,0,0,0,0,0,0,0,0,0,0,0,0,0,0,0,0,0,0,0,0,0,0,0,0,0,0,0,0,0,0,0,0,0,0,0,0,0,0,0,0,0,0,0,0,0,0,0,0,0,0,0,0,0,0,0,0,0,0,0,0,0,0,0,0,0,0,0,0,0,0,0,0,0,0,0,0,0,0,0,0,0,0,0,0,0,0,0,0,0,0,0,0,0,0,0,0,0,0,0,0,0,0,0,0,0,0,0,0,0,0,0,0,0,0,0,0,0,0,0,0,0,0,0,0,0,0,0,0,0,0,0,0,0,0,0,0,0,0,0,0,0,0,0,0,0,0,0,0,0,0,0,0,0,0,0,0,0,0,0,0,0,0,0,0,0,0,0,0,0,0,0,0,0,0,0,0,0,0,0,0,0
360,Hookworm disease,0,0,0,0,0,0,0,0,0,0,0,0,0,0,0,0,0,0,0,0,0,0,0.00107273410889362,0,0,0,0,0,0,0,0,0,0,0,0,0,0,0,0,0,0,0,0,0,0,0,0,0,0,0,0,0,0,0,0,0,0,0,0,0,0,0,0,0,0,0,0,0,0,0,0,0,0,0,0,0,0,0,0,0,0,0,0,0,0,0,0,0,0,0,0,0,0,0,0,0,0,0,0,0,0,0,0,0,0,0,0,0,0,0,0,0,0,0,0,0,0,0,0,0,0,0,0,0,0,0,0,0,0,0.00091115502867493,0,0,0,0,0,0,0,0,0,0,0,0,0,0,0,0,0,0,0,0,0,0,0,0,0,0,0,0,0,0,0,0,0,0,0,0,0,0,0,0,0,0,0,0,0,0,0,0,0,0,0,0,0,0,0
362,Food-borne trematodes,0,0,0,0,0,0,0,0,0,0,0,0,0,0,0,0,0,0,0,0,0,0,0,0,0,0,0,0,0,0,0,0,0,0,0,0,0,0,0,0,0,0,0,0,0,0,0,0,0,0,0,0,0,0,0,0,0,0,0,0,0,0,0,0,0,0,0,0,0,0,0,0,0,0,0,0,0,0,0,0,0,0,0,0,0,0,0,0,0,0,0,0,0,0,0,0,0,0,0,0,0,0,0,0,0,0,0,0,0,0,0,0,0,0,0,0,0,0,0,0,0,0,0,0,0,0,0,0,0,0,0,0,0,0,0,0,0,0,0,0,0,0,0,0,0,0,0,0,0,0,0,0,0,0,0,0,0,0,0,0,0,0,0,0,0,0,0,0,0,0,0,0,0,0,0,0,0,0,0,0,0,0,0,0,0
365,Leprosy,0,0,0,0,0,0.00510553128175142,0,0,0,0,0,0,0,0,0,0,0,0,0,0,0,0,0.152032612722049,0,0,0,0,0,0,0,0,0,0,0,0,0.00798351936868635,0,0,0.00061590050727339,0,0,0,0,0,0,0,0,0,0,0.00125131121687728,0,0,0,0,0,0,0,0,0,0,0,0,0,0,0,0,0,0,0,0,0.000242093790395411,0,0,0,0,0,0,0,0,0,0,0.000731462373142855,0,0.00483119204330423,0,0,0,0,0,0,0,0,0,0,0,0,0,0,0,0,0,0,0,0,0,0,0.00179514301676181,0,0,0,0,0,0,0,0,0,0,0,0,0,0,0,0,0,0,0,0,0.0073503625606023,0.0016736120652155,0.0417232028811027,0,0.000352389762723621,0,0,0.00116196735966622,0,0,0,0,0,0,0,0,0,0,0,0,0,0,0,0,0,0,0,0,0.00105086156388213,0,0,0,0,0,0,0,0,0,0,0,0,0,0,0,0,0,0,0,0,0.000951432124966816,0,0,0,0,0,0,0,0
370,Other infectious diseases,0.835411661203003,0.0167332628398704,0.197876082342219,2.02635597767179,0.0256467600390681,13.0621636821647,0.0703940198912346,2.19293467986706,0.729787241062782,0.0126308391251836,0.00926972481967024,0.00537039783439499,1.35814412178796,0.00865041444717649,0.00667617163019331,1.76254051208773,0.00195989880499257,2.00288418978621,0.0076652764257963,0.087945840486003,0.0143889292540094,0.0587635217862596,36.0769468200052,0.0818430524689486,0.25583124937736,4.39459512921511,0.500953442662525,0.00623403446892844,0.451856300196788,3.58645588675935,3.22975838650051,0.424049666186097,2.69426054960154,1.22750711743867,0.538502082303891,2.0400244338684,0.0264571540129096,0.153337029427271,0.146986563013616,4.83633859753036,0.0756518909909405,0.314191417086543,0.197947787150041,1.81964325602227,0.126544320612918,9.39969899677813,1.39542437292115,0.0338715063946838,0.0576436051889529,1.68984149408858,0.649883860761738,0.0410091176942734,0.0748998856128889,0.129684712406977,0.117484702449046,0.0605431924761645,3.13630839229799,0.0341807408124037,0.201689238685423,9.71736141013262,0.0557999179246776,0.198156858814068,0.226280989789469,11.734006074704,1.57638502876603,3.80116741920579,0.0109746804585889,0.0999280227838308,2.479900623849,0.218013584817291,0.0678568058381215,0.304279554017716,0.101152537455669,0.237333882093116,0.0147121719152072,18.8135160328308,1.67176495404109,0.378901531142502,0.182335224343451,0.197583088010285,2.43176222199813,10.1139479055447,0.0724614947772767,18.4989782484097,0.0143186444422888,0.166507022146548,2.00642103614751,0.00598334079833148,0.00423436699690152,0.0511512725268445,0.147363816740179,0.137402910911198,0.106586233946045,0.134704334520321,0.346714814528751,0.0424120085516551,0.478405112138094,0.0635502357055591,2.21356786748369,1.22321953742048,0.571073594852271,0.00302451663808168,4.88828077799038,0.0629345019320814,0.239436120929468,0.133801701901184,5.93015657551486,0.00168429305739853,0.0161245431212537,0.00073357199311061,0.225145000349416,1.70759589764672,2.67362967854504,0.0905588506540851,0.654053224327971,2.63455487792607,0.219855910542645,0.132948559658995,8.25958371098041,35.1542557095013,0.069281144055708,0.867092966790625,0.0200686585450964,0.0477401942656184,12.0549064693848,0.207181773130169,0.340471194554295,0.217449417952492,4.24557623071594,10.4866940481479,0.424350345092789,1.21380244382796,0.838451637661866,0.00539722882115255,8.36921442035944,0.0632337862469412,2.16609268508494,0.521008170760987,0.409253451555308,0.00407550206356848,0.038940353885173,0.00235419695084511,0.00680628233639525,0.047524264021262,1.07387563678097,1.08975567015344,0.00376622172187577,1.083600371276,0.114223390433481,0.756521976485373,0.0864568270359882,0.0448518499634485,1.12169477262739,3.67854052630973,0.378033810105791,4.27418490991288,0.311446991939849,0.814082784599973,0.0142628249831204,2.2296365568435,0.714085875148946,0.0710593344183413,0.0321830743252259,1.4932409483501,0.0255494729744764,1.31544958688747,0.00323948106704516,0.03012664262467,0.0551764996661515,0.47070656413903,0.0942549358855288,1.18047311951689,0.2483529046762,0.0255003314430286,4.14373360860769,1.33114531990681,52.6943334854196,0.566135332326232,0.163801125312215,0.00469026207393242,0.190517492429957,0.754383542971626,0.610930495426026,0.375522683493637,0.422015113657965
380,Respiratory Infectious ,44.7291873836822,7.49528394351492,19.882127501067,34.4037870184059,0.139023590087,132.789745437924,8.33897575484726,3.57992050768153,9.16771129491081,19.0646433401834,1.04498297157315,0.935042774311085,105.21529627055,0.342405585258504,20.5616458151366,17.0344514040955,0.339230959383071,13.0969446489924,0.13486112297351,44.2389031389953,12.1035643722452,5.94988078842011,544.720330719125,0.13219825559613,31.5056112396216,23.7776330946139,9.22939349006439,0.557075118218554,17.8382671721041,32.840045408792,19.6157991860383,8.17371090058155,27.9199075901214,27.2911539547405,211.200271029989,102.520825178161,0.881081238106289,4.16796390116403,6.78530303210992,27.2885287087969,8.98965302611136,56.61013507171,0.760047989325782,30.0707437298238,6.21245121787674,117.670807677321,3.30631627640663,1.33315440689949,7.07485136753814,27.1477021282109,162.807059419207,8.43483637665145,1.55299987714155,4.01150270959679,2.15665495434233,2.95296893248111,98.4152090836175,1.61152884760572,1.13603888071555,74.4741483555112,1.598904796829,2.42928548229819,16.515761753896,90.5162210761063,22.4764713705054,26.0802345624176,0.448227801755539,32.8188978288757,19.4086186427184,2.49698650107464,2.69939683252277,14.6247193507914,12.5903663972712,26.3345470058755,0.0692975328369149,3519.94055328392,617.72794248418,138.883149536632,19.8324677658419,4.81216095575506,7.10254957561729,88.4609313943875,2.68327748810691,106.752707515149,10.5607136044935,47.5083348560537,37.5060840926635,0.161716496178512,2.7464797509071,7.4679229256178,4.70673482746823,4.70318770695791,13.8949867655211,4.65443185657453,3.6057313993629,6.86157997318005,7.45100905241412,0.534117571685566,32.094096194631,17.5036438898249,50.3525737832899,0.421610843606076,25.0530034881429,0.458882162181645,4.22075926159083,1.37057745117859,362.807780485932,0.0695696951560633,2.3193028223692,2.32789543151621,31.2168703637057,39.7547235531379,49.1616204429683,6.4678339020625,27.0034121797179,24.0703942045011,1.00938635131015,10.8103167759861,34.2007207560563,216.430255631101,7.63503364629682,1.83793195566266,3.74075694370005,5.2195722716992,196.158864334467,4.43375323860498,7.8338238236056,19.4062751351903,137.914757227589,129.020474248452,118.12657398359,16.4397422006732,2.72978467238516,0.731305080013892,33.4953808913963,10.7641704302744,74.267368903144,610.48372420119,9.12664141775934,0.51740718184819,0.116355249569899,0.0881438544782547,0.157393528109948,10.7258220865149,14.5346714565111,33.8233822456291,0.210375561344702,8.02056584356483,5.02040973775037,20.3872240899315,3.77434909117249,0.840583604938367,44.2013913897695,209.772690610651,13.095751117349,49.4472545508778,18.7115489331706,42.2841557531174,1.52649870848195,6.85255943277236,7.53620899391416,9.12940955255682,8.42456173429997,84.1784239476112,0.762459973539198,8.75604085078654,0.0368044310808942,2.33359651759468,24.9211066799715,138.953420556565,2.2776407283774,24.176495709763,128.156254474534,1.95324724812489,108.7701847447,37.9877604417988,467.501310006044,7.67336596210984,16.9341014285029,0.238565322350564,22.8938125032429,51.4474826632343,30.3659750889019,19.2234191488021,23.5430670708868
390,Lower respiratory infections,13.2510473924891,0.443000111916676,5.95744928743004,25.4850342088939,0.0151882243660043,38.9925720877842,1.03502205008794,2.40621849078654,0.785854452014101,0.80814440985514,0.11311521078503,0.10812725009882,27.0446746728383,0.091879553190738,0.729126565446704,6.78536576571435,0.0630236463357987,9.79401521194344,0.116211737930163,4.55793428565973,0.430413551451053,0.959538018585188,81.0339877913767,0.0712570946202999,1.27496696151122,16.6582592062266,7.7191155531,0.230601050320755,8.73981404795892,19.6212989449169,4.35657215380314,5.04498739818037,21.8298827972157,2.95926068917174,208.017887921898,11.3354743124554,0.50576306952843,2.08021591867458,1.01693453977187,18.0568840859319,0.72129446416048,5.62852453855283,0.11408169762142,3.82809321790516,5.63971351665494,83.1715335674738,1.61650987764012,0.684728444906971,1.8904748796833,5.58694049509762,19.6698975660892,1.41528947292491,1.13891375983558,2.88835321629671,0.349517538304885,0.857139787018992,58.2365063647432,0.210893488987868,0.0517191976588134,13.0124308026084,0.867566529150609,1.40009919470861,3.03031297698566,15.2617435921447,14.2494292715914,7.73743066404962,0.0550008516580116,5.87237106684583,15.7458433853467,1.39670954179837,0.25816743712339,6.09940010833209,1.45954214446894,1.46887725037454,0.0625283085994149,392.479996330445,35.4959758304152,7.61851654789463,5.75972322652508,1.47847121047003,1.71785755345384,19.6403131693703,0.469370977162207,87.2330213376047,0.80038464702074,2.94902152855177,20.0350396236051,0.0535611307836172,0.358479394113177,0.719134428821098,2.61746944397275,0.439338117995794,1.42756950129552,2.07135299435125,2.51189180432088,0.711518543807967,0.566730978073281,0.087593263610732,21.1092768812864,8.95096107255539,19.4412836407474,0.08966622928183,18.7620340924812,0.236114843281501,2.16810908949685,0.5266319825573,20.4117194240766,0.0402834307737326,0.325824701341359,0.0441334152178566,5.49666137082377,15.6624991043546,13.4630243732686,1.2043677141713,5.94075933293386,2.9545773808855,0.978458581989006,0.515739065121834,26.4131184803594,195.925998092717,0.101990595334084,0.954607754335084,0.52631026799353,0.379473142910145,65.1472351185678,0.622864159411828,2.29541602642523,2.64303728534986,19.2740991863653,89.9718372682732,19.7903515379164,5.95014332883376,0.731738808516524,0.0737080915857177,27.5729618766059,1.28615396993823,11.3858241059305,20.6792510553417,6.65951448576575,0.0365834250114798,0.0344744926550709,0.0711690418661834,0.0972939162217573,2.30913372265081,6.20250113709175,4.21209738069365,0.0598633082426169,6.92346698416969,4.27655958702774,2.07736158510968,0.445614582680175,0.489062600367036,27.6677281769422,34.7776242643578,9.57963647494977,7.9609719459267,3.20252272653682,13.9856029455756,0.09261360998374,1.29657148645897,1.12462388144868,2.72576667668678,2.3440387688708,34.0631885799816,0.622790669460018,6.62161230027057,0.0367972138305529,0.198140957296702,1.36615389137169,13.6960824538082,1.36921663555973,17.38821865924,5.05333453450291,0.34131538054075,38.5037610962456,27.7847068123928,43.1160826925308,1.41320158400851,3.50472759746158,0.103722424234253,6.48115464546375,20.1631786010861,12.4598243943779,8.46611463087099,11.4020286634977
395,COVID-19,31.4598942582233,7.05025757051784,13.9216468070705,8.71808396090231,0.123835341357552,93.7843077526242,7.30084528040685,1.158158808197,8.37468062716158,18.2457664631745,0.931668208934962,0.826893002694776,78.0412678131817,0.250449892678196,19.8259078205605,10.221949356932,0.276123515669183,3.02484584292886,0.0182144727523527,39.6711315526971,11.6726039262401,4.98133315311253,463.212261072515,0.0606572052128055,30.2221689693709,6.69882462379496,1.21240115944174,0.32551525817886,9.08960953561061,12.8237418560965,15.2363145886156,3.04338770976856,5.60853537725027,24.3237264504276,0.910791043114446,91.0878957483273,0.363803473428112,2.06894234995431,5.76539035760391,8.81379445225329,8.2682916980946,50.971701214993,0.645934871731,26.2259421862683,0.452110257194708,32.9261241931345,1.685022681799,0.640712680442303,5.18166467846111,21.5549074313587,143.026924890631,7.01861838292727,0.40971763505758,1.0649714351072,1.807137234325,2.08730512712014,38.7576903920048,1.40062823234122,1.084292121005,61.4044579871655,0.72670552432933,1.00123833293013,13.4791071711308,75.1763118629086,8.00001197812325,18.3416244549869,0.39320619709713,26.9308750444828,3.42257553858112,1.04870422075699,2.44101191240876,8.50441657698005,11.1174936009826,24.8596037614266,0.006204696957,3126.4262808112,582.185806388326,131.261806508212,14.0591111653911,3.332255153318,5.3793436160824,68.772483234462,2.2134131180224,19.39548077137,9.75986366108124,44.5426498374306,17.1142293262855,0.107867345756082,2.38790019154382,6.73969308381079,2.08473724517635,4.261752794312,12.4655335559939,2.55894419861182,1.05143279212216,6.14955527622832,6.88229357285358,0.445515819929,10.5040018981332,8.31879800446135,30.9063771876487,0.33190278697907,5.92881371426927,0.222243407219,2.01681793639045,0.843925402720016,342.303862282568,0.0292723009427497,1.98996107894804,2.28370530010651,25.7143450626026,23.345840992501,35.6769202953931,5.25139652284609,21.0358820760504,21.0965472420251,0.0260244388687685,10.291783859813,6.99759672878705,18.1649203850773,7.53298590915234,0.874376130765201,3.21378218878301,4.76929891301809,130.605426601006,3.79889641983116,5.53718635603358,16.7599198227001,118.617519927132,38.8870407537512,98.3051427810063,10.4738817115134,1.99599428262539,0.657254394089745,5.90407102087115,9.47785192781891,62.8739402578549,589.661332082166,2.22150045509378,0.480763638405509,0.0814665601905493,0.0169570315995729,0.0593509742672403,8.41630347341988,8.1195480090113,29.6074680882935,0.150504586598175,0.982319687720657,0.742582698928,18.301423666166,3.327806073664,0.351360915989893,15.8006010930235,174.747000456091,3.35228321181221,41.4594761667548,15.5077794500781,28.2910159901308,1.43383549937372,5.54729392635531,6.402470147592,6.39585627931685,5.92777277128883,50.0952057280297,0.138782074195878,2.01421977029798,1.03235168546254e-12,2.13496848344431,23.5539209719413,125.251890843589,0.854777039134466,6.21866234322902,123.080664237684,1.61027385172049,70.204713353421,9.48081829917937,424.199029959001,6.25887754293115,13.3129718083271,0.134800846291105,16.405444001786,31.2657356536064,17.8985004960318,10.5219071796101,12.0344073972321
400,Upper respiratory infections,0.0180038482892659,0.00202091651910841,0.00298049126836259,0.199022054237387,2.30846919268005e-08,0.0118459519349847,0.00197438231271501,0.0133948019636837,0.0058647150856711,0.010731473036195,0.000197364049550682,2.20290313289595e-05,0.124163875339657,7.53138694761542e-05,0.0066050861979723,0.0250637919078891,8.34351163100264e-05,0.278031319585022,0.000410989856204111,0.00958429045454181,0.00045259478826358,0.00896016837510005,0.39590425774134,1.00781256856966e-05,0.0084581752044706,0.420444451828277,0.282431364061204,0.000958384159301606,0.00874901003450102,0.394934382382062,0.0196629024909572,0.0846491378597489,0.481370822166582,0.00816118304782136,2.26206258291278,0.0875918492093964,0.0110719712642731,0.0186600694851612,0.00259802363341896,0.417774965352379,3.20932537177159e-05,0.00661831133806642,3.14167868972946e-05,0.0156358180589399,0.120479913518053,1.56412512083451,0.00475338329206297,0.00728667895053929,0.00271103058083734,0.0058130560839848,0.110162073292342,0.000921344162742594,0.00433648681330254,0.0553386689009292,1.751078856171e-07,0.00846016598565995,1.35823752255453,4.73284755546088e-06,2.28098099433246e-05,0.0338188926373126,0.00459677063148518,0.0279386370698096,0.0063415254576173,0.0659582854801757,0.227004550507339,0.00117608380368715,2.07367208853744e-05,0.0154737044996363,0.24012710403008,0.0515621516434364,0.000214045293349046,0.0207377356380456,0.0132114017736011,0.00399630415067355,0.000556068673939882,0.992860623344964,0.0456469506007519,0.00235938846095523,0.0135938110427391,0.00141207485987844,0.00528419438608642,0.0332387636850279,0.000474474910871161,0.114903561306757,0.000461240891864318,0.0164797934768811,0.345470971178304,0.000285402619953186,9.95438111672819e-05,0.00909015912606461,0.00449403107563967,0.0010904157361707,0.00188174868378446,0.023932533546429,0.0423912796845382,0.000493947910840206,0.00103608609936231,3.19805235414674e-07,0.453667612263358,0.223370586358094,0.00456710336006645,4.18056607670981e-05,0.362049404653855,0.000523908706481718,0.0358244753718715,1.99407657324376e-05,0.0723529126865188,1.25189094420752e-05,0.00351299534971125,5.67051387464114e-05,0.00575760357861858,0.710881202096588,0.0214731037092664,0.0119782886758705,0.0246951880599663,0.0156547288246663,0.00419581735299844,0.00279087172278557,0.789842503827623,2.33881526256179,5.60006094686082e-05,0.0078980055879695,0.000660362882485505,0.070798647443031,0.397079947567181,0.0119895204707051,0.00100308430800695,0.00130724180098702,0.0209741997297757,0.0864449154553595,0.0278961835585645,0.0131392254330957,2.36987723400666e-05,0.00034250766622692,0.0125802478079369,0.000161974362079888,0.00620088641748907,0.139818954464107,0.235598437404926,5.95217565480061e-05,0.00041419580221912,1.62256587312223e-05,0.000748611840128703,0.000375785516281755,0.212575389051859,0.00381468293240317,7.21908181807216e-06,0.11473771199113,2.74229697767096e-06,0.007345562854774,0.000924171616953389,0.000137711796383624,0.680883727233702,0.238439526966211,0.153067768349748,0.0214525643373626,0.00122952148397531,0.00746600781340083,4.83901825530601e-05,0.00757046595301276,0.00796950139070037,0.00778369053327709,0.152739638266897,0.0195413726134633,0.000879356334271704,0.120175626095107,6.86358765346028e-06,0.000476754004094809,0.00101475805578384,0.00491777577361869,0.0536358809155842,0.546879909497016,0.0218919127077707,0.00165683998212024,0.0472985886514979,0.693596343896335,0.164380348346402,0.000472974546934462,0.116337879885331,3.52879115941452e-05,0.00673122618155992,0.0184350895078017,0.00754538571514784,0.227072880777711,0.105460721291881
410,Otitis media,0.000241884680487766,5.34456129534776e-06,5.0915298036864e-05,0.00164679437234583,1.27875115429674e-09,0.00101964558082165,0.00113404203975597,0.00214840673431121,0.00131150064945209,9.94117558134722e-07,2.18780360994965e-06,4.9248615987496e-07,0.00518990919061005,8.25520093920139e-07,6.3429314933415e-06,0.00207248954124987,3.62261779398377e-07,5.22745350459283e-05,2.39224347904385e-05,0.000253010183854834,9.42997657742319e-05,4.94483472962094e-05,0.0781775974919617,0.000273877637339393,1.7133535070302e-05,0.000104812764072331,0.0154454134614512,4.25559637407109e-07,9.45785000521155e-05,7.022539661326e-05,0.00324954112864788,0.000686654772877047,0.000118593488845336,5.63209335963135e-06,0.00952948206419416,0.00986326816911676,0.000442723885474159,0.000145563049978984,0.000380111100712052,7.52052593105702e-05,3.47706025630225e-05,0.00329100682611625,3.1864649753365e-09,0.00107250759145211,0.000147530509038531,0.00902479587863508,3.03336754456089e-05,0.000426602599674642,7.7881289756098e-07,4.11456705288143e-05,7.48891946210421e-05,7.17663652307402e-06,3.19954350876196e-05,0.00283938929196274,6.6045621400697e-09,6.3852356313755e-05,0.0627748043149095,2.39342908370536e-06,4.75224179110974e-06,0.023440673099957,3.59727175764889e-05,9.31758964290668e-06,8.03219325008982e-08,0.0122073355728473,2.557028335807e-05,3.35957742161475e-06,1.62795115476402e-08,0.000178013047468285,7.26147605199726e-05,1.05868758447386e-05,3.4376972713302e-06,0.000164929841183928,0.000119250046019111,0.00206968992364988,8.45860656013918e-06,0.0414155189289111,0.000513314837622033,0.000467092064566385,3.95628830471576e-05,2.25171071517e-05,6.42116949658806e-05,0.0148962268701598,1.89180114268256e-05,0.00930184486742659,4.05549964508415e-06,0.000183696594511575,0.0113441715946432,2.61701885993362e-06,6.21438929281068e-07,5.25385984818044e-06,3.41072434980791e-05,0.00100637891394639,1.95954787886298e-06,0.000202130065029652,1.55232353283245e-05,1.22052329207261e-05,0.000948415387890866,0.00100816834059805,0.0271498029480719,0.0105142264500638,0.000345851533746615,2.16844088157371e-08,0.000106276738602877,2.97466154744943e-09,7.76033165235591e-06,1.25135545019248e-07,0.0198458666004268,1.44453013888981e-06,4.04673009049076e-06,1.10531044425213e-08,0.000106326700763185,0.0355022541857297,0.000202670597239939,9.1376369235159e-05,0.00207558267371253,0.00361485276584451,0.000707513099373357,2.97932853215846e-06,0.000163043082182541,0.000521890744711963,1.14120093226726e-06,0.00105006497440825,4.12404102270922e-06,1.56832793637286e-06,0.00912266732600998,3.13889127996939e-06,0.000218356838778936,0.00201078533931121,0.00216391436165455,0.0751513109726138,0.00318348110897221,0.00257793489291943,0.00202788247090606,8.66722021538602e-08,0.0057677461113064,2.55815512784342e-06,0.00140365294120354,0.00332210921814193,0.0100280394948887,5.96674653311524e-07,9.22059527916209e-10,1.55535376719535e-06,2.57808216258742e-08,9.10492792994591e-06,4.69213562293813e-05,2.09370955677467e-06,4.47422092148657e-07,4.14596833516395e-05,0.00126470949765796,0.00109327580109335,4.26321135878221e-06,2.23767850543288e-05,0.0521783925700105,0.00962636323554207,0.0107636622372738,0.0053538738589657,1.72350716808923e-05,7.08095975951347e-05,1.20894193909725e-06,0.00112355400507572,0.00114546348277962,2.90601990806889e-06,1.05558734464421e-05,0.00048826698649417,7.87354902963389e-06,3.31541228872067e-05,3.53661655564907e-07,1.03228495764054e-05,1.70586026900305e-05,0.000529483394427068,1.1172767619058e-05,0.0227347977969941,0.000363789639124555,1.1758815280995e-06,0.0144117063816292,0.028638986330315,0.0218170061659194,0.000813860623254042,6.41428288408981e-05,6.76391361161133e-06,0.000482629811612199,0.000133319033958235,0.000104812777137182,0.00832445754335002,0.00117028886518519
420,Maternal conditions,11.941967815172,0.002174900972,0.907036546335,3.42241326154,0.000257666000351314,0.313694034821,0.012203438762,0.013528653413,0.004628825111,0.039111309892,0.005035540467,0.00573644955,4.117728866884,0.001016927631,0.001108885393,0.005518617904,0.009275683939,1.64318037906,0.004948112455,0.413400972593,0.002379128115,0.217669598066,3.084758586989,0.002552300018,0.005310591651,1.514768762312,1.50239217759,0.004227318727,0.730554781789,3.704524363965,0.041109074848,1.546022168323,5.181952226937,0.033305312559,2.460156752796,0.587255511575,0.058172816972,0.448439577888,0.021318480645,2.519343339927,0.002496394115,0.051307622906,0.014473545525,0.004347361762,0.290460335238,16.425509705941,0.002801362243,0.05354901144,0.204819043193,0.244981880169,0.565485927467,0.032827666182,0.154158964129,0.336966481715,0.000907370728,0.14137737816,9.557593714184,0.008811425728,0.003653462516,0.051637201381,0.142669645109,0.377205717167,0.016409282969,0.036605568887,1.814173459469,0.006986224618,0.000510823950817736,0.475172944572,2.259241543671,0.415227057482,0.021508525103,1.4106973071,0.161873009981,0.016266562885,0.000152653603,29.501991452702,7.406798817696,0.330383014374,0.833900678899,0.003509687822,0.006472778871,0.018908570021,0.031860780924,0.032033171295,0.07359268368,0.078591036488,3.487021765194,0.004422386708,0.004947889683,0.081188557197,0.232394360553,0.004547578375,0.024814255332,0.504003729856,0.872116437174,0.10834648292,0.002849254652,0.00039216999148809,3.861206809409,3.062683564306,0.180933558615,0.00361906842,3.54320350326,0.000326228812,0.622765586373,0.011276082427,1.604210632797,0.003036444751,0.037904554318,0.000461330178,0.639728409578,2.944795217246,1.42275791514,0.198979561522,1.055420629391,0.007473938333,0.003673876724,0.104454589629,4.796690033114,49.101636552747,0.001229022447,0.00076094325,0.036629371406,0.023630735074,15.134576214801,0.038199165668,0.555332083065,0.151623990484,1.031485074601,2.989330438932,0.008947568395,0.01073382618,0.006492371577,0.002934991943,0.027229559061,0.005797032439,0.033108300713,0.221026703188,1.013212792429,0.002127681728,0.000841862335,0.005816859964,0.006452600797,0.066724446862,1.667821712799,0.01095826108,0.0001093882101773,1.049688699226,0.00328948755,0.003367586853,0.00098427714,0.047206324354,4.602429200857,2.090360825579,2.76470926414,0.0110115884,0.102239844754,5.273013572291,0.015860078195,0.005083629045,0.006063819134,0.120575144642,0.045135083886,0.320329735169,0.075414983742,0.683905293192,0.00211821129,0.006539607304,0.077973090576,0.235566726548,0.005759307826,4.238255074196,0.05736914641,0.009219757847,0.079679418408,6.33776786762,1.053895123933,0.007871176602,0.236384272215,0.010720633113,1.121875492733,0.697978517558,2.09032085157,1.255065956944,2.150093298676
490,Neonatal conditions,40.8398468294581,0.153492276964606,11.7264310030871,29.351027983028,0.00412288036043657,2.30296490845524,0.13609716088115,0.556189707728978,0.127093584610153,0.948634104600017,0.0239642076137014,0.0540283516534563,50.4738033197701,0.0170173151557608,0.0621850539626298,0.197819315167281,0.0468909353069019,11.3297359786796,0.103751348777707,2.59680034163022,0.0789969425185295,1.09182328724016,19.1158750304976,0.0242512250145953,0.139191038496278,15.0045390732027,8.31862958440439,0.0484032548045509,3.75783034010576,20.6439442935061,0.920277575970726,5.85610358359971,20.5888455959762,0.483593324938918,24.4237521882973,3.83485306729001,0.552133685715794,2.7774376112526,0.211868716734514,26.9912036837865,0.0682590917575824,0.278657221993468,0.0243551391386371,0.145949617292087,2.18210943894269,93.2527009235499,0.121287506470377,0.583103237126129,3.6466149537812,1.42049682059031,17.7620811488369,0.453274452517507,1.2595986565607,1.52257203032003,0.0088463409943373,0.589016219450469,92.6287167526346,0.176042822914586,0.0453055467757937,1.5233685049702,1.04873857087726,1.67776701679757,0.201005860326639,1.46500546640516,16.2983553648055,0.167962711655745,0.0125832466407135,3.21657553966482,11.6602447737183,1.80784630667278,0.20057887116405,5.17708703892814,1.61859759536097,0.160251294916931,0.00580576993022353,370.426344180796,37.9616227682796,7.20236211096446,13.0601739238534,0.0723830916729302,0.211983408350087,0.620164002127449,0.401084650966991,0.411290056030465,1.52800661709015,1.61572183419208,25.133246147799,0.0646463800729205,0.19029790179723,1.42033595180576,2.99655181489918,0.0230986162600597,0.712294364997935,1.81137453523182,3.91348158243934,0.581421730292131,0.0230044800119821,0.00788400716353025,19.2576966381293,10.555611957945,1.44733285813671,0.017445341043538,24.0164979655649,0.0116802582113419,3.11521087962681,0.103849577112527,12.1784085472358,0.023255116020821,0.398755117381453,0.0120205932354457,5.38052358568685,28.0382909313722,16.5059152987755,1.42174289086494,7.66852066748053,0.362899371087441,0.110762834869234,0.902282849709847,27.2250487082931,186.499140474736,0.0513821563524005,0.0517391156667366,1.22258902729528,0.365845617470049,225.406963961167,0.384140226704879,4.56373791703246,0.982803239498299,3.10994583649816,21.2294591368576,0.724633119840768,0.10008017091987,0.0649924234889658,0.0731437292456257,0.353397939735289,0.194789890593124,0.368645175813135,2.02419155160933,6.3793887821671,0.0206970644480997,0.0085701689936207,0.0304271763303235,0.0346238392153469,1.8265430929633,9.06492127336097,0.196776594045399,0.0117845149457122,6.83191564450527,0.0253513361767559,0.122125902218813,0.0188015250812942,0.108458336589926,22.6846611253921,12.9894238769802,9.53416256119006,0.537474196773836,0.914988029926044,36.7242922448974,0.101925336340358,0.120956504034761,0.132181147942704,4.19516255556536,3.44506395195857,2.07594606208763,0.645637573722709,5.75968230216914,0.00985053627264064,0.121256175930602,1.15929133135159,5.02195209748158,3.25715172836196,26.8988967948852,1.04886797020771,0.228524147047538,1.42406726041539,35.9463599031853,9.76612495742734,0.10999860852005,5.00518622960202,0.0580663710348749,4.87994812506432,11.7952996378457,26.0543750443646,13.7104398353638,10.1613543738948
500,Preterm birth complications,20.6316884006716,0.0977624773227255,6.79422088428716,15.0950265679884,0.00229217705472185,1.494190548523,0.0785798494527234,0.257365076123902,0.0572003082028414,0.592455784587092,0.0105119307312443,0.047650193886731,26.3876149535192,0.00515459779176555,0.034468064959215,0.085278275922038,0.0271308849486368,6.02298046683945,0.0623272558556201,1.52722915152816,0.0476813948781939,0.600389118066159,7.39148934655368,0.0146618386520386,0.0958284911563052,7.7494162334406,4.23506451829098,0.0308769243478992,2.24766735493282,10.9021819562192,0.508916610587588,2.90208443410484,9.75191897933529,0.304063790825886,11.6256734806362,1.89122350711057,0.294453751232322,1.53055106988922,0.154097227007109,14.1120298646369,0.0164243296706815,0.140643511862541,0.0128701955752896,0.0786892092159222,1.227578800534,48.4628692295446,0.0858592659730793,0.302565765333614,1.99109974063997,0.870379249268084,11.6194574028174,0.276050393063879,0.704288433282731,0.782239288378426,0.0036580404656848,0.315304501446848,42.1742932509126,0.106330107377551,0.0240404820667599,0.626295170375989,0.581036862964601,0.862009422823035,0.120788803456516,0.845289675434834,8.37272325290618,0.1316500122605,0.00588387434990869,1.85434322915816,6.0913760372512,0.916763125812412,0.105783854844947,2.59140581701263,0.942506341214948,0.115261787617689,0.00356252712030876,193.671464653716,22.3888440514641,4.50446186389413,8.05964392207509,0.0443956559254851,0.100297389145427,0.276654022880379,0.218798412778137,0.168821758551472,0.904136927794407,0.997926149087638,13.5260248947354,0.0322879227721185,0.172946234743647,0.795690583443828,1.44574840373259,0.00982989561923131,0.450903744583129,0.974262940269312,2.09385102133041,0.372732318893362,0.00938503324384387,0.00420338121690383,9.87498373688173,5.53231421827167,0.829054337968596,0.0105826911150934,12.2646220710453,0.00907883681458102,1.6492210876907,0.0516938675994854,6.12018450053904,0.013963027819978,0.252039474589323,0.00577336294031757,3.82998817884706,15.8392806034649,8.52735591448832,0.770779775972313,3.84503395246241,0.171178330114832,0.0812059381100777,0.452730031693792,8.42010829210995,52.4578853281877,0.0427628522858796,0.0141591308061084,0.845858070584395,0.247441303863463,96.1250525186141,0.197797146873334,2.36273029859738,0.622619314358245,1.85645036922321,11.7596009849109,0.612146068142526,0.0571018062124073,0.0439454370071968,0.0490302659797848,0.234330330519941,0.0672675231679762,0.292581137987693,1.27933008721619,3.47399888464193,0.0132328878951494,0.00519744447338746,0.0173011670608909,0.0217676388053424,1.23631103455184,4.64256828276288,0.148914594432083,0.00694520178994927,3.62849035437816,0.0180704634813081,0.0929303185083435,0.0137501418322462,0.0745667643138807,10.8194888625669,6.14415178602042,4.60732740712808,0.219059355545568,0.529592131378971,18.8350750741648,0.0529988909251289,0.0436614527236425,0.0925388568782432,2.52802763065278,1.96498961048134,1.28219046129355,0.318657802643397,2.98839648922985,0.00589721382232719,0.0626180309662965,0.729248403733484,3.10780245462316,1.74031203573966,13.9255710663832,0.641934107297311,0.139453470550023,1.1664461335238,16.4435677747595,6.08447235787517,0.0590528283322566,3.15874603472898,0.0382108460665382,2.62566818983665,7.09161142133839,12.5191188851666,7.1499808378249,5.42740648581548
510,Birth asphyxia and birth trauma,10.2161879915721,0.0338953259835646,3.0981547684047,9.09640279729942,0.000602938646675582,0.254215287269271,0.0298454930597147,0.134126354545782,0.0315511044695599,0.208380167890798,0.00587041717820931,0.00438609806339788,14.3310450584342,0.00506478941351615,0.020417138702433,0.0479941595401541,0.0100586414419417,3.37173110400789,0.0266985558076842,0.729859324959835,0.0185817740347377,0.30662465907578,3.93393193130787,0.00276428455508143,0.0341795617701143,4.76874549678466,2.48013231989187,0.0107644928698042,0.932810874443307,6.4925347516744,0.181781683336077,1.85846495378235,6.58381452190873,0.0705752068160405,9.59766986011789,0.64851301779842,0.16254153194808,0.820635189483776,0.0379235941400479,8.22590747461274,0.012605812266828,0.0599112145634112,0.00252552462032977,0.0315214382621778,0.520368577950735,28.1382271821939,0.0156508900890353,0.185445441023789,1.09052516363677,0.250373866822085,4.00904238201124,0.0995151003956515,0.37039485051164,0.460669544460237,0.00341464442332557,0.173664739335887,30.4924981047026,0.0471948057237698,0.0105029465856415,0.347353688007218,0.304516206041633,0.539551844895749,0.0484553131533277,0.210474894854394,5.14823740800868,0.0188745795647586,0.00497167551106065,0.732752985099896,3.80058112945708,0.576028515607622,0.0497463368228561,1.72755795453159,0.363479409898022,0.0222262762520139,0.000957562977482752,100.718116862357,9.79810295514845,1.51386730330342,3.18449875535463,0.0102367221962197,0.0341941235180236,0.118599866251638,0.08650262911151,0.0994961559914427,0.300060027838634,0.370373266910194,7.86012685559618,0.0206042809898844,0.00946756636305802,0.363702025366507,0.882900536503444,0.010802966648718,0.144944937483224,0.524664296411081,1.25426002730413,0.117852560856049,0.00665116970385384,0.00137707447273575,6.22928849171832,3.26266225801208,0.274810125954565,0.00333592148534067,7.98555252621078,0.00214804582972579,0.979167605325667,0.0190458459733209,2.33798078745775,0.00572696558618058,0.105387102057903,0.00589464772457673,1.11867268089713,6.96633268629962,4.98880091945869,0.413298121705687,2.38368527734417,0.0838403649709385,0.0136791522471341,0.203505799820226,10.1483726208558,73.6351294487937,0.00518920970105851,0.0183905860540982,0.18082612228839,0.0639957102372741,87.119074725558,0.0701049674514806,1.33780504726487,0.225037258348344,0.799206619230478,4.860319678224,0.0470012839319441,0.0179362996535605,0.005693118490177,0.012146470911453,0.0524770459060679,0.0351937608568514,0.036368227947483,0.516389836933038,1.86915324851582,0.00244255782615565,0.000977339909023171,0.00623982526901191,0.00790927655792219,0.380231366566561,2.81746713380023,0.0368999827723621,0.00243921576050738,2.10400737442929,0.0031326174651007,0.0163654138912026,0.00219822247154615,0.023012581828736,7.3382075705102,3.19180530753475,3.21497004052485,0.104061065332032,0.171808301161343,10.3120825408484,0.0253906019445358,0.0367349594243947,0.028220972057202,1.06289223314277,0.867386167177457,0.437307754928094,0.193357933305942,1.77771653982705,0.00175833453045916,0.0222551620490835,0.277314139606414,0.644815040154977,0.952152312733024,8.13672923210285,0.278275381218151,0.0371947100662864,0.16925615108113,13.014622788133,1.11946686509507,0.0173517127844858,1.30159551309261,0.0121558286101126,0.941776132893093,2.84640151123585,7.27827717722065,4.36829707766445,2.95648718059586
520,Neonatal sepsis and infections,3.15224869519659,0.00799873763791478,0.662095323711368,2.23629819959905,0.00100700218011396,0.301894935676949,0.0115416752711337,0.0223339317099691,0.0115239543637242,0.0579556896523584,0.00501443230517172,0.00012132416016974,4.54943944228034,0.00378266215461862,0.00305748021735253,0.0102694311054693,0.00432242487910324,0.784472443962866,0.00536975004781092,0.207840200137198,0.00511835861804645,0.0682504548510908,3.24006331580434,0.00371894753614376,0.00720275375939444,1.00915440967438,0.509473370306624,0.00448800799563542,0.252281739815979,1.53967758359342,0.047859996134252,0.507005147191465,1.81816877763919,0.0470262931396767,1.01613365063101,0.73965165042663,0.0348687151697503,0.176066847544422,0.00829972238684426,2.00072498465952,0.00313658648519111,0.0409970439863268,6.77887538892389e-05,0.0120907926958896,0.214878427977475,6.40625037968746,0.00340173101106083,0.0373867622019179,0.233804945104973,0.178416858826672,0.981945470367511,0.0356893896526353,0.0778759084931449,0.103427201026201,0.00169954642949298,0.0353919307586519,8.07854386646498,0.011889715400353,0.0036493168821275,0.152870181122694,0.0659390870641451,0.115126980840394,0.0148732802994316,0.136661600298934,1.10732442225731,0.00725146665617828,0.00151794179714663,0.267828000714023,0.913377160576234,0.143661948174877,0.0301017228710687,0.348115229406526,0.167078381616155,0.0106298278468097,0.00113336465391537,21.7978816654016,3.06439556704726,0.529308349326208,0.712172730931431,0.00436545786966628,0.0109532173351081,0.0654375412481225,0.0649013358385812,0.0441595571251811,0.150237823605014,0.0948483131161728,1.61222924496439,0.00284714459391812,0.00483254589340939,0.105650458386402,0.19964748056979,0.00144295383298399,0.0528840988937629,0.110076569099701,0.294116890447188,0.0317357965663419,0.00674225096540386,0.000656828563077689,1.58149491502399,0.640555301893892,0.105396669164354,0.00136383740460657,1.86677387255851,0.000364710908752332,0.225945093773376,0.019487253584097,2.54345836142671,0.00179503404621013,0.0295019488178659,0.000259024649045478,0.261747386159942,2.15452218506496,1.09848763991053,0.0881699421103335,0.572795738291625,0.0486584773116189,0.0086428300487007,0.220659685278648,5.58479616539776,38.1751872781523,0.00245113855105088,0.00364892282217917,0.187562764994844,0.0154589887982296,18.5042596900773,0.0834224921635847,0.295683922626828,0.0826121806271674,0.304470160237831,2.07100521297945,0.0249567388495643,0.00622592613018182,0.0152706691296984,0.001047505261425,0.0377135008907704,0.0866892664953162,0.00866412534699894,0.126006705151392,0.333323736539076,0.00100171366971364,0.00198433788324725,0.00268903531431501,0.0030686955780901,0.0631108285439308,0.66752086416197,0.00551005983514499,0.000774234845803009,0.439252868562491,0.00176235911360115,0.00482831017671703,0.00282323604449591,0.00689254529533214,1.92027704983564,1.9479214784581,0.830564602321372,0.0843138910805109,0.0816014160691129,2.29511252507566,0.0183276416342918,0.0103678770919754,0.005346385220277,0.256971807580044,0.171059037424805,0.152767301048287,0.0430523916532969,0.421224329453777,0.000862291455803297,0.0189566285764906,0.0689973904811776,0.51839128653087,0.165160928000827,1.73176729746513,0.0761593627764464,0.00602959006719559,0.0415612946648535,2.62919079849753,0.618100542341603,0.0194107072138531,0.407560218326674,0.00353079691114169,1.02795078211358,0.909301578525479,1.81691743054237,0.896815277335354,0.63196239706732
530,Other neonatal conditions,6.83972174201782,0.013835736020401,1.17196002668384,2.92330041814115,0.000220762478925182,0.252664136986023,0.0161301430975781,0.142364345349324,0.0268182175740279,0.0898424624697692,0.00256742739907609,0.00187073554315773,5.20570386553636,0.00301526579586051,0.00424237008362919,0.0542774485996193,0.0053789840372202,1.15055196386936,0.00935578706659192,0.131871665005023,0.00761541498755147,0.11655905524713,4.55039043683175,0.00310615427133153,0.00198023181046392,1.47722293330307,1.0939593759149,0.00227382959121205,0.325070370913654,1.70955000201908,0.181719285912808,0.588549048521057,2.43494331709303,0.0619280341573144,2.18427519691221,0.55546489195438,0.0602696873656413,0.250184504335183,0.011548173200512,2.65254135987737,0.0360923633348818,0.0371054515811898,0.00889163018912856,0.0236481771180974,0.219283632480474,10.2453541321239,0.0163756193972015,0.0577052685668084,0.331185104399493,0.121326845673468,1.15163589364076,0.0420195694053407,0.107039464273183,0.176235996455164,7.41096758339503e-05,0.0646550479090832,11.8833815305544,0.0106281944129122,0.00711280124126472,0.396849465464302,0.0972464148068758,0.161078768238393,0.0168884634173635,0.272579295817,1.67007028163337,0.0101866531743083,0.000209754982597494,0.361651324692745,0.854910446433827,0.171392717077873,0.0149469566251782,0.510008037977392,0.14553346263185,0.0121334032004189,0.000152315178516649,54.2388809993216,2.71028019461983,0.6547245944407,1.10385851549225,0.0133852556815592,0.0665386783515291,0.159472571747309,0.030882273238763,0.0988125843623688,0.173571837852099,0.15257410507807,2.13486515250305,0.0089070317169995,0.00305155479711562,0.155292884609025,0.468255394093354,0.00102280015912641,0.0635615840378197,0.202370729451728,0.271253643357616,0.0591010539763776,0.000226026098880505,0.00164672291081298,1.57192949450527,1.12008017976734,0.238071725049194,0.00216289103849733,1.89954949575027,8.86646582827161e-05,0.260877092837066,0.013622609955624,1.17678489781233,0.00177008856845223,0.0118265919163614,9.35579215058772e-05,0.170115339782718,3.07815545654268,1.89127082491793,0.149495051076607,0.86700569938232,0.0592221986900516,0.00723491446332182,0.0253873329171814,3.07177162992962,22.2309384196022,0.000978955814411536,0.0155404759843508,0.00834206942765256,0.0389496145710826,23.6585770269176,0.03281562021648,0.567518648543394,0.0525344861645435,0.149818687806646,2.53853326074327,0.040529028916734,0.0188161389237209,8.31988618936204e-05,0.0109194870929629,0.0288770624185102,0.00563934007298049,0.0310316845309602,0.102464922308712,0.702912912470277,0.004019905057081,0.000411046727962818,0.00419714868610565,0.00187822827399215,0.146889863300965,0.937364992635889,0.00545195700580947,0.00162586254945254,0.660165047135325,0.00238589611674597,0.00800185964254971,2.99247330059521e-05,0.00398644515197721,2.60668764247935,1.70554530496695,0.881300511215767,0.130039884815725,0.131986181316617,5.28202210480852,0.00520820183640142,0.0301922147947488,0.00607493378698216,0.347270884189768,0.441629136874965,0.203680544817693,0.0905694461200735,0.572344943658472,0.001332696464051,0.0174263543387312,0.083731397530513,0.750943316172578,0.399526451888443,3.10482919893402,0.0524991189157968,0.0458463763640332,0.0468036811456135,3.85897854179532,1.94408519211551,0.0141833601894546,0.137284463453758,0.00416889944708229,0.284553020220998,0.947985126745942,4.44006155143499,1.29534664253908,1.14549831041616
540,Nutritional deficiencies,0.682419432985003,0.0167826699794631,0.115661329064259,3.23758688299149,0.00739573210021239,1.78734646476273,0.00407700060064186,0.345815179139126,0.196876640566976,0.0286773997860943,0.00794839757320467,0.00570103206879901,2.82388767165769,0.00414886925131979,0.0534578778461146,0.397726565229691,0.00964966907070157,0.661365042291764,0.00289650137427492,0.640061571594176,0.00759575193554044,0.0980723029573994,9.03156421380901,0.0015765148108328,0.0329334751434926,2.253751156411,1.92052738193067,0.00752576285270209,0.55209695837828,1.05970718424139,0.788118230187128,0.72142375676594,2.22637972984906,0.699543672032181,16.6212451815149,2.60973909154212,0.0670186738341679,0.18637677911809,0.0641315027155011,0.980046651980724,0.00570887468719817,0.130030129626619,0.0401694868093245,0.359700348607985,0.397157241115854,7.61842918164711,0.130404661405082,0.106430897641742,0.428900577336505,0.821646186064799,0.310956547885364,0.244136887488936,0.0688534380116436,0.545703470212347,0.0112812721608494,0.0823738175004023,9.71799631516266,0.0120089658483401,0.0319338239262536,6.26126937441157,0.0691660236254613,0.111473453658586,0.198354790672995,2.95285680868697,2.02534929415655,0.144013799174994,0.00855380000886693,0.950895928814973,1.15121887290181,0.0941300805928691,0.0735328445057804,0.724064080139859,0.225215903703589,0.0915643585081867,0.00419436756565119,21.7131124875517,19.6870665221211,0.152933885372684,0.162029060163301,0.0414513550447159,0.220362804373893,2.91415240630371,0.0903618821808882,4.16625020855409,0.0114800415412505,0.0856904150128291,3.37552347414917,0.0130455967088649,0.00131065926147681,0.00390551126498298,0.34448250442555,0.0220594362923198,0.0122669732433726,0.268613545472808,0.201333978302915,0.0166450696574743,0.03416174148813,0.020507451704434,6.65535567078828,1.46494412076021,0.361524707416128,0.0133007386687919,5.15790954273238,0.00156892356793841,0.114260582662871,0.0632823507288037,8.11885313096701,0.00193571457304927,0.00427768739277772,0.000664659605585923,0.14035958661298,3.21684673733496,1.05917648847963,0.174326029159079,0.946983239019517,0.45354924835705,0.0358614792373036,0.0671185804905135,2.1804986056367,3.44788345605642,0.0271405528737879,0.28142075498275,0.011386474362655,0.0284569510051177,8.78221352543884,0.138613946951343,0.151710085557921,0.251716440335121,2.21208952337818,9.47044394963703,0.242038386348325,0.278931523201108,0.298729802542266,0.0026911859905796,0.693297964002437,0.00331480659501153,0.189793481747792,0.650064499903628,1.05255972990903,0.00509655579955437,0.011405981706355,0.00345332053721576,0.00611294779352548,0.0593144327331666,0.334393726860286,0.190145457137757,0.0028847721303703,1.95921007296031,0.00115343198348606,0.0127798728049833,0.00313235985905252,0.01389982163086,5.39623000834474,2.67259414971613,2.20176250400126,1.62519181450647,0.181754556374185,1.54970129092397,0.00836426562224928,0.341502945399923,0.205624053658976,0.118127043199823,0.05983710586025,1.42817390933742,0.13605331425774,0.25150187830659,0.00319252958104726,0.0146351952560313,0.0240921474874776,1.20556777841298,0.0231109857031474,3.34342298405991,0.0658205871290927,0.00684726719060243,0.43913634072092,3.7383876070138,20.8538571154317,0.164889758749958,0.0560906241408809,0.00801875621070788,0.738299961458305,1.22695881369683,2.54698954474275,1.39009373153674,2.7021216688597
550,Protein-energy malnutrition,0.633388807122858,0.0147582094542496,0.092662598541859,3.15508769721137,0.0006573585374428,0.856854727151906,0.000516553455721543,0.134718629401454,0.0758443918577803,0.0237430320963612,0.00671833177878399,0.00449245174154519,1.4285332772388,0.00226386164239733,0.0143623430836281,0.207970504083201,0.0089640487872717,0.642783818136302,0.000978424804803123,0.558280217798601,0.00270460415450677,0.0961760039866421,5.56818079804224,0.000746243272886403,0.00231524851821623,2.18411787756236,1.87715769266337,0.00732200512576672,0.470251767644066,1.02814070219939,0.251959099945166,0.706659014537758,2.17879777321423,0.376759770525238,13.271464068755,2.08987959006401,0.0650199826789219,0.179555828710351,0.037995765581717,0.951949487763519,8.08916678221509e-05,0.0323571493908778,0.00253655523085111,0.256232830395448,0.322252093529454,7.26924575813073,9.10800220113663e-05,0.100931994640331,0.400608532836104,0.444636279558677,0.219066246297672,0.241965332993178,0.0671074910672048,0.523975195114888,0.00204426199087048,0.0807876179817398,9.43163348352026,0.0119751793683151,0.0133237113380598,4.92376624580027,0.0668584950584856,0.106680376974061,0.00263759873619308,0.901523989380481,1.93053747390463,0.00636724250566422,0.00258774375971776,0.896431625636062,1.12878765249095,0.0901325201523993,0.0275103748120561,0.695414911256443,0.202705764248469,0.011336886229197,0.00259263674205279,8.56521999989045,18.0675869745403,0.121307091628212,0.138881731616256,0.0074227247764444,0.00935642125941933,0.814027682350308,0.0795241095204278,2.33914502676204,0.00867905486659676,0.0674822343399906,3.32647200623352,0.0128373256081246,0.000215692903093662,0.00304094901540219,0.315219780013216,0.00238469852655441,0.0100496704336439,0.263332415988458,0.188150845104611,0.0132070511689364,0.00626068955630193,0.0140636760419667,6.50758015648904,1.41946690428186,0.347113062702568,0.0110574056300901,5.08019050867702,0,0.10962553807936,0.0149975758221181,5.00707106323042,0.00193190434621561,0.00271204530648257,0.000415023310317237,0.110137818090936,3.10186354403299,0.920709558499515,0.171534051503385,0.692525005978612,0.00801809976325336,0.0145410939625205,0.0588031884414423,2.15659024507631,3.37384330196809,0.00105948083446353,0.190511826866721,0.00883325947309034,0.00354847246956821,5.02913977485217,0.0882156593116397,0.151493434297245,0.175815272688656,1.53012326694902,5.12932796543224,0.185478670876268,0.075191180057726,0.0874463121811968,0.00119271134349538,0.101205664747575,0.000168897264333811,0.107624016320094,0.314479773764828,1.02090857101023,0.004134369465487,0.00144969888732339,0.00344829033574943,0.00581646783452695,0.0572420817183331,0.324058004256592,0.00354286812513103,0.00244892849439557,1.89999199457942,0.00115173825747894,0.0117599036799958,0.00026340006783145,0.0138759384641621,5.30176816255009,2.59360879412628,2.15548883618282,0.414860532158532,0.169029625433183,1.44757729277629,0.00767695519507051,0.152463292929824,0.0850489761120754,0.108358389811382,0.019409796099588,1.3820684451657,0.123301604666931,0.239120206786516,0.00318804713751649,0.0124556061587584,0.0192396292992969,0.800493138898094,0.0140058066671774,3.28392862487577,0.0350834252025111,0.00466217900215945,0.102527135002613,3.58876028576596,17.177489714249,0.0695275886088292,0.0176134383213643,0.00800762746946858,0.693398209529359,0.265211297601328,2.3582682370223,1.34998533640998,2.67143941956685
560,Iodine deficiency,0,0,0,0,0,0,0,0.00105473126960742,0,0,0,0,0,0,0,0,0,0,0,0,0,0,0.00641805534999819,0,0,0,0,0,0,0,0,0,0,0,0,0,0,0,0,0,0,0,0,0.00407007606299957,0,0,0,0,0,0.00238623319434133,0,0,0,0,0,0,0,0,0,0,0,0,0,0.00210186188121832,0,0,0,0,0,0,0,0,0,0,0,0,0,0,0,0,0,0.000317686219314769,0,0,0,0,0,0,0,0,0,0,0,0,0,0,0,0,0,0,0,0,0,0,0,0,0.00277958340523348,0,0,0,0,0,0,0,0,0,0,0.000318737364772716,0,0,0,0,0,0,0,0,0,0,0.00147482885431148,0.000613089493313997,0,0,0,0,0.00110935848961346,0,0,0,0,0,0,0,0,0,0,0,0,0,0,0,0,0,0,0,0,0.00414518023758266,0,0,0,0,0,0,0,0,0,0,0,0,0,0,0,0,0,0,0,0,0.00110499175067452,0,0,0,0,0,0,0,0
570,Vitamin A deficiency,0,0,0,0,0,0.00112897435382733,0,0,0,0,0,0,0,0,0,0,0,0,0,0,0,0,0.00712415512383284,0,0,0,0,0,0,0,0,0,0,0,0,0,0,0,0,0,0,0,0,0,0,0,0,0,0,0,0,0,0,0,0,0,0,0,0,0,0,0,0,0,0,0,0,0,0,0,0,0,0,0,0,0,0,0,0,0,0,0,0,0,0,0,0,0,0,0,0,0,0,0,0,0,0,0,0,0,0,0,0,0,0,0,0,0,0,0,0,0,0,0,0,0,0,0,0,0,0,0,0,0,0,0,0,0,0,0.000422030050339791,0,0,0,0,0,0,0.00114689518873752,0,0,0,0,0,0,0,0,0,0,0,0,0,0,0,0,0,0,0,0,0,0,0,0,0,0,0,0,0,0,0,0,0,0,0,0,0,0,0,0,0,0,0,0,0,0,0,0
580,Iron-deficiency anaemia,0,0,0,0,0.00673837356276959,0.807920413874491,0.00229147807861148,0.186003827408468,0.103915049905055,0,0,0,0,0,0,0.167943355844398,0,0,0,0,0,0,2.96506754439733,0.000824570182177422,0.026374882102113,0,0,0,0,0,0.489636119192051,0,0,0.303369552068172,0,0.327160991308793,0,0,0.0221442168247848,0,0.00559222446138306,0.0788737755746651,0.0349603315651865,0.0696751985230813,0,0,0.122359470856413,0,0,0.237568683100535,0,0,0,0,0.00715264464032332,0,0,0,0.0112161395543722,1.1216827401272,0,0,0.177018530513727,1.76914203686375,0,0.126025620947751,0.00541769790334088,0,0,0,0.0419457707898403,0,0,0.059432447522876,0.00104456829234608,0,0,0,0,0.0268941281159712,0.204011227696934,1.84098114499996,0,1.2317750135699,0,0,0,0,0,0,0,0.0144204889887319,0,0,0,0,0.0239134986994453,0.00591825986657481,0,0,0,0,0,0.00156892356793841,0,0.0482790266375375,2.25469221184385,0,0,0,0,0,0,0,0,0.317941168297168,0.0185351189786928,0.00742667139332449,0,0,0.0210283492880264,0.0677595097250585,0,0,0,0.0421819427735453,0,0.0719830497886895,0.588028670263232,3.43760617074193,0.0500559242626145,0.163091645939487,0.209259321802884,0,0.353862364070103,0.00202876997208636,0.0613502602691201,0,0,0,0.00898823968917861,0,0,0,0,0.178151441253831,0,0,0,0.00100653511334747,0.0018235314922369,0,0,0,0,1.04802767031346,0,0,0,0.173335399428991,0.108558400423081,0,0,0,0,0,0,0,0,0,0,0,0,0,0.308809328662496,0,3.14837318418188,0.0590010467013074,0,0,0,0,0,0,0
590,Other nutritional deficiencies,0.0490306258621451,0.00202446052521359,0.0229987305223999,0.0824991857801199,0,0.121442349382501,0.00126896906630883,0.0240379910595962,0.017117198804141,0.00493436768973315,0.00123006579442067,0.00120858032725381,1.39535439441888,0.00188500760892246,0.0390955347624864,0.021812705302091,0.000685620283429869,0.0185812241554621,0.0019180765694718,0.081781353795575,0.00489114778103366,0.00189629897075731,0.484773660895613,5.70135576897932e-06,0.0042433445231633,0.0696332788486402,0.0433696892673001,0.00020375772693537,0.0818451907342139,0.0315664820419996,0.0465230110499113,0.0147647422281815,0.0475819566348298,0.0194143494387711,3.34978111275993,0.192698510169319,0.00199869115524599,0.00682095040773876,0.00399152030899927,0.028097164217205,3.5758557992964e-05,0.0187992046610762,0.00267260001328694,0.0297222436264558,0.0749051475864003,0.349183423516379,0.0079541105266574,0.00549890300141176,0.0282920445004015,0.137054990211246,0.0918903015876924,0.00217155449575761,0.00174594694443879,0.0217282750974592,0.00208436552965557,0.00158619951866251,0.286362831642403,3.37864800250015e-05,0.00739397303382158,0.215820388484103,0.0023075285669757,0.00479307668452504,0.0186986614230751,0.280088920561525,0.094811820251917,0.0116209357215781,0.000548358345808294,0.0544643031789117,0.0224312204108627,0.00399756044046986,0.00407669890388396,0.0286491688834153,0.0225101394551191,0.0207950247561137,0.000557162531252319,13.1478924876613,1.61947954758079,0.0316267937444723,0.0231473285470452,0.00713450215230032,0.0069951554175397,0.258825892734128,0.0108377726604604,0.595330168222148,0.00280098667465371,0.0182081806728385,0.0490514679156437,0.000208271100740357,0.00109496635838315,0.000864562249580785,0.0292627244123341,0.00525424877703356,0.00221730280972876,0.00528112948434963,0.0131831331983042,0.00343801848853793,0.00398755323238274,0.000525515795892503,0.147775514299246,0.0454772164783473,0.0144116447135599,0.00224333303870176,0.0777190340553532,0,0.00463504458351124,5.74826914810189e-06,0.854310272487498,3.81022683366122e-06,0.00156564208629515,0.000249636295268686,0.0302217685220432,0.114983193301968,0.138466929980114,0.00279197765569398,0.254458233040905,0.127589980296629,0.00278526629609027,0.000569983290974036,0.0239083605603892,0.0740401540883277,0.00505272275129799,0.023149418390971,0.00255321488956463,0.0249084785355495,3.75307375058668,0.0082163448661581,0.000216651260675816,0.0039181178577761,0.0924627573116128,0.902474693919203,0.00650379120944215,0.040648697203895,0.00202416855818523,0.00149847464708422,0.237120576695146,0.00111713935859137,0.0196723099698404,0.3355847261388,0.0316511588988002,0.000962186334067366,0.000968043129852971,5.03020146632222e-06,0.000296479958998528,0.00207235101483357,0.0103357226036947,0.00845114775879524,0.000435843635974737,0.0592180783808849,1.69372600712234e-06,1.34340116400537e-05,0.00104542829898418,2.38831666979503e-05,0.094461845794652,0.0789853555898504,0.0462736678184343,0.158158431796895,0.0127249309410023,0.102123998147677,0.000687310427178777,0.0157042530411079,0.0120166771238198,0.00976865338844126,0.0404273097606621,0.0461054641717133,0.0127517095908097,0.012381671520074,4.48244353077254e-06,0.00217958909727291,0.00485251818818072,0.405074639514888,0.00910517903596998,0.0594943591841402,0.0307371619265816,0.00218508818844298,0.0277998770558114,0.149627321247839,0.52688922525007,0.0363611234398214,0.0384771858195166,1.11287412392985e-05,0.0449017519289455,0.961747516095505,0.188721307720455,0.0401083951267543,0.0306822492928452
600,Noncommunicable diseases,116.654547701125,22.5346396514528,162.463288230665,96.6040968448565,0.457917488343153,262.325048504771,25.7546075902116,155.629057441504,78.4396367549032,42.5014803543065,2.72466657371635,4.55541481311918,578.585041671513,2.06877821035351,101.005640086534,84.9926089546811,1.04365940492681,36.1034068371369,2.71053268742404,43.3375642897952,42.0623990634425,6.43570900025306,1095.45754468622,1.58834691829882,114.072315944558,57.9021958386354,32.3601164445526,2.07222838873216,78.4724992946578,76.2372928240279,267.700546724034,13.9105147388023,38.659188884532,107.013238002069,10451.643404278,208.86180517714,2.73768581333544,14.6975125425476,20.889449756741,74.8004048414763,48.516195840334,102.635388093057,6.98227278768308,102.289971584631,209.833244186399,296.468724029748,50.0099076440893,4.12856462815488,42.9409315343103,72.3021533459964,479.399053531652,25.0711957339785,4.94390963602279,14.1310987963783,15.3181347608985,5.49576966430915,262.593456334916,6.33631461540649,53.2165213270962,511.753155978866,6.90484636375059,6.67518753467662,43.3679212135988,883.010446510307,101.834711022123,120.976286526199,0.77911023749397,46.7822858214496,40.0173935827076,5.99330706016838,3.64247464837926,55.9680901023881,29.0924085592308,121.06075921403,2.15815025915196,6401.44640034039,1378.15494526644,291.685365267573,117.560442172142,29.1341041902838,41.3474940134158,578.783876395507,18.5349704625152,1184.40499201837,21.3218029443741,111.94432940676,115.857986063047,0.839153856885696,6.7315059533062,23.8563240984316,29.872601649933,27.8882236281228,23.3444920691919,11.3934365718067,13.7683124960474,25.513810179299,37.5045176678114,3.46119196968878,91.6209265837344,56.3961274414448,153.023521861723,2.16902423068128,53.2752334665173,3.52391423510726,10.9938996567934,9.75030914522869,554.962654692674,0.713698189073634,16.1106323292754,5.65234861091859,186.713413029132,90.6483447381242,276.824684530845,8.17126050422601,110.050608932981,133.765125881806,30.9776146073188,14.2127039137756,55.1493844892468,467.816087823059,19.677034887227,36.0528058490917,13.1764343275196,9.08238144265575,871.645203854251,15.9482569401532,31.820841675968,23.8040051608841,121.004390120839,622.231555790122,371.390290063354,98.7254076070093,27.3208354825826,2.99929904537378,245.781544988306,35.3781828056674,238.769819486626,1529.2720071857,39.9759421935013,0.900053217778015,0.749100690009222,1.18601617579341,0.663202878732393,57.7993508012461,47.9129386901045,99.4561532020983,0.641383126701334,23.973069783009,18.0507237726484,49.0481898012178,17.1650647355314,3.96670079046639,52.7023915919697,289.449552581049,29.0071377428132,377.694822099505,111.316382281953,118.820854016714,2.59241080306714,77.6420243813635,58.661953246289,80.2910575495363,25.6011355428566,429.570829391856,4.7666653664051,27.4941252791985,0.5614000188082,8.89525434578857,50.7175871396837,457.200622217356,28.8192318874749,92.9527894949703,562.430719100662,9.69207573054139,549.542644527215,143.547342904621,2667.66119624233,29.3048349045506,173.858715403046,1.60124566037699,155.950988432402,550.201543700411,93.2805998155747,43.5500483407796,58.7544500591524
610,Malignant neoplasms,15.1553208538135,4.40281947976722,31.7904953368078,16.1617438020237,0.130478324161708,64.321603354062,5.62967209998992,51.0083033460091,21.9078719227003,10.7985729324967,0.656693767323947,0.593808620523724,109.204025164655,0.641508648808,21.6267657647775,27.0799297255987,0.191026440127078,5.04010060885589,0.464260115837,8.49528788518404,9.50118732417223,1.08247495632288,252.849434663623,0.377886245462372,17.9044056575341,10.3444784838228,6.00668494048936,0.399605344917539,14.3246554691693,13.0110238984238,86.3290204985946,1.79438792242342,6.82898316032817,30.4651974490905,2715.47286598846,45.3317718626364,0.446400789677227,1.83893444109929,5.65865149532344,13.6978962872778,13.0207630204805,26.8987026249758,1.889766978375,27.7886166106731,46.1512952303737,38.8793211869795,18.13234862433,0.592855603985936,10.9364033323915,13.9064217007607,90.7274442038757,4.46853896172798,0.938000454678426,1.59803530759795,3.77514145578484,0.746589377140545,53.8180497703978,0.860068930323183,14.4775374241394,181.96641364483,1.18027351262483,0.974239594509617,8.67012605393998,243.73994005807,17.7655217176731,32.8278215225608,0.186245744068761,8.67549558519776,6.81790932412484,0.922057760216328,0.569168739444238,7.55350071396813,5.90482227877261,30.2280878591532,0.660954849179688,994.416787595014,241.557359817293,87.8057173288231,21.2802304732998,9.79944177425597,12.6478408210535,176.613086846036,3.69510290806319,432.596039471404,6.91925408952322,21.0275852302348,28.9701139479089,0.115215825567412,1.64128152084855,5.0250560930238,6.27667826979727,5.82923372826793,6.34992187748708,1.17175528552105,2.66137304670854,5.28321069552564,7.79929312957552,1.08285165619027,14.6396080590175,13.3782470876847,30.2534355490887,0.247952527444,10.9779257223669,1.03969525431064,2.0564248466304,1.33855331814275,84.7565722025491,0.103843001102988,4.7036220574351,1.64035433655035,33.4332603175633,17.8370102579934,54.0883782411287,2.06284064707011,14.0632521726826,48.4387663546882,10.5167677767791,2.63899150276447,8.05057441506459,85.4064201690906,4.14176388044293,11.4554082188895,3.05490129758246,1.77365109300481,116.098389067441,3.43944471871672,7.60548992008669,4.66968121532843,36.7375332832648,98.1915311076016,99.9172244980468,30.4433610563421,5.52320210346426,0.607088730957862,94.2853945105773,6.02894385528498,53.5771781098463,310.616055345178,5.78561730891889,0.180820026122,0.208004600209,0.234339539819,0.108439409005,9.34750136899824,8.62188749672518,22.3109133355971,0.158607676984538,2.50057402576726,6.5552766871573,13.1987095671679,6.41572299158416,0.361487987334347,7.75619080671505,68.3717927122076,4.57152402216956,112.894946369583,17.9834033881556,16.8862293676748,0.649076401710921,23.088672807206,18.1981059063438,14.7371351785249,4.11614771976441,123.830049262395,0.595935009846861,3.84032150105918,0.127628570300527,2.11625345745872,11.5463021732979,133.281827386689,4.52125013133973,23.5312628620079,88.4577091296135,2.11642719776589,172.623758911648,30.3824825525719,615.184833154348,9.18610889706877,21.7760568409497,0.148295951546809,31.3285965217777,117.417269207713,13.5583017289426,9.3328912811437,12.4704133184972
620,Mouth and oropharynx cancers,0.871040355382,0.110337368991,1.133623614582,0.625476272587,0.003078008159,1.080233637639,0.068277873146,1.144632655214,0.629299840794,0.216420770189,0.00571796458,0.010548853191,15.459042778211,0.013198607207,1.115947632422,0.594538916094,5.3559798e-05,0.179993491623,0.03732353373,0.071424842039,0.162635804071,0.045310780403,9.639180236228,0.017985520689,0.438191687986,0.263923704717,0.171285695604,0.017910115448,0.758453115231,0.808774745103,1.855573524598,0.07139344497,0.244733994115,0.369383014307,59.378205540376,0.910167678897,0.004992889809,0.030567925314,0.108758953885,0.332226779431,0.365199593449,0.935108413319,0.029294758778,0.900690529569,0.573977925207,1.137026160111,0.42041245147,0.014025236807,0.178980554139,0.224172570683,1.098828407162,0.073043767658,0.044331115455,0.054515758279,0.121917360125,0.008759991306,1.779487530116,0.012942711637,0.237306335607,4.173261951144,0.048917203911,0.005830333294,0.197682017565,6.05575961028,0.393890171634,0.533257745166,0.006247416157,0.114849989156,0.080677347006,0.011598585787,0.019009023147,0.174015524097,0.080946270606,1.169493191494,0.011138633204,143.280844689385,18.561926094819,0.870650611959,0.367916522404,0.213119937969,0.188996863829,3.552442984578,0.039523198773,9.33633646314,0.133928525321,0.680721763191,1.330216327153,0.005489240916,0.052029546541,0.156087421041,0.369968155041,0.192396460848,0.078464760594,0.021734872155,0.042199399585,0.128764434401,0.331454649235,0.017154532641,0.645921210946,0.230845582256,2.169727708782,0.018218108988,0.302943563959,0.023284798391,0.060553913295,0.043977447282,1.390523559774,0.002483589773,0.061225015145,0.042270066648,1.108998604653,0.297220641459,4.358317440682,0.094669331642,0.680965675225,0.903732980235,0.17244531678,0.030415327633,0.229606379328,2.882331270878,0.074730198573,0.178979699971,0.049537094371,0.048045021568,12.82300185248,0.071295135953,0.553501995108,0.120784302973,0.567016463859,4.284125744627,3.609484108764,0.924738728548,0.150730322668,0.014997719373,1.423215978675,0.317027970476,2.292921616305,10.897024951798,0.132921716229,0.00236462156,0.007785930294,0.005559151895,7.70888e-07,0.393031240653,0.206551632357,0.590149865974,0.0120526014739342,0.042559562597,0.23489223066,0.612971746397,0.166355957033,0.014011623141,0.317799857767,1.383544174175,0.202015611323,2.717446946833,1.814489549562,0.693350381058,0.015168594223,0.367060526503,0.479687571295,0.299598604954,0.100807879011,5.285558535211,0.049691501233,0.166647542111,0.001972337442,0.031679942629,0.399024851946,1.528710482182,0.191004318974,0.809242414766,4.155473159279,0.068477928856,3.604749263049,1.000508401182,13.262243846932,0.171161038906,0.882750139955,0.00276918211,0.600850282452,6.275663008783,0.779110459875,0.154539608458,0.169302366991
621,Lip and oral cavity,0.640728075065,0.059181100156,0.177562642245,0.440161617165,0.001959327719,0.702563218114,0.038625778515,0.635209596276,0.322059620092,0.142698568013,0.004623648829,0.006798998538,9.032560595249,0.005693258337,0.557368929422,0.280994667463,2.4621609e-05,0.105567736879,0.014334591435,0.045192710807,0.091401532868,0.030334864413,4.819616749317,0.00364892001,0.22343385043,0.2064525585,0.090596073838,0.012644559516,0.384848028864,0.29057753594,1.013719555215,0.033997547271,0.146363716447,0.234642020363,23.032011327291,0.586482888669,0.004012324128,0.017464773539,0.062421349554,0.216996845718,0.18597008718,0.462169663489,0.023092819598,0.463938077055,0.227394816178,0.569684826746,0.174147562956,0.01012460393,0.068626669119,0.149702248493,0.721819547099,0.060954935307,0.021872549669,0.0322017822,0.065288380552,0.006513866697,1.116598503218,0.011005901353,0.171023087456,1.973512782949,0.030299508685,0.005135469335,0.106040845543,2.833854226202,0.195474044269,0.384668035196,0.002587635494,0.074773128229,0.061042443462,0.010815173472,0.009771121188,0.104938162342,0.043577605103,0.551568932821,0.008351670035,81.737412520528,4.477600850368,0.58138774329,0.227518389275,0.112028674104,0.136834409405,2.155294449246,0.015426416468,4.845400785568,0.073031444219,0.442611885496,0.546978634159,0.004334713552,0.026289690976,0.089144987059,0.131797736814,0.12331281016,0.055829185293,0.017772767911,0.03161882686,0.038422995011,0.163875109725,0.009718776895,0.330642564653,0.187951261179,0.515666937091,9.0038969e-05,0.246639038868,0.014527197644,0.047000422453,0.01777669318,0.836850049758,0.001466965075,0.035967007707,0.026438764807,0.43540180472,0.207507341165,1.556492242267,0.068037177084,0.570368789989,0.464843645287,0.109458409608,0.014751887376,0.172766476637,1.593460684721,0.042519286317,0.111676635306,0.030523374479,0.027432519877,10.726051757792,0.038864562163,0.466556972908,0.068984230778,0.383703194103,1.611240973456,1.996088813317,0.437178901074,0.063583863444,0.010496308647,0.754973780755,0.133813570294,1.012753989501,6.388730837123,0.078793882309,0.002363351542,0.005928986227,0.001733086971,2.17674e-07,0.159818070702,0.166851606022,0.347266370991,0.00700475683790593,0.03242167263,0.053960077837,0.297717218487,0.057112754345,0.012375706959,0.173599182949,0.920438877714,0.099126370591,1.535112840037,1.361464533117,0.315783194297,0.009158578186,0.235673095899,0.245992123422,0.189578946043,0.058018785143,2.746411853733,0.011834914536,0.104374508378,0.00128618771,0.019571716775,0.128700196263,0.737838314859,0.102314065108,0.332553901024,2.160973312945,0.040692768957,1.973246812483,0.559394441509,6.922662975395,0.104492228031,0.548209163123,0.00276918211,0.337817594254,1.282910747713,0.361788896713,0.106196273981,0.104576271471
622,Nasopharynx,0.086315259325,0.02425679458,0.88324402781,0.062517481513,0,0.053457937043,0.006081913798,0.085582111523,0.026715799574,0.034576519334,5.02956e-07,0.003284282419,0.68861762234,0.000508841609,0.024009504392,0.014456620115,1.7088512e-05,0.044576069701,0.012657563379,0.002300679285,0.013108761909,0.005680267335,0.432738563946,0.013309137586,0.043871084587,0.00439953869,0.053891795358,0.000831829692,0.232737637027,0.265968186032,0.144037794291,0.0290021713,0.065652174534,0.013536102845,30.673795771851,0.056465538713,0,0.012432665299,0.012959980328,0.073356844232,0.019676458637,0.084418481147,0.001443200344,0.043579244455,0.236241156137,0.404613747145,0.014499090797,0.003900632877,0.025356096276,0.011308523221,0.149378881183,0.00199291788,0.011034087478,0.021407139409,0.00215626333,0.001224599904,0.518183549548,0.001936810284,0.00439888059,0.137263431674,0.006140520041,3.6278222e-05,0.018288574349,0.192985448683,0.126800722395,0.053919981578,0.001265001116,0.011077618943,0.007720684278,0.000753955948,0.001437646297,0.01779369538,0.014939591746,0.040677479088,0.000524045718,14.134503399075,13.062988799676,0.154705164346,0.116158632682,0.013297005954,0.021867174724,0.199730073273,0.012124515039,0.318882511021,0.053700971679,0.074630047959,0.61518756129,0.000808382142,0.018972750795,0.027427714508,0.179810833852,0.00324829944,0.018030805648,0.000969325731,0.007556380345,0.081979481586,0.007610319352,0.00121816811,0.066223466742,0.040846053329,1.482704451664,0.018116934803,0.021979063578,0.005427828295,0.008195430443,0.004099497883,0.078367688438,0.00089039274,0.010973850378,0.000953184194,0.539472586789,0.01382079786,1.488213874478,0.007796276182,0.02385749011,0.025878400886,0.014127422157,0.005992244395,0.026810886186,1.052031723543,0.014723832377,0.007734958745,0.018420373375,0.012858103309,0.670950257236,0.006882105855,0.012570397405,0.005750930135,0.042158888655,1.631255629193,0.126988170222,0.057762283431,0.013115806032,0.004495169414,0.166137585913,0.018430388054,0.162010329674,0.344693354813,0.02324178387,1.270018e-06,0.00055388538,0.003826064924,4.63319e-07,0.208179684203,0.021493972168,0.035701596233,0.00162444821902829,0.005787841695,0.124417057863,0.021662200933,0.004586307555,0.001090284411,0.116291617553,0.114621680995,0.0843420569,0.208684409015,0.041196341002,0.319957637114,0.005127720468,0.010289031346,0.019228567698,0.091916565975,0.013626796597,1.509680137271,0.037856586697,0.028690483922,0.000587722598,0.004081068973,0.235317787926,0.60167545046,0.025857786701,0.355678317403,0.153515570445,0.020307228421,0.165943533805,0.23481134468,0.788776024113,0.007779522483,0.117900636358,0,0.070931120715,3.491041503702,0.361790336807,0.035160184906,0.0392914215
623,Other pharynx,0.143997020992,0.026899474255,0.072816944527,0.122797173909,0.00111868044,0.324212482482,0.023570180833,0.423840947415,0.280524421128,0.039145682842,0.001093812795,0.000465572234,5.737864560622,0.006996507261,0.534569198608,0.299087628516,1.1849677e-05,0.029849685043,0.010331378916,0.023931451947,0.058125509294,0.009295648655,4.386824922965,0.001027463093,0.170886752969,0.053071607527,0.026797826408,0.00443372624,0.14086744934,0.252229023131,0.697816175092,0.008393726399,0.032718103134,0.121204891099,5.672398441234,0.267219251515,0.000980565681,0.000670486476,0.033377624003,0.041873089481,0.159553047632,0.388520268683,0.004758738836,0.393173208059,0.110341952892,0.16272758622,0.231765797717,0,0.084997788744,0.063161798969,0.22762997888,0.010095914471,0.011424478308,0.00090683667,0.054472716243,0.001021524705,0.14470547735,0,0.061884367561,2.062485736521,0.012477175185,0.000658585737,0.073352597673,3.028919935395,0.07161540497,0.094669728392,0.002394779547,0.028999241984,0.011914219266,2.9456367e-05,0.007800255662,0.051283666375,0.022429073757,0.577246779585,0.002262917451,47.408928769782,1.021336444775,0.134557704323,0.024239500447,0.087794257911,0.0302952797,1.197418462059,0.011972267266,4.172053166551,0.007196109423,0.163479829736,0.168050131704,0.000346145222,0.00676710477,0.039514719474,0.058359584375,0.065835351248,0.004604769653,0.002992778513,0.00302419238,0.008361957804,0.159969220158,0.006217587636,0.249055179551,0.002048267748,0.171356320027,1.1135216e-05,0.034325461513,0.003329772452,0.005358060399,0.022101256219,0.475305821578,0.000126231958,0.01428415706,0.014878117647,0.134124213144,0.075892502434,1.313611323937,0.018835878376,0.086739395126,0.413010934062,0.048859485015,0.009671195862,0.030029016505,0.236838862614,0.017487079879,0.05956810592,0.000593346517,0.007754398382,1.425999837452,0.025548467935,0.074374624795,0.04604914206,0.141154381101,1.041629141978,1.486407125225,0.429797544043,0.074030653192,6.241312e-06,0.502104612007,0.164784012128,1.11815729713,4.163600759862,0.03088605005,0,0.001303058687,0,8.9895e-08,0.025033485748,0.018206054167,0.20718189875,0.003423396417,0.004350048272,0.05651509496,0.293592326977,0.104656895133,0.000545631771,0.027909057265,0.348483615466,0.018547183832,0.973649697781,0.411828675443,0.057609549647,0.000882295569,0.121098399258,0.214466880175,0.018103092936,0.029162297271,1.029466544207,0,0.033582549811,9.8427134e-05,0.008027156881,0.035006867757,0.189196716863,0.062832467165,0.121010196339,1.840984275889,0.007477931478,1.465558916761,0.206302614993,5.550804847424,0.058889288392,0.216640340474,0,0.192101567483,1.501710757368,0.055531226355,0.013183149571,0.02543467402
630,Oesophagus cancer,0.837559730785,0.061286961026,0.231878583004,0.790348775129,0.002143424086,1.864955697144,0.044801093709,1.548775103082,0.435921195926,0.851359541133,0.011521120763,0.012299551626,21.176644043675,0.005322358188,0.508714949709,0.878904889603,0.001880860117,0.192735483603,0.042676434878,0.108191109592,0.106122986881,0.106251748577,10.097669480752,0.003169666853,0.194680122834,0.275091520628,0.429804577284,0.039142072229,0.392507345237,0.161129311695,2.577839900433,0.028692492927,0.109697066683,0.691874513629,282.542265460557,0.709534039875,0.054042777074,0.014241901052,0.062941536882,0.088988324082,0.216751133093,0.841059661409,0.01807637343,0.637536605819,1.665855357135,1.336815037824,0.601304561749,0.018985037364,0.176223692501,0.152152649993,1.503360191777,0.069899376643,0.013539144222,0.0546673291,0.086280984057,0.015556185172,1.459469085715,0.018154322708,0.389191740024,4.482815735436,0.029228942261,0.028330291408,0.08848271414,6.7239403713,0.464241154505,0.288807746885,0.002955454052,0.114336333091,0.043494327968,0.010371502985,0.004644097605,0.167931527978,0.080582564197,0.486743651181,0.022444346661,44.212544764835,1.319526606022,3.425605061583,0.2601904994,0.478685749745,0.159067295551,2.108353403223,0.053492453186,12.552158202687,0.079248048061,0.990051641283,3.085972692967,0.004911389269,0.027427015686,0.180115938765,0.25222312623,0.141306402492,0.038713816795,0.092800654719,0.01784466451,0.053108088082,0.196055722789,0.025131009596,0.670841238622,1.688185562569,0.388028078846,7.2263442e-05,0.260688928878,0.026089621492,0.046060690283,0.030389306173,1.146272717877,0.002120441382,0.37350246415,0.023151425972,0.400528818273,1.349132596202,3.931514565676,0.045158766692,0.224233365324,2.35773152725,0.291922314015,0.016234627549,0.121716832075,0.564075054772,0.043441903105,0.28505698522,0.022831645835,0.026758060045,8.828989689219,0.033770027549,0.211016764999,0.146367881946,0.345131335752,0.870650534618,1.736108579197,0.64907996861,0.113603383539,0.012452678787,1.817763402207,0.085053810836,0.766620820602,7.91512379865,0.173352542613,0.003767018259,0.004595854649,0.002697038511,0.003120312193,0.165192835388,0.16807172273,0.294411105286,0.005384857079,0.030866461839,0.125461926734,0.282787166066,0.106229935303,0.006770975438,0.366720020509,3.514695390457,0.311457330331,1.968750780397,1.764596633356,0.749869040453,0.003142311152,0.574302999388,0.484212803815,0.112911443759,0.145204190189,3.165988508122,0.005766866188,0.178377241312,0.001683133073,0.027057125042,0.09388635711,1.290541453352,0.390865280199,2.104300741307,2.224296369191,0.027899434303,9.042602660535,3.049492242296,18.372520001817,0.274853005984,1.32984437363,0.000437075577,0.386454940394,3.135978498804,0.884511493698,0.47507844296,0.881785258366
640,Stomach cancer,1.723830735493,0.462858761367,1.980155140912,0.595805173443,0.003029306075,3.239784206032,0.496302556258,1.365119630806,0.775588326804,1.368564617443,0.035271084866,0.034899296613,6.775854440391,0.020036057051,2.027367732368,0.731958773015,0.013994818081,0.366421812667,0.101721305068,0.65540922325,0.612683485501,0.020021221499,17.10320033966,0.023510621486,1.094223562156,0.304367387362,0.25295231449,0.047966365474,0.495039871763,0.407897156409,2.280853206043,0.063857730313,0.219044704123,3.352522463008,426.561234141463,5.681544323203,0.008723106689,0.117520623004,0.751904318226,0.56811385522,0.63703362382,0.902134050624,0.060411459975,1.086249757265,4.960177000356,1.769868162342,0.601205388667,0.024065913868,0.600222324283,2.153068024762,2.524341661841,0.476318040682,0.032107450722,0.060810784831,0.261337864935,0.010707533545,2.264740821691,0.026144778148,0.433975654168,5.142945430532,0.035504148254,0.034497017456,0.613426432928,9.570356960707,0.777946893636,1.399464012072,0.005087374528,1.241558591655,0.306747673223,0.050579298209,0.018176633794,0.779876953211,0.48951212146,1.288415176955,0.015651108065,78.6458999794,3.230892496007,14.249225862039,1.041876560008,0.335536387913,0.553565379157,9.94235379961,0.167097929373,48.855491521071,0.398486773974,2.285501770951,1.626462132295,0.018250756148,0.064365553091,0.871773731639,0.55447263776,0.38356663817,0.182788833475,0.019602088904,0.122337151007,0.190474408701,0.645950464268,0.041873582454,0.659483673026,0.273873330791,1.163657524803,0.00145116559,1.1829987576,0.041648275234,0.125082523536,0.085531814058,6.696219042706,0.012545825375,0.737783548802,0.053170267723,1.902471273398,0.106026891381,6.097055988099,0.038201204755,1.472817874871,1.404638868568,0.338178008268,0.265845896336,0.364085814246,2.156007117542,0.309615421175,0.293733059594,0.123337789928,0.160750300158,5.212662739794,0.370929938449,0.382118093482,0.263450678293,5.528276491781,2.688230683743,4.999270719521,2.638755489745,0.187892509438,0.034126616498,8.554303996695,0.431393155366,3.510620314585,27.438832809918,0.571468826884,0.015155669295,0.011405108414,0.018104960932,0.016338063295,0.386374731081,0.631901397994,0.872112358394,0.00684724033302598,0.163883780182,0.302310106468,0.594831661367,0.339388377416,0.00864775557,0.339032144292,1.762445971351,0.213989463624,5.359549088493,0.632583977134,0.519783670642,0.025998393139,0.618441012678,0.573704246644,0.623810381584,1.076706488201,3.200963414642,0.031586179409,0.225152849601,0.013293808808,0.065700586541,0.406834840895,11.083170865358,0.47263675847,0.496707451078,6.737596118971,0.120811353356,4.627500705864,1.045691714064,12.6023668198,0.465629476214,2.297477051953,0.006251150428,1.927048565066,13.447562550964,0.924785294251,0.245399771094,0.677987623092
650,Colon and rectum cancers,0.660319486717,0.249389197822,3.618546670878,0.699685842327,0.018358903976,8.95175341597,0.53907929837,6.223065847217,2.284321597725,0.957383895344,0.071516297726,0.06317573158,3.337835641554,0.0888455482,2.827352595531,2.94121013429,0.016864677063,0.368125293939,0.01878977651,0.34160011397,1.185935927903,0.040948041001,25.418136375203,0.063417630796,2.903231688267,0.359063624411,0.283597547616,0.016826711064,1.079271208365,0.625182583592,9.935261492328,0.101226810507,0.289194847148,3.906564907688,266.379614504755,4.649069244571,0.014899808682,0.115898908182,0.719670238694,0.769611803178,2.170489347625,3.156296670924,0.1684845639,3.735390987377,4.620584728807,2.379825741669,2.365909304181,0.046124801567,0.872996206262,1.207070053871,2.958299997945,0.308378968698,0.05536042842,0.118275083892,0.518327332307,0.029251852638,4.731074622985,0.05439489042,1.582701499628,20.927418085404,0.072572100584,0.036079117006,0.742555580219,27.092878398181,0.629544849516,3.544965883168,0.021992603236,0.442786012776,0.179800889939,0.038243883879,0.052915197134,0.62036893986,0.316868333395,4.989846063623,0.073079213718,63.151119962082,18.907077579791,6.905702628038,1.394386084982,1.113420439606,1.593076762481,21.407932191926,0.402755660039,62.457022612043,0.722507272695,1.975567349693,2.103413322945,0.007315949968,0.16720856387,0.30002948169,0.448136827454,0.69936595875,0.491875805911,0.055741155834,0.1037574024,0.637481606849,0.956787212804,0.130947299546,0.692405204762,0.402134036293,3.534512209873,0.023726414182,0.733534537305,0.131197749977,0.128736716175,0.17439052131,7.787970633094,0.008998332993,0.105263020321,0.170534755639,2.464485514361,0.458650460404,3.172272677596,0.095944210785,0.669020704785,5.403504904012,1.562052971239,0.20212791699,0.609522877185,6.116920988842,0.572335848714,1.773555670971,0.325495257538,0.185676877809,4.871483467948,0.397628331758,0.383107573228,0.480982507747,2.99668742214,12.42002381176,13.237831534419,4.514225974762,0.754264241993,0.065900774695,10.64811933576,0.988612556934,7.140248727412,41.435243371366,0.277129962102,0.017449658044,0.027500728067,0.022641241788,0.00541027789,1.35403587278,0.479359728354,3.090968356076,0.0229890311706639,0.099237819773,1.055828723615,2.057998115572,0.745757263131,0.01461770011,0.601929408988,4.790559666391,0.261404847474,16.680447075852,1.205612929738,0.988515460281,0.069528701638,3.12800875518,1.81405718104,1.198085644456,0.209097078065,11.074131279783,0.048989782039,0.278108497352,0.005790158436,0.232689131603,0.902587534944,11.586312726784,0.196421981606,0.913150492213,12.039010940994,0.223572359308,19.752652148742,1.713774257221,62.533311983825,1.210375087569,1.49422589402,0.010990454814,2.656260328532,8.062715302037,1.182812489948,0.31581564759,0.549655902833
660,Liver cancer,0.796434419047,0.162963570903,0.564363015831,0.939381176972,0.00728676001017183,2.092784234905,0.495181611252,2.359559537103,0.906506153757,0.54020261639,0.02248536296,0.029656425031,2.97328198333,0.012979833988,0.523864269253,1.010504114772,0.020313427561,0.544783493944,0.031423905264,0.579605903402,0.533036682462,0.023214123385,11.529045304587,0.027891165641,0.712113827446,1.599116158308,0.346240764433,0.02766457213,3.396876924503,0.927704054041,3.69332818773,0.133547151864,1.035424613558,1.644309130303,168.126159762295,2.010101788823,0.032813274928,0.265438652878,0.384771233402,1.211116039964,0.478592210372,0.821134115586,0.08916986074,0.906204663947,6.086431446412,3.257205568278,0.61528497398,0.030143199568,0.738119440001,0.952357724336,27.302154078652,0.389462883206,0.103696410821,0.083364727315,0.135761821812,0.033616817647,2.405906419394,0.074962108414,0.684681026162,9.76790828782,0.163027867088,0.287867060633,0.492719961122,8.680290960451,3.426827284834,1.440149160123,0.00730388146676098,1.729120430698,1.655407260307,0.170356115072,0.035003872603,0.64695341156,0.346555520255,0.775419460808,0.021997883726,39.433593482161,22.126635687306,5.82627507601,0.741679635557,0.409641417745,0.369101378912,9.202353923124,0.077308020012,27.434215950841,0.212758247909,0.975636361303,0.832743999022,0.005827696048,0.114209622796,0.468753358718,1.255937450315,0.179127332285,0.162853887825,0.041197650181,0.469303697114,0.243214011952,0.248693898945,0.041018012573,1.013941607574,0.410220691022,2.155056174799,0.029086159057,0.828893270448,0.036389716008,0.243557956634,0.054667261247,6.302283648344,0.004248170469,2.113410509198,0.05671975873,1.048266833446,1.363420589442,5.664920759694,0.066870039886,0.534934172563,1.332123936618,0.301663814387,0.293051479415,1.109113322785,5.014459292793,0.166009000321,0.343297619997,0.15885182372,0.106223782885,5.341608465102,0.178764832373,0.748409929946,0.165146666531,2.366544710285,9.758763608826,2.238535784454,1.34341287716,0.408696429826,0.037747562968,11.629863762223,0.398466503728,3.163323781965,11.178990723216,0.424700824641,0.002904276254,0.005779947986,0.010381393285,0.011980569966,0.781553037234,1.212268511512,0.791326522827,0.00475758241298577,0.387970709982,0.618721843492,0.414008495437,0.290508014079,0.053185906967,0.274918838812,2.585972749896,0.322877199561,5.227345414484,0.353629971285,1.088876400283,0.044239809578,0.839428594632,0.736186991529,0.410952113049,0.289561686499,27.205127133186,0.05096560119,0.231415676554,0.017668876098,0.058668076528,0.552177098551,5.410698003341,0.294702597914,1.793878517262,2.156657462868,0.079822671858,6.159505358664,1.071655159361,29.336653768245,0.176713348969,1.531715357851,0.026189983012,1.148184685191,23.379965297162,0.766854784613,0.379439300387,0.690869772723
661,Liver cancer secondary to hepatitis B,0.278467329774347,0.0334102828050213,0.101675308175171,0.513214417794253,0.00102345229136658,0.0861592629303777,0.0999938758103253,0.403557022598361,0.136209261472361,0.106584502852851,0.00229296263916673,0.00802860272696819,1.31047978464439,0.00174918086706157,0.112871406803436,0.0921873351604208,0.00242081675403531,0.290265454110825,0.0130160695111937,0.0791252040382608,0.100647475494225,0.0101878664423168,1.21528716694533,0.0126712673743072,0.238330841324648,1.10277228371459,0.192329279087605,0.0126960692799061,1.58073301483231,0.628475073577378,1.06724135097671,0.0765888106615196,0.569208171901585,0.135269617777801,115.893591596534,0.261223012033284,0.0189521793515323,0.152589657145474,0.0476877256346747,0.67085680970257,0.0986684827157935,0.100286560926211,0.0192474963349158,0.0160012707040997,2.56306959260871,1.89205440952693,0.132165032855308,0.0101343044185625,0.0934974698348505,0.215230876780089,2.62397722967421,0.0438195743456815,0.0547475119132344,0.0418716535855253,0.0308207421607853,0.0171531356216971,0.728375029055646,0.0348799603063955,0.139739955141752,0.978979979952862,0.0635377758997106,0.184164332793663,0.108962646025336,1.40844152672012,2.16673093540809,0.645238756773863,0.00152871399088134,0.21788135317235,0.909292361674755,0.0829407174964979,0.00462744847667265,0.0986314686442555,0.0505090654838326,0.0314556324435629,0.000836267583084001,13.6760244213188,12.4338959622225,2.54375711950223,0.20932963618503,0.0857223298415289,0.0746292181510679,1.37269918215119,0.00975239056563088,4.79597867099784,0.0549088110265444,0.404760709992612,0.390373715069535,0.00261064988390316,0.0296037191458617,0.0978200871068975,0.601622613199028,0.0386609775923857,0.0860719675138744,0.0202862143861581,0.250538509528069,0.0648877798455164,0.055920500765559,0.00876478243577515,0.506735971409017,0.223406971394887,1.04486698254054,0.0116292501461151,0.433690977880457,0.00812225421035314,0.122246499600683,0.0243224150124315,0.22356640290676,0.00195590529692279,0.805735894374864,0.0103720169726581,0.270962807170166,0.856817584858627,3.4274538164735,0.0365552605950721,0.214836634581843,0.246213816348893,0.127127650689768,0.0398887485196228,0.735432339881303,2.92176099220936,0.124581100345571,0.0279191654268745,0.068024754778226,0.0335438711944394,0.948063278966796,0.0243909090530983,0.356742787769311,0.0206023482875829,0.259370788673764,4.28007248444339,0.543650371147436,0.124330716907089,0.165957972042501,0.00765363438151757,7.37782342657537,0.0994543953337586,0.707456914990172,2.68784812530827,0.215007229517907,0.000354337358146237,0.00067632538934134,0.00458919889880877,0.00688194601264644,0.210449421685652,0.768809726131217,0.160548138153245,0.00226501690979492,0.225238328820971,0.330032059920102,0.0492248980661539,0.0601433889012153,0.0258865740389881,0.0783367804875437,1.11035373420078,0.173605166220054,0.700232439807546,0.0032126898882032,0.426963418845909,0.00591751122799968,0.0508116869712978,0.125998321030144,0.115951835193293,0.0982136835081919,11.2842201804611,0.0199566623256057,0.123440757794961,0.00808333617704462,0.00754860943980255,0.106733556462397,2.47310452154153,0.0601345540539599,0.962460959270818,0.461620257277989,0.0194976629196651,0.390447042194264,0.644537006050944,2.80329759913626,0.0225339618250087,0.309132094298835,0.0139516472949357,0.136927397663034,15.5957161536518,0.294332398890328,0.198866032400427,0.287430295911242
662,Liver cancer secondary to hepatitis C,0.296025427968238,0.0478296944644553,0.240155235554347,0.163242381827221,0.00217836689318608,0.744529228948054,0.140452226529892,0.883512170586666,0.310124269347216,0.170453374926243,0.00719925920394227,0.0120168991479906,0.189941466632151,0.00358260194226221,0.1447387335676,0.311534344412814,0.00557026335253228,0.0824421561115971,0.00396022383483093,0.158161145424066,0.166135085210115,0.00487097140787933,5.82575845180595,0.00644706617575537,0.156619137264664,0.21565816446455,0.0449471543125224,0.00490984088305085,0.944917945851371,0.142309015332906,1.08440245481805,0.0210439927270406,0.158508888441142,0.742519276642706,12.9062360422672,0.207483383772291,0.00362837536333304,0.0372765142660542,0.119141613766452,0.24585811329863,0.1306131373897,0.239638462086057,0.0275344794114359,0.157179662061979,0.881151979579865,0.461542825694112,0.186515728677503,0.0101547614656216,0.22725525240749,0.0343588138271472,19.4120316292798,0.125219600145893,0.0166050399407285,0.0127986389062024,0.0339397772567612,0.00581508947164446,0.532322400144913,0.0148477147679333,0.20800607876902,3.0252624380287,0.0547677068821938,0.024815744066692,0.138460503455924,1.99051874960394,0.273150520750034,0.298885000415994,0.00111851774887623,0.506074464220825,0.229724202308458,0.0329101345898043,0.0104118660781137,0.167858630183471,0.0824323821102775,0.422042027193958,0.00291688991830989,5.73639775113171,2.93551186752623,1.79893284968216,0.303258330575395,0.121804951956103,0.121709395372274,5.28883824057558,0.0230518821048007,13.8826059657883,0.0877256876792149,0.306246213195227,0.132613210215,0.00125202157610631,0.0466395153512812,0.139506253684171,0.260696565453395,0.0499869449215759,0.0319190551195033,0.00758256057311647,0.068605353244874,0.1023990709254,0.0668754759979128,0.0112177729872769,0.131989312821006,0.0567107945606753,0.210865607639676,0.00422790569394047,0.141553488078025,0.0104739412501943,0.0384816523973743,0.0111979733762462,1.61124224686537,0.000862539367703981,0.747771735859846,0.0170869415155626,0.464585834359224,0.0471623022047319,1.36338890907328,0.00980574507035222,0.0715575892718247,0.368463792441754,0.067308611236736,0.0868963172852216,0.0829524562049288,0.20947577742713,0.00794326987943055,0.117623484441506,0.0450822736625786,0.0300304542236033,3.33950307685342,0.0534420642196986,0.161498760709229,0.049327954049943,0.48531801972347,2.2992123508935,0.983342830806255,0.491828029189514,0.113212599638642,0.0206582955602373,1.10252698040192,0.144475531061678,0.777119377068392,1.09217084176325,0.0616030560274502,0.000838656050396117,0.00156428085644386,0.00212510207892024,0.00136055982923224,0.333238684129892,0.00852760061062842,0.23349214517258,0.000897586471807285,0.0460690791590526,0.0551132550268254,0.077101469374689,0.0820876628938726,0.0108130239770404,0.121301507823476,0.329300851816177,0.0440930367081953,2.40926284825257,0,0.0981063681498758,0.0135602690836875,0.210752804613339,0.198599754280803,0.168878046986439,0.118495770570688,6.59853482890916,0.00662344237985134,0.0344661520576375,0.00359321174514749,0.0159901849031937,0.315469528924774,1.05035893118989,0.0883097365533938,0.273189894007961,0.61488626315609,0.0323829676513271,1.73501275328016,0.139784564084871,13.0268610053485,0.0540920550750817,0.470873889501485,0.00419107738413488,0.352248765638005,2.40827228415466,0.211034194621323,0.0548267612456047,0.127762788849909
663,Liver cancer secondary to alcohol use,0.0787011213257443,0.0564778076733368,0.0899793309327721,0.149512558059776,0.00214017796620902,0.868096748080757,0.182181950223888,0.714428414497463,0.385667353128892,0.18516561882107,0.00924464916859334,0.00324172241740072,1.06075218345943,0.00541627543955923,0.207354839129904,0.483720405702549,0.00883536204294551,0.0841095226770195,0.00981350355229172,0.219301489653739,0.180756080260231,0.00375458786176633,3.04710788765884,0.00462032274367478,0.237555460626305,0.0942969589109468,0.0551072315007521,0.00436646037776652,0.550400092159795,0.0460835983587698,0.894625884232235,0.0198386567846265,0.160930582368163,0.484664033458172,19.3031080880686,1.03544846097131,0.00411363115928514,0.0439755950354015,0.145064611659041,0.138372102310914,0.177252806253341,0.320194508583084,0.031314637586705,0.614373893885291,1.47161477308683,0.514064219884885,0.228143191544776,0.00471999303986528,0.283697215021409,0.43914707579612,1.04164870583802,0.136253035984771,0.0180248319570537,0.0140066324047464,0.0546755530727547,0.00480746016135466,0.690748957748809,0.0130872265167554,0.252433677454594,4.42093566181029,0.0228942761193348,0.0378557007138788,0.186349294786868,4.08025279492597,0.438909703341764,0.318836009031525,0.00270400359891473,0.64965496266351,0.246527342637613,0.0267996384989248,0.0136378665234263,0.270988057257749,0.146718033756677,0.234071236897883,0.0142033889436663,12.9011293102779,3.64550265930257,0.29435061322737,0.0759007843833722,0.14989475454246,0.10525473668168,1.91891958015145,0.028524645414817,5.97670849554482,0.0234968266748453,0.154406404907087,0.129073123023081,0.000819793609432636,0.013592720574337,0.173692590044632,0.267868583308667,0.0694103465462676,0.0149959384366271,0.00634569625163591,0.073291552790014,0.0285838309306834,0.0975145107103903,0.0168022747275794,0.178087873153059,0.0522816643529696,0.539965926548358,0.00896514968903786,0.129692294109193,0.0136683523820231,0.0343491926948722,0.00977829698122592,3.19582032448901,0.000706199808598749,0.371023697016334,0.0199893603865305,0.109548024038048,0.186052546217785,0.377858551596281,0.0108185610452639,0.177961139787319,0.52285879427553,0.0629007834459251,0.110850757948156,0.126006577279395,1.0614354615787,0.0124856477416536,0.153300009740048,0.0165922891346041,0.0183222365740622,0.535470702691051,0.0676287278853572,0.121582961270047,0.0737116173689704,1.10211749463355,2.0589415600561,0.463012454077108,0.580427835907882,0.0595787940845296,0.00252099648073786,1.86232820882696,0.11564333955676,1.26764249140632,5.7476959290944,0.0815420077997439,0.00129106529580357,0.00280410808512529,0.00205201018650122,0.00220583454125683,0.117926123230893,0.180325355368753,0.304293227598883,0.000916681500792376,0.0539543760786752,0.144338120696252,0.23187366656112,0.108054995539974,0.0092357413626354,0.0299369417523638,0.619722365366405,0.0446030644110048,1.60709008351008,0.273310775965121,0.244115598284107,0.0167454960362002,0.449550859216441,0.327202642146601,0.0435480088722157,0.0414633112165256,5.82211254815756,0.0175840865904623,0.0345774364838301,0.0030672683046049,0.0239195224420638,0.0600134023615037,0.864904458344592,0.103365150365523,0.281373517928298,0.814275710621815,0.00877315566312423,3.14810450799825,0.111756248694986,8.02906291657208,0.0684517368711079,0.525013119602321,0.00450267698521265,0.44555118002573,3.20055547892527,0.104143404492302,0.0591025631648088,0.149427437780338
664,Other liver cancer,0.14324053997867,0.0252457859601866,0.132553141168709,0.11341181929075,0.00194476285941014,0.393998994945811,0.0725535586878951,0.358061929420511,0.0745052698085302,0.0779991197898361,0.00374849194829766,0.00636920073864045,0.412108548594035,0.00223177573911698,0.0588992897520607,0.123062029496216,0.0034869854114869,0.0879663610445588,0.00463410836568363,0.123018064285934,0.0854980414974294,0.00440069767303758,1.44089179817688,0.00415250934726267,0.0796083882303834,0.186388751217908,0.0538570995321201,0.00569220158927653,0.320825871659521,0.110836366771947,0.647058497703,0.0160756916908133,0.146776970847111,0.281856202424321,20.0232240354248,0.505946932046114,0.00611908905384951,0.0315968864310706,0.0728772823418327,0.156029014651886,0.0720577840131654,0.161014583990648,0.0110732474069433,0.11864983729563,1.17059510113659,0.389544113172069,0.0684610209024131,0.00513414064395069,0.13366950273725,0.263620957932644,4.22449651386002,0.0841706727296548,0.0143190270099835,0.0146878024185259,0.0163257493216988,0.00584113239230374,0.454460032444633,0.0121472068229158,0.0845013147966336,1.34273020802815,0.0218281081867608,0.0410312830587666,0.0589475168538719,1.20107788920096,0.548036125334112,0.177189393901618,0.00195264612808867,0.355509650641316,0.269863353686173,0.027705624486773,0.00632669152478729,0.109475255474525,0.0668960389042134,0.0878505642725962,0.00404133728093981,7.12004199943263,3.11172519825471,1.18923449359823,0.153190884413203,0.0522193814049086,0.0675080287069779,0.621896920245781,0.0159791019267515,2.77892281851006,0.0466269225283954,0.110223033208074,0.180683950714383,0.0011452309785579,0.02437366772452,0.0577344278823001,0.125749688353911,0.0210690632247707,0.0298669267549952,0.00698317897008955,0.0768682815510435,0.0473433302504002,0.0283834114711379,0.00423318242236849,0.197128450190918,0.0778212607134676,0.359357658070429,0.00426385352790652,0.123956510380325,0.00412516816542952,0.0484806119410705,0.00936857587709639,1.27165467408286,0.000723525995774476,0.188879181946955,0.00927143985524886,0.203170167878562,0.273388156160856,0.496219482550932,0.00969047317531178,0.070578808922013,0.194587533551822,0.044326769014571,0.0554156556620001,0.164721949419374,0.821787061577806,0.0209989823543449,0.0444549603885713,0.0291525061445913,0.024327220892895,0.518571406590738,0.0333031312148458,0.108585420197414,0.0215047468245037,0.519738407254218,1.12053721343301,0.248530128423201,0.146826295155515,0.0699470640603272,0.00691463654550728,1.28718514641875,0.0388932377758032,0.411104998500118,1.65127582705009,0.066548531295899,0.000420217549654074,0.000735233655089508,0.00161508212076978,0.00153222958286449,0.119938808187563,0.254605829401402,0.0929930119022919,0.000678297530591188,0.062708925923301,0.0892384078488205,0.0558084614350373,0.0402219667439378,0.00725056758833608,0.0453436087486163,0.526595798512633,0.060575932221746,0.510760042913809,0.0771065054316757,0.319691015003108,0.00801653323011266,0.128313243830921,0.0843862740714524,0.0825742219970521,0.0313889212035949,3.50025957565821,0.00680140989408065,0.0389313302175717,0.00292505987120298,0.0112097597429399,0.0699606108023255,1.02233009226499,0.0428931569411233,0.276854146054923,0.265875231812106,0.0191688856238836,0.885941055191332,0.175577340530199,5.47743224718817,0.0316355951978017,0.226696254448359,0.00354458134771677,0.213457341864231,2.17542138043024,0.157344786609047,0.0666439435761599,0.126249250181512
670,Pancreas cancer,0.315065460349,0.269569117482,0.95935656876,0.233276871863,0.004374702546,4.78806757329,0.400414227001,3.539730824021,1.976808824307,0.32885260364,0.016619933708,0.027939455284,1.323852924362,0.033378354649,1.182940388108,1.895855908957,0.007162121893,0.221328416448,0.015717981113,0.25169919251,0.544415729028,0.010971464667,13.045549060555,0.011242222318,1.106011182547,0.478819132848,0.081307920661,0.018704784809,0.189350647413,0.170587433567,6.003735973314,0.024352985795,0.127529301012,1.69357223577,115.653433845318,2.248047407081,0.005123848471,0.043666904808,0.310636468817,0.299908578199,0.729588737156,0.917289259513,0.120821775739,2.405077477945,1.866896341659,0.707196114828,1.355755859393,0.009310868849,0.511955887181,0.628245433545,3.036622337926,0.167191113715,0.027104265619,0.024161117135,0.260461214487,0.008225840228,0.826076910049,0.022875962359,1.409108329938,14.227342245036,0.052462919542,0.023002275686,0.416106513219,20.354959320083,0.344349757944,2.222813319438,0.010147002513,0.267447633697,0.064973851865,0.010399325677,0.022697652357,0.244465981172,0.257297710764,1.982047462667,0.044220745365,20.629720509243,5.852522660177,3.37768348862,0.721015131713,0.583163318005,1.063216512337,13.261500525311,0.110255674484,43.695121539172,0.318397614902,1.166961701121,0.865717040617,0.001028540944,0.094328987584,0.262593019683,0.076667673721,0.38722047175,0.279983018067,0.015752992477,0.040010883395,0.212669382699,0.515668242036,0.085850785935,0.2214814657,0.050524559158,1.012032626007,0.006331779363,0.269871877439,0.105319600979,0.044081692263,0.063770197043,4.704650229484,0.003288154824,0.125693517975,0.083170121442,1.116605626382,0.112323554665,0.737242819976,0.018626982839,0.344407283325,3.21675438016,0.56350940241,0.101904478474,0.28703877818,1.505927347957,0.227152895208,0.870558556073,0.134878524516,0.064064587056,1.060394187389,0.136613050164,0.098371317902,0.246789748058,1.763301986333,3.188866025248,5.011203376698,1.771822527121,0.386738531979,0.023960545043,7.865547870397,0.351163919408,3.131602369455,20.452378588379,0.059953529408,0.008952857638,0.00494917729,0.00958026592,0.001353451491,0.383178796244,0.178522945893,1.292009934814,0.0063526189921718,0.048475466008,0.502223106465,0.925276333034,0.408728802631,0.006062397933,0.137744947389,2.502005690826,0.087687795226,7.908726430723,0.257657285341,0.236685649471,0.025730255578,2.080553087226,1.689760761383,0.574188694877,0.087974405651,3.354871851087,0.018588396277,0.067690529013,0.004649935053,0.096587077933,0.483204567912,8.615269512115,0.12481322659,0.266695787871,5.445229697629,0.077882809773,10.004778509391,0.597038858724,48.806377709669,0.711852435933,0.922639027947,0.001024851856,1.368808608319,1.103389274991,0.336445421543,0.10479921777,0.196536298939
680,"Trachea, bronchus, lung cancers",1.16644483311,1.084916474276,4.175531032559,0.405576595472,0.004657548179,9.423240788306,1.28308777506,8.938094959978,4.292830777519,1.656740395555,0.039748738846,0.08352210117,11.809748159675,0.042246159025,3.642678897885,6.017243990904,0.024048885049,0.098559469343,0.046875643027,0.684160465208,2.166968747172,0.051108104995,31.547881914316,0.064029802301,3.390195489727,0.25712243476,0.170874115749,0.027230410868,1.948379505226,0.380324037674,20.349556250532,0.039751963368,0.14699559526,3.807890835873,778.639994498548,4.297609973191,0.010815524532,0.044769798433,0.378123864692,0.297108692252,2.759034142172,5.303277617951,0.384057460627,5.023396250924,13.552776015946,0.954544790538,3.934897439276,0.022818127725,1.313946677085,0.77507683431,6.172988746835,0.293467276342,0.0328356477,0.057262363875,0.618134215812,0.029020694713,2.27270093239,0.054718684135,2.536061925571,34.189386172639,0.047720216437,0.059634134606,1.230639903664,47.600228280451,0.525928357926,7.235266198771,0.013095054853,0.409776841972,0.243971927544,0.023650484145,0.044802331765,0.462874715292,0.319856189736,7.774852484475,0.132088119945,86.047747034764,32.558500307339,10.047949807343,2.428204782116,1.978940855821,1.893232132063,34.446156575892,0.369411112262,85.975688461735,1.078009305156,3.672938248291,0.7581210956,0.01415675626,0.155175175854,0.693617803608,0.882992505766,0.941263065656,1.219312023671,0.049832055686,0.08014575485,0.86656209148,1.091332135976,0.214437910981,0.329369717055,0.140225490021,4.54234916588,0.041268381054,0.316490044473,0.196070127063,0.045404992365,0.177285955676,6.138602978623,0.02404287304,0.426650092567,0.353946087657,6.828818692204,0.192150427833,7.948665510679,0.08651373867,2.256659747992,10.833675388461,1.952257167361,0.1464734598,0.095732596015,1.758402450568,0.831742806415,2.296644061384,0.538479568157,0.107850151384,8.290927080449,0.232747453185,0.595174040805,0.49782748293,3.114869618884,14.120769833729,22.202226054739,4.646468640603,0.639281385933,0.058193932082,21.55136445511,0.905481699624,10.370546075548,52.959955459445,0.271170431106,0.017697661817,0.015190050174,0.042766868497,0.019001815139,0.695115788037,0.262083203901,5.177994229525,0.0162991882217601,0.072662862838,1.255654365036,2.057330024047,1.234675964337,0.02474864575,0.243110795992,8.984091959769,0.10338288268,23.089156574976,1.963805239023,0.566219780005,0.099118641726,3.652671076508,3.479488609,2.382645222584,0.33163192975,20.429594895938,0.090784795079,0.075425703556,0.023884129903,0.2130273527,2.589175308245,40.078203863488,0.448275843902,0.446788850142,14.349667575363,0.18549633276,35.15549256815,0.775065167572,137.069503643128,1.583096641454,2.150606752562,0.015195381577,4.691979177042,22.340684380396,0.832667323883,0.195846030748,0.420060909383
690,Melanoma and other skin cancers,0.249082981075,0.076761021788,0.432150145469,0.294218860041,0.003335202561,1.012187269652,0.044678703763,2.519732918243,0.619088846907,0.139080661538,0.0016558,0.000660145932,0.774768971136,0.000648622736,0.412849027056,0.49728578071,2.9026406e-05,0.06870643591,0.004590885388,0.141801724849,0.197405702226,0.025847940465,6.090889720941,0.00186495959,0.32901211459,0.144942827046,0.082802809715,0.001502930837,0.158521591379,0.169433032298,2.037984812996,0.026642700662,0.070448406791,0.670104261748,21.618228796662,0.968840508767,0.00775437325,0.019671988097,0.155095700325,0.124057486274,0.378440315208,0.637376052032,0.054814149498,0.638469572312,0.211456136327,0.553111748347,0.457258644674,0.008400081464,0.146375517972,0.316485557455,1.083898472365,0.054944066595,0.010541637215,0.028398247938,0.090134324472,0.014820968511,1.25764910179,0.00102751098,0.313892092988,3.563258640693,0.010393650553,0.000700141424,0.354568660402,4.732970328494,0.108734275094,0.543767434321,0.000750789465,0.147994256488,0.124758211632,0.015504021736,0.001788273935,0.047980961754,0.058385039823,0.615807734962,0.014737522073,7.157856851493,3.096142405918,0.791447247671,0.136176635807,0.298302288769,0.40247742246,3.497552717083,0.011629151225,2.067115812002,0.057894977037,0.306298423525,0.330857797019,0.000142055282,0.000982126614,0.071018652284,0.049687502964,0.143605906345,0.144284498365,0.022389065057,0.038203713827,0.034477796625,0.156787480473,0.027822065,0.318687255549,0.239931254129,0.284088885517,6.96514e-06,0.177755654074,0.0189262702,0.031974252131,0.009598842729,1.650870601482,0.000687486113,0.009906121316,0.044550834845,0.261081716394,0.366913404122,0.743085875314,0.08970588831,0.123475385489,1.088051590475,0.645219133586,0.032818151427,0.176354678477,1.504617837959,0.102645062453,0.37103813769,0.027951207423,0.012675804192,2.469497994824,0.062508166483,0.34018896407,0.129583713943,0.772369877627,0.681873250215,1.677495875784,0.560270642221,0.09769988056,0.000494953542,0.67234213337,0.103416490778,1.005259844054,5.541284394159,0.091982108701,5.99908e-07,0.003150638156,0.001108163756,7.40239e-07,0.066987025633,0.1376441038,0.600973354516,0.00112414760404944,0.03319033249,0.033395471874,0.316987869749,0.197107153835,0,0.160459361026,1.495987342984,0.084396159127,2.038249555687,0.215176502847,0.328115996418,0.001060849196,0.700124287541,0.523652960109,0.228003480264,0.038614150573,1.35826873597,0.002148561488,0.110849230977,0.002589665905,0.004683362765,0.138524044445,1.480265236145,0.06410708389,0.24665458031,1.942822357247,0.021139409455,3.736498809102,0.489105966785,14.720912597751,0.146260313009,0.231999368075,0,0.74463446507,0.539645141602,0.168575497356,0.093506221113,0.243281295314
691,Malignant skin melanoma,0.055767613712,0.026523525938,0.101390294847,0.087934688279,0.000902486592,0.521429721656,0.024998427376,1.645457017308,0.439747349282,0.030642371794,0.0016558,0,0.263331976823,5.2459775e-05,0.307552323634,0.366408282458,1.3837727e-05,0.013130795732,0.002502467261,0.076856112403,0.105935786097,0.008418187618,2.219771752339,0.000865930576,0.170154779509,0.02246811516,0.026204812946,0.001502589047,0.037569178231,0.062868610787,1.322197895242,0.009844199827,0.022447749331,0.273094935308,5.332518147295,0.367389592018,0.001154958994,0.017347735528,0.058368429949,0.023191957281,0.23362396965,0.110102538739,0.03367716723,0.431553822137,0.054375357625,0.292516522,0.376956425879,0,0.024994339693,0.12320588136,0.072237898568,0.011983312344,0.000364486339,0.003018915042,0.059657946753,0.001329809227,0.109132184844,0,0.249922971005,2.400766603402,0.003556510878,1.5947809e-05,0.069582728274,3.377767780524,0.010776612775,0.293797713212,0,0.028033088879,0.025866725099,0.003407264466,0.00081320004,0.016323462453,0.023478490415,0.375676347388,0.012923893836,2.718084374794,0.744633115488,0.276436079635,0.031636177454,0.177366702874,0.249389630496,2.307598316413,0.006463973691,0.757326655526,0.0084948461,0.163303705004,0.112615493623,5.0204975e-05,5.2512719e-05,0.024451795422,0.010706319039,0.075168364609,0.02328571874,0.004335740357,0.007413716611,0.009538586098,0.093181176633,0.016827075318,0.076399945113,0.088596955865,0.083204625098,2.600443e-06,0.036031077591,0.012640115952,0.006246669659,0.00113780082,0.749184042329,0.000238580323,0.004516690264,0.030261211425,0.104666720787,0.060192270593,0.09251426852,0.024951109557,0.019184578136,0.929345427302,0.451665936148,0.01021573808,0.015576316741,0.248855656752,0.057706500059,0.307589189147,0.011097278034,0.004017997593,0.279862909052,0.032965389938,0.064628887617,0.059043567286,0.383767695677,0.294753009718,1.470250800158,0.299422171882,0.026170599862,1.0000284e-05,0.329741022646,0.053883911021,0.487914273865,3.985219329481,0.028746970939,5.99908e-07,0.001530646757,0.001108163756,3.67871e-07,0.007739372518,0.022050185175,0.32465187306,0.000682050105049444,0.005335274919,0.022704660903,0.213378791355,0.139927023218,0,0.02122588187,0.653267359823,0.021793603515,1.170152994333,0.051954863761,0.074601631414,0.0010291915,0.599387331812,0.347532153793,0.041137007798,0.018269771688,0.310405684732,0.002148561488,0.020088671876,0.00025549969,0.001949259002,0.032146033049,0.909791424969,0.028188994199,0.071066622984,1.323246387143,0.004405141379,2.649263916757,0.185477167924,9.493516846335,0.094237053358,0.096991024951,0,0.142340567157,0.112957073825,0.021317642969,0.020308043729,0.076533074321
692,Non-melanoma skin cancer,0.193315367363,0.05023749585,0.330759850622,0.206284171762,0.002432715969,0.490757547996,0.019680276387,0.874275900935,0.179341497625,0.108438289744,0,0.000660145932,0.511436994313,0.000596162961,0.105296703422,0.130877498252,1.5188679e-05,0.055575640178,0.002088418127,0.064945612446,0.091469916129,0.017429752847,3.871117968602,0.000999029014,0.158857335081,0.122474711886,0.056597996769,3.4179e-07,0.120952413148,0.106564421511,0.715786917754,0.016798500835,0.04800065746,0.39700932644,16.285710649367,0.601450916749,0.006599414256,0.002324252569,0.096727270376,0.100865528993,0.144816345558,0.527273513293,0.021136982268,0.206915750175,0.157080778702,0.260595226347,0.080302218795,0.008400081464,0.121381178279,0.193279676095,1.011660573797,0.042960754251,0.010177150876,0.025379332896,0.030476377719,0.013491159284,1.148516916946,0.00102751098,0.063969121983,1.162492037291,0.006837139675,0.000684193615,0.284985932128,1.35520254797,0.097957662319,0.249969721109,0.000750789465,0.119961167609,0.098891486533,0.01209675727,0.000975073895,0.031657499301,0.034906549408,0.240131387574,0.001813628237,4.439772476699,2.35150929043,0.515011168036,0.104540458353,0.120935585895,0.153087791964,1.18995440067,0.005165177534,1.309789156476,0.049400130937,0.142994718521,0.218242303396,9.1850307e-05,0.000929613895,0.046566856862,0.038981183925,0.068437541736,0.120998779625,0.0180533247,0.030789997216,0.024939210527,0.06360630384,0.010994989682,0.242287310436,0.151334298264,0.200884260419,4.364697e-06,0.141724576483,0.006286154248,0.025727582472,0.008461041909,0.901686559153,0.00044890579,0.005389431052,0.01428962342,0.156414995607,0.306721133529,0.650571606794,0.064754778753,0.104290807353,0.158706163173,0.193553197438,0.022602413347,0.160778361736,1.255762181207,0.044938562394,0.063448948543,0.016853929389,0.008657806599,2.189635085772,0.029542776545,0.275560076453,0.070540146657,0.38860218195,0.387120240497,0.207245075626,0.260848470339,0.071529280698,0.000484953258,0.342601110724,0.049532579757,0.517345570189,1.556065064678,0.063235137762,0,0.001619991399,0,3.72368e-07,0.059247653115,0.115593918625,0.276321481456,0.000442097499,0.027855057571,0.010690810971,0.103609078394,0.057180130617,0,0.139233479156,0.842719983161,0.062602555612,0.868096561354,0.163221639086,0.253514365004,3.1657696e-05,0.100736955729,0.176120806316,0.186866472466,0.020344378885,1.047863051238,0,0.090760559101,0.002334166215,0.002734103763,0.106378011396,0.570473811176,0.035918089691,0.175587957326,0.619575970104,0.016734268076,1.087234892345,0.303628798861,5.227395751416,0.052023259651,0.135008343124,0,0.602293897913,0.426688067777,0.147257854387,0.073198177384,0.166748220993
700,Breast cancer,1.830788262693,0.342493652267,4.41865272166,1.635169186002,0.020334593861,6.877083664155,0.483499374583,3.575060399045,1.847263160739,0.855248458382,0.104500691352,0.080027783368,6.517328935381,0.092806610091,1.334583053807,2.3708038829899998,0.020156778246,0.686774414496,0.009386166638,0.429381633837,0.670568699333,0.070579519116,20.996381371494,0.036457580885,1.475001409394,1.049816270708,0.547606477821,0.023188529958,0.915449931392,2.202231893728,6.065160385407,0.338257484174,0.842328126529,1.912822256446,92.92449800364,4.029993853452,0.035688337854,0.237532534191,0.453155751501,2.180007478079,0.762187863186,1.934416594561,0.190145111876,2.022342608824,1.87371306105,4.593099096649,1.485867719434,0.122867549393,1.534445744616,0.953585323191,9.407174590952,0.303501453728,0.12967250314,0.301691356927,0.268825361877,0.049904264518,9.912215373601,0.191248022185,1.056772947652,15.953256855704,0.119760772447,0.054258636654,0.882417020946,21.353874859578,2.320636392131,3.133161847902,0.016557390089,0.470977779685,0.418049744153,0.11099490296,0.075647848947,0.699332874674,0.483631967133,2.207358602817,0.054196297799,100.40155908795,23.552751230556,5.487275755622,3.446646257252,0.823535945449,1.544185695069,14.658438715626,0.614182522707,17.166046181378,0.831783559758,1.636612122452,3.279107851116,0.017497350025,0.187855026787,0.273747391888,0.421435355206,0.468103647934,0.757500081364,0.083416161201,0.328873170628,0.465088175166,0.57897101757,0.103852570542,1.672389681613,0.923891187202,3.548650958228,0.024689040632,1.426019981812,0.094411761176,0.272587294942,0.218232495779,8.052988399073,0.015045125718,0.059367308234,0.158589699943,3.613258362566,1.244132512005,3.02210920889,0.250845906527,1.079713501207,3.730661589601,0.749459279759,0.260917949232,1.305928582949,16.254727231786,0.414730806914,0.650584663239,0.359050345959,0.189456026801,15.216033769845,0.321746017871,0.898812970871,0.482701753211,2.283501995769,16.053769531373,7.357016372545,2.119697551909,0.518533148493,0.06286786778,3.06051209373,0.544068264927,4.11687062725,22.687990033982,0.600757119996,0.02222078255,0.020974475781,0.024624058498,0.007970550303,0.747910738877,0.94516041699,2.172849460181,0.0151409685804379,0.370625000181,0.55919484724,1.117053523156,0.482665165565,0.051562002517,1.279350680023,5.817836443806,0.665150400568,7.335734249139,1.883405297331,3.004242070024,0.056459343622,1.541529019353,1.543558748223,2.068910371659,0.293138706481,8.086302907197,0.052837885376,0.522602206856,0.017654930199,0.262842927727,0.931283685518,7.44361598204,0.525926536207,1.527784137396,7.122228532219,0.299456169661,13.497090501837,2.342938892884,48.875719962869,0.898897089726,2.168588692789,0.010574440009,3.154026581172,9.706299400308,1.823012868999,0.538410684392,0.98948744772
710,Cervix uteri cancer,0.835285197027,0.085196183617,0.934189134271,2.168867273912,0.00606941335,2.385943452582,0.097021452349,0.316371990459,0.188127731577,0.295271877765,0.035097513102,0.010139802641,5.159307427535,0.023206046223,0.36005344298,0.224653542718,0.022911981337,0.434516934223,0.02730957059,0.997053685895,0.168684152206,0.191403253652,8.983067547798,0.013950304629,0.43872565898,0.848022061472,1.157733927048,0.026890437944,0.689302596071,1.814012546551,0.57988104149,0.226641777636,0.798119088911,0.827275192414,50.482744284322,2.283073328031,0.108344118142,0.278255306238,0.174836959016,1.549632114896,0.133115828881,0.667713606075,0.019670300055,0.376436949899,1.205002039898,6.363922741391,0.184328257982,0.055413818543,0.66642325849,0.934969875992,0.772373726375,0.306108608095,0.123708546964,0.137853212144,0.061716549671,0.277616186973,5.782462611809,0.102514237319,0.06726892081,1.553513796314,0.140939507789,0.234614747042,0.207702155055,2.214186858218,1.878818686889,0.265589238296,0.011408356999,0.81562078968,1.630583894152,0.179159658567,0.065070900125,0.392680726981,0.556620459972,0.481913057021,0.003230112184,75.357658979445,21.53617732464,0.765757340908,0.220386768153,0.108775764849,0.159910831984,1.188199571038,0.226246846221,3.984848280613,0.081053769031,0.889535562318,3.239552005,0.025021653619,0.021139184249,0.290450569158,0.197242930297,0.137906694089,0.082785926214,0.343884430671,0.472290023237,0.157276165434,0.173653046318,0.006368131536,2.651559590844,3.10974603061,1.005200501754,0.023522615506,1.437418861248,0.005740115901,0.271747871766,0.05006149374,4.761111273292,0.007556159022,0.169777953392,0.043884792518,1.234379476821,3.831501092493,4.212684114292,0.223005614612,1.341905949263,0.274445449304,0.061059342685,0.228948173082,0.457749103371,8.111692874746,0.077912781645,0.103481836783,0.043353249736,0.04964967689,3.147557374797,0.224209016027,0.701117987224,0.476204418022,2.61014708405,4.85680367216,1.602794689584,0.340899229316,0.09625076156,0.012531117086,1.036355350955,0.176640524904,1.982894106831,7.738900465986,0.777977119362,0.01207481589,0.007801879492,0.006447420442,0.011480261014,0.115308981968,1.280025356607,0.544186670637,0.00890997211546152,0.34458370892,0.112161788216,0.25176310904,0.054681501085,0.047490197976,0.89411153505,6.539127777024,0.593196213619,0.932771364284,0.8703881619,0.72652352471,0.046217467963,0.245561962837,0.098022956528,0.139392818055,0.182145643909,4.69118189426,0.040518222548,0.34494216474,0.008769158903,0.129133051703,0.191633770733,1.233657668371,0.305397594484,4.469068174577,2.400529688804,0.080044700835,1.160405559993,7.138341143045,6.639986657721,0.179799270117,1.321199868042,0.017793945191,2.178324300644,2.383482561432,0.170802639176,2.126322339929,2.28636158009
720,Corpus uteri cancer,0.176684088839,0.05379959988,0.111366526515,0.103730146752,0.006683541604,0.985007871109,0.117445973069,0.639545088482,0.294127668485,0.11524911688,0.028262826994,0.006772977877,0.340948400609,0.017544070949,0.4534348436,0.365887827436,0.000981020984,0.0496088101,0,0.140748114596,0.111935906321,0.009004089447,3.005758718614,0.008295309107,0.32513891738,0.13976992118,0.023072445693,0.002005302374,0.093238391917,0.067118611526,1.516010396359,0.008233491587,0.022727725823,0.387817811933,13.688557834448,0.560872099784,0.001080413511,0.006226320715,0.094187263829,0.089989973415,0.21381010468,0.594029540845,0.031579102718,0.426512305219,0.17789611599,0.170350667403,0.14885648696,0.00279754982,0.053144437866,0.171023555668,0.356884106119,0.034913928851,0.006776780438,0.010865756256,0.059811222547,0.00083749771,0.298921536134,0.020733389627,0.2568083895,2.908799469065,0.008320095643,0.0035513366,0.198459026055,2.557437070262,0.159384483287,0.427976305866,0.007388907521,0.037542359221,0.022748368961,0.00534823227,0.017439251365,0.043237912016,0.023516168052,0.420474837406,0.00931273622,7.685199407715,2.67829442527,0.62901109975,0.207291802237,0.141949074053,0.249717640801,2.3266282275,0.129081558848,3.821792985657,0.083899735079,0.357983865965,0.230713787631,0.002498061209,0.022462795543,0.075780553543,0.030282807322,0.124446670304,0.084407822152,0.006116193106,0.01614060813,0.013995359907,0.158627734337,0.015189166429,0.055399068558,0.018317750344,0.446701920725,0.001049323822,0.053466308748,0.01889715837,0.012494549388,0.016282096246,1.040396147922,0.002348083531,0.008557186343,0.032478697361,0.170473442554,0.056974297222,0.255871893433,0.016027851002,0.090588335995,0.677199885157,0.147879251903,0.014999332653,0.049455789572,0.547922289371,0.091797862498,0.168116126223,0.031184311656,0.008244349739,1.000164743164,0.075391445148,0.075437540808,0.055731819485,0.37868983211,1.443738772123,1.956382871416,0.445705976752,0.107532493557,0.003757780978,0.505552358627,0.106234786841,0.589263960388,6.768148184719,0.019008080694,0.002805775802,0.006451561568,0.007540811579,2.68302e-06,0.17167906962,0.041394596012,0.3552563408,0.001642310127,0.010200426217,0.111583687923,0.260009056706,0.107135512175,0.00516997568,0.053560006276,0.829424426961,0.027024721696,1.640529923947,0.223604959591,0.084228459479,0.006727004368,0.366411571512,0.216039124593,0.183788120159,0.079091051948,1.350603865025,0.005127880609,0.04144173338,0.001525440147,0.082763759072,0.067625771303,1.554756794095,0.058348271547,0.117169931279,2.030022531995,0.043315719551,2.765909270905,0.127738071339,12.235426985372,0.105451089483,0.253101841426,0.002453232643,0.381770787915,1.352584682305,0.010076648602,0.019645750601,0.107731008221
730,Ovary cancer,0.355704199771,0.087671889985,0.716200170852,0.237970860907,0.003349912119,1.235256133923,0.089458094399,1.083557666229,0.451648439922,0.269383901934,0.0196740546,0.022635355664,1.941720647856,0.014615251241,0.528102658183,0.606325393633,0.001252359621,0.07933375199,0.013892579732,0.102106050501,0.229314650717,0.015345179321,4.219730464419,0.008963243849,0.433858993462,0.406057979296,0.128116041027,0.004871414647,0.338338312842,0.359872227343,1.919458402837,0.057055301183,0.177670899267,0.575314829539,25.410751523218,1.113777208373,0.005859503316,0.044642340884,0.092697939821,0.240476759874,0.296507160911,0.318587105871,0.056144945857,0.634471857112,0.789188013375,0.89428098062,0.389943964905,0.023800375586,0.104593969646,0.312324362322,1.958907128831,0.113419475409,0.027153513662,0.062614440174,0.096701531036,0.011395683072,1.957812991016,0.037459509211,0.320223211885,3.84159855923,0.047060964098,0.012291301249,0.23652187667,5.668613463562,0.809655059346,0.66605326476,0.002203189949,0.141437415211,0.104042099739,0.020931944105,0.023457169131,0.156547309487,0.122153544124,0.648614343021,0.01299212321,29.041938341317,9.953609132709,1.37086554451,0.739521792495,0.304774498503,0.341343075672,3.518219143565,0.070555183079,5.614838999256,0.171707489193,0.679245760233,0.820802604783,0.000436925495,0.042236838242,0.172189113621,0.125817201507,0.183998427251,0.158966253421,0.016391346143,0.042436486584,0.117937981,0.251565473491,0.025097290999,0.192267938002,0.172709044083,1.177846024401,0.011272779604,0.212771285071,0.029385089601,0.052185944589,0.04034053872,2.834986426,0.001401005536,0.058059035889,0.033945937741,0.807213514266,0.134282581078,1.151468473889,0.031895447463,0.390737066983,1.049880960925,0.211423801805,0.048592606338,0.359699816668,2.193157130463,0.076955406734,0.291369498167,0.055499756931,0.028863850167,3.250606080891,0.06356655039,0.1914824493,0.087735076888,0.772760245285,3.239885369759,2.785833072959,0.424061157601,0.086979832744,0.018299539192,1.528407473524,0.120174274875,1.185265325131,8.65246413806,0.15274757699,0.003731508273,0.004203222502,0.009949080626,0.003671176753,0.188766274506,0.177223707628,0.421148379728,0.0049173662447041,0.071807113737,0.142963286798,0.290677951169,0.123588175019,0.014614269117,0.238589410982,1.333124985765,0.12372945736,2.040651018915,0.829955253353,0.626519677872,0.015919159052,0.460066191169,0.406114937533,0.356654395836,0.052241690957,2.817586282796,0.024968372132,0.08987643142,0.00100159141,0.085551344116,0.203382736954,2.79601534951,0.114235943057,0.47178193436,2.54504227212,0.079128915528,4.191742859769,0.533699912335,13.547322765044,0.160414035536,0.531907886163,0.002999995178,0.683008754455,0.967867299884,0.262418890223,0.139815485718,0.225107124047
740,Prostate cancer,0.244804996771,0.256000051071,1.045502143798,1.542005531673,0.026764119604,4.689097910824,0.250909851555,4.091287630587,1.504764868524,0.227477673081,0.110886305299,0.016428716315,1.188467128312,0.101491296729,1.068834018698,1.790956937238,0.024215365936,0.548083077165,0.001983077784,0.403469156492,0.433581973931,0.076670336671,21.342390583272,0.016228661738,1.148703969036,0.766189156361,0.477868729072,0.04168254237,0.13001054239,1.194074283877,5.420295550337,0.149178634578,0.875091604782,2.82844390237,35.397833072254,3.712770582947,0.049227881626,0.2649535553,0.460267034187,1.784260145266,0.786174619915,4.374446694632,0.126578030152,1.581313519389,0.354157389501,4.990603585504,1.674112200251,0.023014990609,1.640396706547,1.376707123808,1.495499760167,0.233121883401,0.083463338748,0.058757751738,0.267206181605,0.063531068673,1.338308857207,0.043211544203,1.122969514553,11.002985016213,0.081977693203,0.032388778896,0.583341084439,17.539803934531,1.302862481629,2.094222512705,0.051357941613,0.601354380829,0.592837711426,0.064625113184,0.086767927943,1.017156397395,0.376552473019,1.375151635253,0.067304639317,25.886414321583,4.851746914546,4.062222651451,0.364805716594,0.675829005211,0.465112335802,8.642234986504,0.517134341911,15.304265331407,0.148169067496,0.569452153287,2.342243139047,0.002874700144,0.058789134347,0.09502644782,0.041879198962,0.45953538984,0.321320057656,0.085623166141,0.269118290813,0.213522941867,0.559252964702,0.076358561088,1.334989038521,0.636353280038,0.884671994248,0.008480776237,0.470657758737,0.049019060942,0.162129514553,0.09211708315,7.680037649811,0.006244713622,0.01852362453,0.087047358028,1.659283313557,0.911590633506,0.391461489777,0.147686342531,0.173492879579,3.491511336934,0.802046605164,0.178703956134,0.155406848623,11.161252289564,0.220954842701,0.977069052069,0.072396119243,0.062152789482,2.101174151675,0.34534489868,0.380886286138,0.457486210655,3.004782887563,4.753763493292,6.147662542105,2.2095117974,0.592577555171,0.011815926388,2.829989437255,0.304867310757,2.517545084469,14.491279916262,0.656679582094,0.03048063571,0.048541325812,0.013966552701,0.010922614688,0.147585319641,0.681419609841,1.149693629035,0.019687047064,0.238118219983,0.210245066548,0.744983564524,0.462213586659,0.029954627874,0.3260577776,5.575006841917,0.237282651584,6.482659248526,0.385601019562,0.645870342685,0.080153470432,2.329785510699,1.409072774607,0.475433722132,0.045435756839,3.944151524654,0.015685321055,0.32346117882,0.011573174995,0.304253731472,0.464704085858,5.588311863753,0.054493714638,1.553207329173,4.389515788666,0.041418239059,13.371112883589,2.792578840053,37.258270894291,0.702552658738,0.544868213897,0.008931368887,3.389966024184,2.400091526202,0.114537308173,0.752217357484,1.195940035717
742,Testicular cancer,0.047248463125,0.00746532793,0.025229039068,0.023542840435,0,0.258151359264,0.008857501431,0.038492119568,0.031928761587,0.012673766995,0,0.000540327978,0.095019035251,0,0.01906355904,0.017054624802,3.8530869e-05,0.007799836729,0,0.014607113433,0.013008402806,0.000407313245,0.530617703678,0.000768246096,0.042715457205,0.009177806474,0.007068650981,0.001054188802,0.020054908909,0.013734064209,0.049296402112,0.001292057824,0.014135336362,0.104078443129,1.205593136095,0.142741861475,0,0.000349713987,0.020851221173,0.003069119359,0.006899358131,0.017417619093,0.001270989573,0.042140297968,0.012853376119,0.030672020339,0.007835593628,0,0.002366099996,0.047090000012,0.050272310769,0.009085016722,0.000546409633,0.003885047727,0.002180804442,0,0.122559599352,0.003951215797,0.006633242824,0.113090155509,0.001419070772,0.000172625902,0.021017764128,0.220918806035,0.018612965725,0.028101669339,0,0.046116968383,0.005161725271,0,0.0015344507,0.016460496806,0.016546524511,0.039062076072,0.0005158578,1.915044250616,0.36319699434,0.124282539455,0.046149935908,0.004923198202,0.008155078999,0.11792949956,0.000664645899,0.071111601689,0.01042633643,0.040827734077,0.010460292759,5.7799328e-05,0.00176686357,0.008573040698,0.004654346824,0.010609921676,0.011831679694,0,0.000501878286,0.004691207715,0.003554752311,0.000535575816,0.008540336842,0.005227107405,0.018445624081,0,0.017429984413,0.001598953937,0.001675868691,0.007758796168,0.792465090337,4.4361566e-05,0.005461792308,0.001813866154,0.028606172842,0.00914464954,0.045095707653,0.004104175405,0.010699602263,0.028326880807,0.00901365097,0.008176617986,0.014714191307,0.450929261673,0.008389365924,0.006470996989,0.009728831777,0.004222746494,0.188409200338,0.005383918991,0.009478005598,0.017857833012,0.087317882863,0.156826884127,0.189830590103,0.023474083308,0.009732150437,0,0.018630356067,0.009218187452,0.055749892243,0.325620229508,0.007452321312,0,0,0,1.2791737e-05,0.025036746985,0.00592227325,0.049053841214,0.000131587672101202,0.001090617238,0.002223255817,0.028227745549,0.007872842644,0,0.012907391499,0.052152735585,0.006734542659,0.047452098149,0.016837111148,0.031869119464,4.997944e-06,0.012664740588,0.009615482323,0.0467139786,0.005022402859,0.054880703782,0,0.004305123319,4.1174823e-05,0.001256153492,0.007353811909,0.192298973578,0.021915407141,0.032461217924,0.112204526563,0.002655185157,0.070617013271,0.015415682883,0.577348798634,0.015763278569,0.065393950896,0,0.05157748563,0.050721866572,0.01229801697,0.004045715074,0.002755574685
745,Kidney cancer,0.314018826844501,0.100059634952,0.325148137419006,0.321276416426054,0.000595270047701772,2.38176523320136,0.120020814141,1.16236215787366,0.470348488563,0.178859380836347,0.00213604120369036,0.008145376494,0.963586450589473,0.011635585627,0.654769884045,0.636097704355421,0.000938795174,0.0641605485041973,0.001476560524,0.146129655006746,0.183556592361,0.00923555923624764,4.41620946316503,0.00740295178912518,0.441674856159,0.194379614937305,0.0952210922053502,0.007393751753,0.116488030785601,0.110042706724327,2.112755876675,0.0278997355025055,0.116492006103747,1.08716987673,24.1557539372114,0.731462319012742,0.00270634270814777,0.0197703285949685,0.11613848132896,0.216319860480333,0.409892583896,0.307458266281717,0.037671163475,1.159609989038,0.73886696412943,0.608208587294752,0.297279768157,0.011065054618,0.0587474154351987,0.220640731195237,0.976598138684416,0.0551410279143467,0.006225782357,0.0366325939406583,0.140224580872,0.002742594417,1.31031082293527,0,0.439202938729,4.3463176569329,0.0153626417182936,4.017387e-06,0.193898762138,5.94896978618971,0.206421872049069,0.804689947847885,0.002021507107,0.11287738169471,0.0428414313638111,0.0049772558802455,0.0109494368240495,0.0817013367296477,0.0980418499489765,0.793866085365108,0.020634212462,9.20499504694333,1.45893009933818,0.819142515785813,0.447227832550929,0.237626458948,0.269029357789,4.10329267303142,0.0210878641538934,11.0890161509527,0.128069649890524,0.488433793943392,0.310778246355648,0.00119300009158523,0.027937568422,0.105139289273907,0.043669512765296,0.232157854875,0.133409222212575,0.00525230420988626,0.0246186364765858,0.09868087903212,0.292369835782838,0.019968490923,0.185529454703896,0.132137330040013,0.581694663725956,1.1975841e-05,0.218538335593478,0.0301701315539499,0.0300027862309145,0.0257668921617549,2.89598533653342,0.000454915862108592,0.0417454420738648,0.033127107166066,0.390117560998608,0.177238706523589,0.359833025362681,0.0351601059510406,0.0760520918571235,1.025700528822,0.27373249286,0.0515711251661175,0.156272550969133,1.40765118054146,0.051761400703,0.293667795782196,0.055859612270944,0.046777484434651,1.5282759700705,0.095726341989,0.0420013178505478,0.069604692707,0.771255071366756,1.2122349402287,2.80823856740904,0.550235708578532,0.107856790622438,0.011201728598,1.94098003075933,0.138166741228,1.09422083170938,9.36038808675568,0.0778633890804201,1.672084e-06,0.00055388538,0.004409028467,0.000625192739,0.24111340734,0.117966805976316,0.444581087046,0.00145872655971416,0.0260132668524567,0.15462851629,0.397255249815,0.188252889515248,5.55260279223957e-06,0.170749383043026,0.670023381065947,0.0831645704515931,2.65769313700627,0.170812061729087,0.415086257112389,0.00210483232216835,0.642183487443495,0.42598647679,0.268082603568961,0.091760383005,1.18607809237791,0.007662771943,0.0527510325650821,0.000470870060712033,0.031219691964,0.155103883181583,1.91945330751347,0.11393335865097,0.334288160023926,2.6970672809164,0.037969016084,4.98004710743923,0.465394204460106,16.8864886797789,0.341429349136,0.383107060764442,0,0.70845690352631,1.09889874914125,0.144316494260212,0.0763295988077816,0.109132722506966
750,Bladder cancer,0.229422850477,0.187486698006,1.599931848507,0.22314723284,0.00226964626,1.634419476409,0.188479179186,1.245364240144,0.635249606993,0.334107686539,0.004368038038,0.020967618183,0.874481990137,0.0065347536,0.414502305059,0.878894331967,1.1059132e-05,0.038394575605,0.003455800708,0.03972624738,0.281487417929,0.007134185242,6.188493797158,0.004137336315,0.664410565011,0.516023972081,0.070323241147,0.004779349799,0.153790627978,0.096848719936,2.54490010967,0.019142094991,0.125257059804,0.680233257153,43.348161996363,0.612944630455,0.016909677925,0.010950989845,0.110954106819,0.069824584597,0.472380282203,0.757458141216,0.070811700526,0.964242185283,0.851263958393,0.457519341216,0.583880111521,0.010547822668,0.099764508204,0.165150640025,6.002775343117,0.038328612391,0.008112347036,0.030359149967,0.143425404134,0.006211491338,0.91541957922,0.009510215997,0.369549639039,6.209824527828,0.012096175552,0.01099053712,0.365339347806,6.584612139325,0.253159353702,1.503053161976,0.003121689744,0.048654468985,0.035861562835,0.010675849308,0.002412338249,0.082226474842,0.056025302393,1.097571755667,0.026536229502,14.081329063954,3.551805607348,1.899645127557,0.70289130394,0.260656605652,0.445316616306,6.725986006296,0.049572007809,11.250030917485,0.264143976924,0.30819589257,0.315599289584,0.000445806686,0.043300868202,0.063255708664,0.050432498245,0.22804307639,0.290235568538,0.012906856026,0.012271347001,0.280028230998,0.26711673697,0.035237661953,0.431548653968,0.435114154706,0.412551432014,0.004061357811,0.459374719046,0.044944402508,0.03444645496,0.031034356715,1.153753481606,0.001320993417,0.020988021006,0.051871588626,1.124848208282,0.502617155506,0.568829897548,0.026797300286,0.218407719075,1.416365590911,0.281993582935,0.018422120813,0.1915327551,0.860483940004,0.15104567459,0.325424370807,0.092259389165,0.055173903164,2.809451844282,0.030825097541,0.088193755504,0.058917067746,0.455390461341,0.71487183578,4.385434785946,1.178464241295,0.156225158843,0.018247282312,1.84537984588,0.182343492686,1.801624756904,6.020660203367,0.037523004268,0.000324586811,0.001740182759,0.004906197503,0.00431367863,0.247229545904,0.182505462727,0.851375951663,0.00413266171012236,0.04092964828,0.097959856091,0.413910320479,0.234250626847,0.002212709854,0.10835995817,1.07938239087,0.058804960378,4.93648784915,0.287243141547,0.350574181212,0.005429783348,0.722569662156,0.662329555303,0.503215536599,0.037748816679,3.062030743757,0.010918157297,0.035288802199,0.001104455166,0.040122562467,0.729716928618,3.990698843334,0.065013034732,0.183445332813,2.144203186235,0.057115040592,6.275756433722,0.674054892385,19.324292111877,0.306889452049,0.364157967786,0.002484016297,0.427785854936,0.881591393224,0.233750927098,0.116198901341,0.119511677346
751,Brain and nervous system cancers,0.88840403276544,0.207942905929418,1.51347421439269,0.53841383245178,0.00327204234748229,1.58611222424674,0.228977917972458,1.77725745515941,0.650988656613258,0.499129021068822,0.00844313725462989,0.02375466923,1.13949167868349,0.005880068632,0.517736340636472,0.789253185881678,0.003015812919,0.080752117894,0.011614483888,0.200248627301948,0.394165362516627,0.00997959191652672,11.3274402023918,0.00531473684373584,0.746861196816062,0.229663913859663,0.0937745555586521,0.00951631446553886,0.496142564552151,0.0869398613328778,2.65159242791832,0.0220553104350553,0.076562010439944,0.639186849495829,67.436215197727,1.4986888872844,0,0.008941009892,0.200286670101434,0.17121594660695,0.474106028944773,0.664671548270835,0.0635068947810013,0.805450590370788,0.886280813376775,0.355902869521089,0.463503829459,0.004868879237,0.28726695708427,0.464222319184994,3.75741342139098,0.216957250275932,0.006973399043,0.0275109830417366,0.088493255295,0.00556236265254502,0.77573117500318,0.001052243036,0.424686373113852,5.04769480294347,0.0139708234673203,0.009846171639,0.307673807451437,7.00753738840599,0.360281434734832,1.40321885572634,0.001336587084,0.184374642498794,0.234257655876907,0.0276356810447793,0.0103327715368658,0.025576391926,0.304873696087569,0.640657674815543,0.0277809049056876,23.8888870774799,5.29901630170514,5.90402354883214,1.47875551081322,0.332676777161961,0.457092089151131,4.85603787575761,0.043308357545327,3.46369905866816,0.370940903762856,0.624742773839962,0.589055140520035,0.000533933795279837,0.0544032302441809,0.20958798638981,0.158972220173224,0.171052330681926,0.203718727801177,0.00707727346642935,0.0598842874952293,0.230708423836257,0.246357788990838,0.0331516067498935,0.22670066316218,0.0722088664164899,0.760831594685916,0.0064868649,0.165501792692421,0.0381914338485231,0.0319784092730282,0.042205973802,2.45611920928501,0.000819823088991081,0.0678809981068401,0.0524056270612413,1.18462714290328,0.0911171611428104,0.945655080179487,0.0288644202715301,0.241877685671112,1.11380602044389,0.298544303507947,0.0894702124936135,0.108104195935565,1.43139026687645,0.244404273126926,0.428907497376078,0.126929395763839,0.0835328509596143,4.17545393708947,0.0783967560660993,0.064413585119,0.110638559539,1.17410572873098,2.20087175325648,3.2946001782797,1.01114030798321,0.143852558747174,0.026700692456,1.6043381030939,0.200627143420963,1.79121712930856,8.65795751926552,0.155856285315807,1.1596094e-05,0.004162043826,0.004201897334,9.518972e-06,0.397258932445914,0.178328614446172,0.759898552721861,0.00477865611952356,0.0274373425248691,0.116185355939383,0.40399877177013,0.188297633403763,0.00401358304752909,0.139305842720843,0.780514039273026,0.0856465669142453,3.57065912828608,0.405505191640807,0.400327678621761,0.0254305466586963,0.763192150542666,0.650476052544136,0.775587891953666,0.290414862482,2.26541267670391,0.0154801228107361,0.0431674856712136,0.00121656753225979,0.0237376297323742,0.383960196255342,5.73925829522443,0.240773338432464,0.393943926904144,2.02182339576044,0.10249717679863,5.0911369256939,0.174270702671417,20.6889125060853,0.27492270675191,1.28278760625757,0.002467383311,0.728640776846365,2.48344429859372,0.760043315548431,0.206769832919221,0.203339604264423
752,Gallbladder and biliary tract cancer,0.101902081053,0.020002936701,0.671133949584,0.035222678452,0.001534050042,1.498879762318,0.073231775487,0.370156317461,0.342793156686,0.05796975818,0.004536025968,0.00472792373,6.021602342293,0.001653943692,0.105129917234,0.15860231873,0.000988907583,0.04255133248,0.011863068644,0.592383870099,0.113236554337,1.5247565e-05,4.379379415768,0.003768353796,0.157500401055,0.039398669106,0.00860923665,0.000979406782,0.118043282527,0.021280580525,0.647145450247,0.006123847178,0.012334143614,1.563172253749,36.708901688488,1.287435077359,0,0.001246125244,0.100266729195,0.090360512344,0.223592518057,0.108255248924,0.010484289816,0.679199362187,0.97434343604,0.088723015391,0.162442803726,0.00450010525,0.047251804482,0.327019268361,0.619005188487,0.062843527816,0.002063329236,0.01437373715,0.052871156494,0,0.35458812194,0.007396237867,0.329359739343,1.332093282853,0.004979218333,0,0.144403397844,4.213026365137,0.03160070007,0.23481839553,0.001258305589,0.031979745214,0.011847777564,0.000567688514,0.003439609536,0.045288599122,0.07085644713,0.472914352082,0.010145922536,31.543207351305,0.457028409508,0.448163172944,0.153427642713,0.069281196066,0.094614014025,3.691956704311,0.028037849494,21.700031755227,0.048562225397,0.094912171982,0.346350391676,0.000534828228,0.019810056276,0.03017668953,0.050818760292,0.055738688546,0.04680520677,0,0.010540203262,0.108927881364,0.101708484431,0.007278399352,0.025191788586,0.002496196928,0.231997452224,3.8596726e-05,0.019289947735,0.010541706185,0.012655974621,0.01118974462,1.750555156391,0.000506090502,0.00602759481,0.007564813984,0.371956589147,0.007563041567,0.723095709679,0.005400711447,0.791399588803,0.550863930069,0.112426499006,0.055235768309,0.021827407096,0.236957349217,0.035924153694,0.132696875633,0.035491587862,0.024899627233,2.522718697189,0.056519536324,0.063005190391,0.071895779984,1.515149135121,0.518830843018,1.832038162301,0.389467445798,0.028798848936,0.006907460098,6.249491004108,0.034277029949,0.562824693617,1.41907106063,0.004433875719,0,0.000771670447,0.000567598759,0.00198407487,0.09516023841,0.029663871111,0.304466484025,0.001030563527,0.01195541547,0.109811093992,0.285361506427,0.123981823919,0.00158612029,0.06159840766,0.275913722576,0.034271179752,1.398664123299,0.068901560524,0.185806285629,4.3398264e-05,0.574093820498,0.237462096097,0.111212115449,0.015936090355,1.323416715975,0.001878130017,0.025460084251,0.00039232449,0.011546280607,0.119280402429,0.515228112468,0.02335961462,0.027745306624,0.413488239377,0.01415664506,1.278803040205,0.09745727089,4.788024790143,0.221358075935,0.070820099116,0.000487834718,0.162768735996,0.203559708934,0.013205934436,0.016370229069,0.042693724939
753,Larynx cancer,0.164230391515,0.094391503446,0.536001021401,0.201216850666,0.001347838212,0.765542926849,0.084452964766,0.207858184191,0.12438266772,0.205337770586,0.008494597185,0.006456896968,3.38687774058,0.005410293049,0.382199888478,0.183235236693,0.003348054652,0.019463843803,0.007798623558,0.055607430755,0.159526937897,0.017380197515,5.485039948381,0.002129258151,0.357811723681,0.050020963821,0.048393852155,0.005821586482,0.118961204758,0.026799950156,0.435133260522,0.007024182056,0.033395586043,0.142353697857,18.857680461458,0.424641917195,0.000987504476,0.008140540335,0.031884137217,0.090960531174,0.169290374694,1.057684214765,0.012308484916,0.236934664019,0.43210219035,0.214601007112,0.076680754733,0.003893353361,0.167997340958,0.062573741493,1.098608421261,0.025518869785,0.009163151838,0.012184678029,0.031506682713,0.001721903963,0.336226274463,0.004961840067,0.05887703918,0.997281966213,0.020786160819,0.006187767918,0.253834871524,1.503915626368,0.13473567186,0.396801195616,0.001922481578,0.051961877479,0.049593440181,0.003621278384,0.004285722711,0.051098205733,0.126523628651,0.389065762786,0.00282498283,32.134618711349,2.306211871216,1.867638561076,0.352319227713,0.071867408991,0.072320488035,1.671818180448,0.030161189036,0.916374274466,0.139065808383,0.305335929851,0.260617546458,0.000183439914,0.021766420428,0.052792345553,0.048498349451,0.074762921829,0.087279936484,0.005765295624,0.019440629674,0.130252485245,0.115233066228,0.006389109236,0.079008489117,0.046101843213,0.35725163679,9.70055e-06,0.054985337343,0.008816437683,0.01069733594,0.014705772163,0.64261841473,0.000485930811,0.025940832519,0.037829535239,0.722875408558,0.048023893608,0.873037885692,0.023063811804,0.268070412439,0.268190870637,0.034162303792,0.030963942262,0.050042515509,0.590144857688,0.078502279614,0.044505536165,0.050356169862,0.020846529421,2.740953346589,0.039235919875,0.075378040476,0.046707246245,0.170082144864,0.865519481334,1.635472711443,0.359690624936,0.046672771693,0.005530410607,0.397111433203,0.147798055816,1.069767059297,4.000969327393,0.058473715338,0.00087493572,0.002011861553,0.000593665374,0.001837612608,0.072398761898,0.045136957693,0.410603613709,0.004318214667,0.00990902415,0.034973741166,0.148725106517,0.049892280572,0.004242728471,0.060814190757,0.554814662199,0.04253872882,1.277243742511,0.436760302168,0.219322996898,0.002580540358,0.06106359944,0.07693142773,0.276444571632,0.021042216947,1.014720561451,0.006466780266,0.044633675631,0.000396573,0.017869688258,0.260761400118,1.682663796817,0.043428222906,0.163205708976,1.564718629823,0.019807063485,0.943736575004,0.202293358593,4.525691312276,0.14434713506,0.118157532493,0.00221716764,0.47225310765,1.104382919518,0.289217695776,0.05639939258,0.073551473042
754,Thyroid cancer,0.070247065094,0.011528366201,0.300562326122,0.06182079804,0.001514142378,0.291095405473,0.036485981781,0.174630909006,0.090917857535,0.063499565301,5.72811e-07,0.00415606104,0.370471231234,0.003193958924,0.041816608791,0.085005735684,7.592513e-06,0.016541684786,0.000989385513,0.047246760855,0.027781235423,0.002340930139,1.08269084748,0.004657145827,0.060778814731,0.042526453024,0.028679647498,0.005048581175,0.117448074663,0.048388388968,0.3146078013,0.012631770737,0.106648747689,0.15753680479,7.486955841817,0.562925784906,0.001892597376,0.004648810364,0.038982135121,0.053057286146,0.037252166883,0.090785261855,0.007323880187,0.112181769399,0.161975538509,0.1843097672,0.001463089251,0.013175157456,0.046760188498,0.219446116845,0.409221828999,0.029143610728,0.001200963587,0.027179822954,0.021627941735,0.001552269325,0.906163991222,0.013859736038,0.079482026502,0.476520934624,0.00428064111,0.003845163147,0.046037067883,0.816315710679,0.044644289568,0.114516555149,0.000985150339,0.065245299143,0.016843941111,0.003236631915,0.004629492721,0.025443234997,0.063632397699,0.072904274367,0.002804275101,8.303311444687,2.285429159022,0.515009583923,0.24319079805,0.021608218141,0.073214515621,0.59814857187,0.014243343849,2.324522440361,0.070200300889,0.104960625536,0.136014290191,2.2990144e-05,0.022470069349,0.023278563037,0.042790305085,0.028811324745,0.056448382746,0.001996152414,0.009902677025,0.041097995098,0.025192132905,0.003999107707,0.067632249694,0.037821414378,0.153664089166,0.001862245571,0.088963463277,0.00771540546,0.012929991113,0.006093489792,0.970981073535,0.000472289157,0.010225469848,0.003761485587,0.310217659751,0.055564016136,0.234057787694,0.01011965788,0.170635292703,0.144104605771,0.036073193766,0.034824564668,0.063013278165,0.48265378873,0.016602632895,0.033432968397,0.032983550126,0.020224593043,0.626745564115,0.037659266704,0.097419442016,0.03152633022,0.414345264493,1.666512108126,0.313450241953,0.108093867324,0.026319190782,0.007011813267,0.470529421411,0.016564748514,0.175200720821,1.1096031053,0.026261608948,9.44536e-07,0,0.003690663203,2.989261e-06,0.177555566657,0.050704927644,0.078216243628,0.000339027629,0.014335171756,0.038974888648,0.041492997082,0.018976477371,0.003292887402,0.103190226287,0.189792142748,0.039829110179,0.38280211054,0.211179896559,0.143080649214,0.001533288245,0.074956081209,0.062083368286,0.180337825718,0.007522941749,0.419104953212,0.002772366094,0.031609564846,0.000374855642,0.005640808056,0.062562708927,0.847983081288,0.019977680806,0.121606259473,0.362661656318,0.044988359446,0.457066844043,0.152260780091,2.434469517437,0.025441188829,0.068803047914,0.004547355665,0.181720328002,0.742317190804,0.156681972909,0.018532781343,0.042512552955
755,Mesothelioma,0.012720494106,0.016876072142,0.058363950827,0.004499766218,0,0.210909687877,0.017812998392,0.796437058619,0.111406672095,0.020827941887,0,0.005675334671,0.008935205225,3.3120087e-05,0.034877140982,0.268476302047,1.5251899e-05,0,0,0.010012040312,0.011153667922,2.7053434e-05,0.157649570429,0.0002973088,0.023586220508,0.001078358768,0.005707424642,3.372328e-06,0.002509738056,0.011075405511,0.572065619268,4.2721863e-05,0.008852182469,0.06456543244,2.96674418294,0.10278649768,0,0.001224196005,0.004380129756,0.012831097412,0.084231636205,0.008159942463,0.010334494904,0.06214961827,0.073439095192,0.03006819381,0.165139381022,0,0.00431663539,0.014914563561,0.312711591635,8.3654035e-05,0.000158465053,0,0.005388258534,0,0.010553263988,0,0.117862570992,1.164041787622,0.000972036033,1.0834771e-05,0.011149848979,1.469039621804,0.003706260694,0.062120093684,0,0,0.002667569282,0.000255696192,0.00056428962,0.003339698081,0.014713199954,0.050706838544,0.006342016671,2.577431383942,0.221137326514,0.057509694461,0.025505205617,0.045743920286,0.038988385513,1.762400345829,0.00134918842,1.873761662653,0.011774472379,0.050777956258,0.009494398868,0.000112925898,0.012889437542,0.003745842898,0.000549553375,0.008472541284,0.02224792486,0,0.001054158702,0.008255718378,0.013068733846,0.005813245195,0.014303765456,0,0.02379187492,6.032848e-06,0.00847073615,0.009040973291,0.001171637912,0,0.246284074769,0.000159935445,0.004870487925,0.002420704543,0.066214887239,0.008497737749,0.011410006688,4.0292738e-05,0.004148409489,0.535831771011,0.110857457889,0.001888527632,0,0.067240736287,0.007613248679,0.0706264766,0.005132298139,0.002668276527,0.032132721075,0.001109691605,0.006723695813,0.002168824348,0.069916654377,0.029447824362,0.290100936602,0.071425649985,0.002550365477,0.002245123759,0.192693721564,0.010938085284,0.066025310694,1.292778178851,0.002371715318,0,0,0,2.9054e-06,0.019450243272,0.004523292298,0.047953218902,0.000117033072,0.001047444186,0.025930798611,0.016053964628,0.047275638342,0,0.000908888255,0.310201557067,0.001586648363,0.507825953147,0.007746015012,0.001172823006,5.280912e-06,0.145585988101,0.220283324429,0.026258685202,0.00090737077,0.031772907312,0,0.001718518592,0.000100285083,0.001519291662,0.018063524637,0.732438361102,0.005220770512,0.031293601967,0.18724921178,0.00676501912,2.631515978017,0.041009132916,2.616659721804,0.015562602604,0.038368915943,0,0.016047050233,0.289088849231,0.006185745007,0.004272804373,0.003418883913
760,"Lymphomas, multiple myeloma",0.612138062905082,0.094407472157,1.83441507611457,0.732544995104225,0.00691265677371755,2.32638593957267,0.10255270175,3.47765581199877,1.130741372225,0.430829810351597,0.0377677119792664,0.037182158974,2.80668391650014,0.038372391728,0.772468292762,1.41867530297851,0.002611509884,0.216122019470717,0.008090147655,0.199258325348026,0.225168652386,0.071830152891,10.1787355580302,0.0240530589618519,0.419664833854569,0.396909169738758,0.362772600586477,0.014900658207,0.568321018188924,1.00866536399523,5.45141283153352,0.126466539973971,0.377952216953588,1.418480056623,56.533147280496,2.54913010213939,0.019213470895,0.0747937680386121,0.383152790093364,0.833344896099021,0.51370995693,0.991400313062887,0.135676464765,1.154067330117,0.679912243715005,2.03494305355106,0.838649667184,0.033807140972,0.385209070971087,0.771597632151199,5.3667549647967,0.152122408839695,0.0607674889487331,0.105631679912025,0.190550932293,0.022851764538,3.13260634225806,0.0315812747790774,1.005254357379,9.873129461266,0.0658116962560935,0.0313423428711324,0.294912258649,13.3984002611214,0.984387394688425,1.469868097618,0.006513737055,0.268862693697754,0.255571028648612,0.0360809322250891,0.023447863085,0.271096692308963,0.450455280005882,0.904538108745,0.034779159908,50.0527663004924,12.4958116844782,3.71009464735017,1.77346938932559,0.54475916447,1.083574705978,9.86058469952771,0.239480483291,21.697216629859,0.519603730169336,0.509783583458854,1.94731046705521,0.000767614975847744,0.137160854517503,0.0867489681660713,0.228163623356241,0.254308043046,0.524483293250353,0.035276616327,0.125608476757403,0.318410682241489,0.317974880885,0.049701864189,0.66630072651,0.810023903642145,1.57277804394468,0.00873091735,0.353101810370323,0.0513736651927694,0.0943437610009305,0.057549227085,4.6652634195209,0.00268752964693682,0.0453150354639706,0.0508201312336269,1.89497627486654,0.974268128335007,1.50155148850222,0.116861779056892,0.492285428613663,2.552477798116,0.640000973684,0.141305900158117,0.284585662498266,6.24360787731198,0.108200574498,0.621114580957,0.248634678742,0.171014424596,6.40643278971815,0.182555346797,0.353188218462874,0.182650504734,2.12100765671227,3.34121410330433,3.51363315807,1.701077623449,0.399963182618,0.050685436071,3.795740317348,0.136748222501,1.44195708154048,9.98033884425068,0.320760613293084,0.011254154629,0.014188414396,0.010754196745,5.8477713e-05,0.903412712946,0.319385573286529,0.674574519101,0.00746772867688474,0.102608066178677,0.28068007575,0.642209120755,0.420406214327,0.0110485302084049,0.479223623573642,3.25663787110251,0.25602261645538,5.38647390416702,1.02202837082057,1.30746264138624,0.0227404365877413,1.26139462373467,1.061396905833,1.11810814883619,0.137404933536,5.33235265844024,0.030862559966,0.24207267806391,0.00567117766998937,0.114195632762,0.593079069552786,5.6500067486436,0.113997217453,1.82271020435162,2.57219991488076,0.126453367701,9.63204193536012,1.21460694958629,39.4810524474036,0.450320671518,0.518475019907639,0.005153908593,1.39137754514623,2.89977028565508,0.933081566279229,0.329463479458469,0.988127475270209
761,Hodgkin lymphoma,0.113050577948715,0.017627915994,0.244966827785991,0.0677803267733914,5.55710585402582e-08,0.192013484126,0.008188263778,0.119067925547,0.037985211805,0.070374010473275,1.12056568560463e-06,0.001666224987,0.216535793743323,4.1554584e-05,0.060868045611,0.044744769718,6.0941415e-05,0.021801648967,0,0.042716228954,0.027301684328,0.009861080035,0.6243144383,0.000755696998,0.025041709511,0.02080606839,0.0436694776711286,2.96218e-07,0.0265062987273954,0.0505334665521582,0.14755684025,0.00956860742652212,0.0314199314489756,0.07555079565,2.37312146085815,0.220560927590085,0,0.001935530571,0.043213678914,0.058332476082,0.021620287066,0.126224422733,0.008212340195,0.052217771727,0.069561336884,0.158594669326868,0.043171682132,0,0.0531472211472374,0.073176335066,0.435241556716994,0.015109725366,0.001146447875,0.00984010554977882,0.005388091537,0.001746161543,0.358077865177893,0.002044740102,0.022200472121,0.232959943204,0.002019087243,0.000221078024,0.047725448778,0.365657412141,0.069759071077,0.101065085841,0,0.0358427202956435,0.035526705773,0.002029285284,0.002461219539,0.031914535139,0.071899818778414,0.036385930268,0.000542830878,5.34605383111246,0.372377049421152,0.597232585779845,0.329746260312489,0.023907494867,0.04096528308,0.449347986452,0.00308344968,0.256135137717,0.061233015108,0.08282916609,0.177386777550473,5.79423135432356e-05,0.018943275061,0.016891633038,0.007635775266,0.014944782077,0.052668011678,0.002489508482,0.0123402232645727,0.041534155691,0.010171821341,0.002334109083,0.076004436498,0.0624340240472759,0.079724866576,1.704952e-05,0.060704582506,0.00316574720168539,0.008777697798,0.005281781205,0.680178496592423,7.34254379227065e-05,0.005887600267,0.00519222843253286,0.236100476500009,0.08072086766,0.048224381413,0.00529169723,0.0449555674814994,0.093351879303,0.019053977473,0.019011232136,0.0176235615,1.00003313092771,0.010171436152,0.023120896097,0.035376221783,0.02454917901,0.680329654773897,0.012807624044,0.019258136233,0.012271445571,0.135859946695,0.230723850596713,0.144718453502,0.05518112565,0.019436089154,0.006517746579,0.064057641041,0.017183419001,0.115713988432,0.823993194189507,0.0391175549863644,1.78696e-06,0,0,3.78429e-07,0.131922247883,0.040576046017,0.054878667809,0.000394745170118848,0.008800437235,0.005716258247,0.033408563803,0.015089126891,2.58551300098869e-09,0.0614721465490609,0.172837112608906,0.0260928915087618,0.216939774415,0.0683297529895151,0.13595811338,1.04088886336455e-05,0.029600000206,0.030492129482,0.154735710243626,0.008564744193,0.0930156329776109,0,0.026839947098,3.87638136271288e-05,0.004867662641,0.0611008242,0.428842132288329,0.016004998022,0.197747866311205,0.298022581674,0.017308207022,0.334553909837,0.204722196754521,1.160845127342,0.017079548078,0.140807253545463,0,0.176607962086221,0.233515487236009,0.230759211109332,0.0404458006156592,0.046592603585
762,Non-Hodgkin lymphoma,0.405069020850367,0.038350209976,1.01020920737258,0.527129911112834,0.00385692487065901,1.45384889746067,0.064142990908,1.96467021127578,0.688711718696,0.232508256698322,0.0154698207005808,0.024194793801,1.89017692454181,0.016119411271,0.457466175208,0.821653922213508,0.00254185871,0.131586411779717,0.007079006617,0.123175471011026,0.123793535523,0.04869746411,5.34075439765918,0.0176191921768519,0.254232955359569,0.253096079182758,0.281841688813348,0.011140634436,0.413194687048529,0.871532117324068,3.43528580061652,0.0968051418694486,0.306321121659613,0.747057957177,41.6433317021049,1.56078173991931,0.019213470895,0.0344225589376121,0.219916384858364,0.619111229047021,0.290119743521,0.528400663137887,0.07381874724,0.645068905207,0.437199866026005,1.38218976083119,0.421487855433,0.030707291702,0.17744936809585,0.517531775226199,4.20869230209271,0.0957896736446946,0.0526949755457331,0.0810338195022457,0.114965093106,0.017960227566,2.46455609563817,0.0221727960900774,0.60424617757,5.952131251096,0.0496719751870935,0.0284344956781324,0.165861105599,8.18820230064041,0.804107299526425,0.722200534998,0.002740174547,0.19212767215511,0.203778896554612,0.0301622385770891,0.013822651983,0.177790857207963,0.293725752334468,0.565612722511,0.022033890102,31.3518240282979,9.26608017241005,2.06761170048733,1.0500330164301,0.306331967468,0.682839792463,5.51050464601271,0.131787386797,16.370234006245,0.312757020280336,0.287283654095854,1.10329306154674,0.000651235207304508,0.0799545268315028,0.0564156397280713,0.164983250186241,0.136295565838,0.308070631726353,0.028793713847,0.0982825403368306,0.209785433955489,0.168720607689,0.028255714702,0.540613169299,0.723663657587869,1.19615017346568,0.008687750037,0.271823888244323,0.031394523247084,0.0612765281329305,0.035388967999,2.68424270480548,0.00231636045101412,0.0339228106259706,0.031008524152094,1.26382119442453,0.852325871517006,1.25224775927022,0.0924000140288922,0.342598093060164,1.535695434202,0.370277326575,0.0958502452691175,0.254584605035266,4.37077488405326,0.058146118129,0.318767284466,0.131751241134,0.108757737512,4.08683478710326,0.098650090623,0.291181293504874,0.126591459547,1.48048842920327,2.56395874160761,1.873562161506,0.991514965589,0.212996002013,0.032732828021,2.482851491348,0.090786264361,0.832440161877484,5.81066907552718,0.22444163231772,0.007561714039,0.010757272135,0.007607263598,5.7755051e-05,0.624174105817,0.224413134414529,0.356632136799,0.00530966911476589,0.078021612712677,0.198194576128,0.398029112999,0.275989371089,0.00784633465789188,0.338670077395581,1.99722972882061,0.178343621909618,3.13781581747102,0.522874924575052,0.890642775541243,0.0153058155741077,0.691218416540666,0.616700220593,0.633268743683561,0.119020612589,4.01210686125463,0.022876470935,0.18171402464091,0.00424803842936224,0.061211626912,0.378098606584786,3.16611157906627,0.045163497723,1.45999306861042,1.49792852573676,0.075343072028,5.65111252138412,0.905103213369768,23.3585140612356,0.277555297836,0.341790658423176,0.004687823556,0.791835774402013,2.16188364417307,0.683571174313898,0.25449261578181,0.713211862552209
763,Multiple myeloma,0.094018464106,0.038429346187,0.579239040956,0.137634757218,0.003055676332,0.680523557986,0.030221447064,1.393917675176,0.404044441724,0.12794754318,0.022296770713,0.011321140186,0.699971198215,0.022211425873,0.254134071943,0.552276611047,8.709759e-06,0.062733958724,0.001011141038,0.033366625383,0.074073432535,0.013271608746,4.213666722071,0.005678169787,0.140390168984,0.123007022166,0.037261434102,0.003759727553,0.128620032413,0.086599780119,1.868570190667,0.020092790678,0.040211163845,0.595871303796,12.516694117533,0.76778743463,0,0.03843567853,0.120022726321,0.15590119097,0.201969926343,0.336775227192,0.05364537733,0.456780653183,0.173151040805,0.494158623393,0.373990129619,0.00309984927,0.154612481728,0.180889521859,0.722821105987,0.041223009829,0.006926065528,0.01475775486,0.07019774765,0.003145375429,0.309972381442,0.007363738587,0.378807707688,3.688038266966,0.014120633826,0.002686769169,0.081325704272,4.84454054834,0.110521024085,0.646602476779,0.003773562508,0.040892301247,0.016265426321,0.003889408364,0.007163991563,0.061391299962,0.084829708893,0.302539455966,0.012202438928,13.354888441082,2.857354462647,1.045250361083,0.393690112583,0.214519702135,0.359769630435,3.900732067063,0.104609646814,5.070847485897,0.145613694781,0.139670763273,0.666630627958,5.8437455e-05,0.038263052625,0.0134416954,0.055544597904,0.103067695131,0.163744649846,0.003993393998,0.014985713156,0.067091092595,0.139082451855,0.019112040404,0.049683120713,0.023926222007,0.296903003903,2.6117793e-05,0.02057333962,0.016813394744,0.02428953507,0.016878477881,1.300842218123,0.000297743758,0.005504624571,0.014619378649,0.395054603942,0.041221389158,0.201079347819,0.019170067798,0.104731768072,0.923430484611,0.250669669636,0.026444422753,0.012377495963,0.872799862331,0.039883020217,0.279226400394,0.081507215825,0.037707508074,1.639268347841,0.07109763213,0.042748788725,0.043787599616,0.504659280814,0.5465315111,1.495352543062,0.65438153221,0.167531091451,0.011434861471,1.248831184959,0.028778539139,0.493802931231,3.345676574534,0.057201425989,0.00369065363,0.003431142261,0.003146933147,3.44233e-07,0.147316359246,0.054396392855,0.263063714493,0.001763314392,0.015786016231,0.076769241375,0.210771443953,0.129327716347,0.003202192965,0.079081399629,1.086571029673,0.051586103037,2.031718312281,0.430823693256,0.280861752465,0.007424212125,0.540576206988,0.414204555758,0.330103694909,0.009819576754,1.227230164208,0.007986089031,0.033518706325,0.001384375427,0.048116343209,0.153879638768,2.055053037289,0.052828721708,0.16496926943,0.77624880747,0.033802088651,3.646375504139,0.104781539462,14.961693258826,0.155685825604,0.035877107939,0.000466085037,0.422933808658,0.504371154246,0.018751180856,0.034525063061,0.228323009133
770,Leukaemia,0.808053009558807,0.169298735966836,1.05795967080645,0.391567732578649,0.00093685374492623,2.01469342755119,0.099680591839307,2.283083351065,0.885575502104,0.368426609365401,0.0109515668756621,0.0317680876420694,2.15908321097028,0.021861105446,0.670615667334443,1.11570986086223,0.004645621149,0.251595030729391,0.016578825298,0.340850354476663,0.218150969795084,0.019999088788,8.14492515816989,0.015645300644896,0.380101792432748,0.387645043378006,0.156955003963808,0.010492672155,0.609467483179862,0.271757354493135,3.20028099530278,0.0667399451228212,0.135797459301885,0.807778271185033,57.623746549506,1.84176887099797,0.00364153391,0.078056584232,0.262903233273387,0.26648528119475,0.370437165102773,0.596254340441701,0.093653433856,1.00389471477392,1.14431978472704,1.16695569478715,0.592118461619,0.033698599199,0.500553476079887,0.704111413815789,4.19536782118603,0.358883774166789,0.021144626926,0.0861253669547216,0.141427353866839,0.007953687047,3.36642517820117,0.03486795264416,0.447932672111,7.30986221511746,0.025892671685,0.0173086247207533,0.279012991161287,9.42310497186006,0.38822867663053,1.39395688410514,0.003425792216,0.611270286794003,0.0710369388435958,0.0121664967835238,0.0211397990430294,0.269277772440202,0.44377646104029,0.791241213751,0.018715832897,36.0896520395852,11.002414962072,5.34254482608137,1.67704827126369,0.300983580465372,0.622929991861007,7.00903596470296,0.112072033436438,10.5881765544027,0.435795269576152,0.597614077846325,1.23461214767942,0.00373261881241672,0.127571101850067,0.165584858230775,0.294335512649416,0.16341607497,0.320799621600669,0.0102443341282088,0.0410243055076059,0.247862409841095,0.257094010016838,0.045537335859,0.528239465217519,0.0950805880332273,1.58798214259986,0.012857792548,0.132802840063036,0.0409058104257136,0.0415088559176744,0.046762323487,4.51553325579769,0.00395307526213923,0.0410101940894229,0.0461802111683656,1.08145878326491,0.411683960681183,1.46427759798194,0.0493705524374318,0.483349870160599,1.68917163002965,0.408146487851508,0.235743811310166,0.269487765260433,2.39225555084378,0.087052646697,0.334506899630343,0.189036983610679,0.135968763510908,6.00175151672243,0.170136184721876,0.277815336059516,0.202198080718431,1.77967098660595,4.60035365391457,2.80625914454095,1.04768075620246,0.234150331085858,0.0547085398808624,2.35724636718669,0.114068819151395,1.3831157370517,8.16342474902133,0.2235176549526,0.004318312833,0.00556263274,0.004890418239,0.000726764081,0.803107688967162,0.125623652008534,0.551177519847582,0.00554230482585457,0.0323075462398541,0.187903518286916,0.405424933233433,0.211701699501335,0.015299417447729,0.422009647017227,1.78934427925963,0.101495406056358,3.61274649773313,0.760944912903615,0.998097302592487,0.0229698613989816,0.798527609165,0.535318107030691,1.01527251041714,0.114244415369,3.31320092582917,0.0296875294772924,0.106007751678899,0.00248022643478583,0.0655326402150029,0.414726482237776,5.07863362764839,0.175207467041894,0.560423864544972,2.24544642849698,0.152727944689765,5.39397636554605,0.526623528061366,26.8790389481471,0.263332259996302,1.02338252231258,0.00685035401025001,1.03308980922616,4.51834425233967,0.979444769923545,0.163394199033253,0.228285026089249
780,Other malignant neoplasms,1.8438908293107,0.190115975860968,3.54676063347507,3.35697809173201,0.00263038822570813,2.72825205576903,0.258961788730152,2.13047149045729,1.227241747593,0.805675492112517,0.0770383812126981,0.0517279693216546,12.5989908811648,0.080614611746,2.02686265081556,1.60279502923785,0.0215404222610785,0.463748733403586,0.050702360327,1.94256624407565,0.750661083047517,0.257449833152107,17.9393718811328,0.012705858355763,0.620211172275763,1.58535233953806,0.975916268889073,0.044029272817,1.41868855184278,2.02714958516924,4.114890599642,0.23613774717607,0.862550437546003,1.13274715091062,62.3464444485053,2.40184387713692,0.0616838045030794,0.14742561546571,0.241804597968293,2.35492914173475,0.332046268966,0.89628834526066,0.097477288231,1.19465300364643,2.25782625815948,4.59956724125345,0.708217911108,0.0755319400619358,0.798345418704072,0.752416184180495,8.26738196660253,0.696660366031218,0.131353707894693,0.200914318317812,0.110829120663,0.144748719154,6.30063862791813,0.092500542751946,0.787735236440555,13.3620666086915,0.156816295069125,0.0814863370797317,0.50822298995225,13.0087989650468,2.19692324958028,1.62118199649647,0.009165130915,0.719349407149503,0.624132945232918,0.11107718139369,0.019012785567293,1.22856857550532,0.746899128815891,0.759422015275568,0.02748197308,63.6934475132876,33.8905745366511,9.30799093585365,2.3101471666874,0.44364056223464,0.49960225165738,8.46352955972217,0.36645229300953,9.35715608463804,0.602827030110352,1.71549396725926,2.96389794156762,0.00217979236728259,0.1639954792438,0.36498931712524,0.647050215036095,0.160017884511,0.649405528020306,0.238754621050521,0.31386520044172,0.479722337613675,0.294822664265,0.0641383398903764,1.94787577498887,3.44507788440684,2.23992322107424,0.024711270682,1.78595592589168,0.0200169888916869,0.288415859050854,0.038841688996,4.48010038256209,0.00192809494681213,0.166436791423004,0.169099461541053,3.64149644083599,5.12697212539283,5.67486323615139,0.557906514079217,1.92337412900705,3.35001393037061,0.512700421155658,0.150355556903459,1.56958267375019,11.4716121826769,0.142242793566,0.56056925317188,0.265642105250998,0.157910615445638,15.4519618826754,0.227381794072747,0.968247418915748,0.264724035393,1.67521234535185,4.52358334867752,4.2863204392141,1.41396018573491,0.226300276761792,0.066703229497,2.28991626142841,0.205592059828624,2.36249224266516,22.1276272048954,0.661253704553982,0.024427942415,0.010684008923,0.024958865765,0.007612116115,0.769057812511167,1.16049913266563,0.785932095946704,0.0031862411061428,0.318759018144398,0.241369135497,0.489371234648377,0.205779456873815,0.0429503799378919,0.963738463026311,12.2991925091395,0.627834957967982,5.69488015333815,2.19493804408055,2.5746289791579,0.076769434005333,1.12849644910216,0.802663443679,1.36152629718093,0.462492627940407,9.86274749568383,0.0525472273528324,0.59731579855008,0.00332372002678037,0.208975608412343,1.37764911101844,7.24363443853788,0.457194867566407,4.64370893667225,6.59855416411695,0.202826335329498,8.7990195937565,4.14146742317368,21.7222366842981,0.339686684982558,2.18167864924945,0.018476870030559,2.84356142414968,8.04922076883059,1.77346417039514,2.80027848890097,2.02297798005033
790,Other neoplasms,0.00425194638135809,0.0109272616874402,0.0128202167670387,0.00304688965924539,0.00126348075255472,2.75858220185768,0.0710536992544701,1.37665724941448,0.866875823730223,0.00113513804023651,0.00446597213234476,0.00547820253920569,0.115746154637279,0.00212781723797129,0.110781296772458,1.37221034486774,0.000776468897108039,0.000722534271503809,0.000678431629308497,0.0219646022896644,0.0311360327403264,0.00414712385521669,5.49597518777456,0.014461751312082,0.109467878705345,0.000895328653960237,0.000488711404533363,0.000507476608812736,0.0234200197126777,0.00169552870925591,1.8570625922534,0.000159683840651064,0.000396243446408809,0.933358376708533,4.63565790389689,3.37675426230879,9.01233483629335e-05,0.000492033038975097,0.250192889113005,0.00134228446592818,0.2162645988917,0.833242904620764,0.0681100678157509,0.682083496336784,0.0399443693909317,0.00508536949354327,0.316453053348319,0.000155136913361056,0.0257488566582162,1.15145238084036,0.0186196525770089,0.00574049754236508,0.000231986202672513,0.000367439292770862,0.158382129855081,0.00242515665651967,0.00710838692464335,0.000697370928484713,0.455523821692151,8.65283167495276,0.000300014428314985,0.000135586969057021,0.301914386306815,8.55652163029485,8.62111639734337e-05,0.676806237528271,0.00326278524461769,0.0284842735137373,0.000804472111255516,8.15908987977554e-05,0.0240733340234582,0.0188898106948643,0.0281468510940599,0.761896012607027,0.0123691331994969,1.34367562953077,0.439861854462931,0.0262295353368933,0.00573346028659858,0.274397602793247,0.479290224194554,10.4514224280756,0.031647282978069,15.6748052752632,0.00282793936835156,0.0356330831222858,0.0037290906545092,1.73245056824028e-05,0.00320834433939311,0.00502859411932361,0.00725036634628075,0.14320042108503,0.0272376801771317,0.003862177658629,0.000191488837966917,0.00350104365354211,0.200307372016548,0.038394837309585,0.00151188966507054,0.00110460795930401,0.26075682361727,0.00318946372179632,0.00086581505816449,0.0158022004843084,0.000376640680808947,0.0198417189405063,5.89872920157102,3.16532889998682e-05,0.00264484924905986,1.18677592293069e-06,0.0104915022225228,0.00207398319229951,0.0648113644246552,0.00402907658073818,0.0175433233634328,2.18490606814323,0.260158044309162,0.0683512068986635,0.000553502153003412,0.0131506852427785,0.0994064496277469,0.267320545720573,0.00254133453464537,0.00131887981783266,0.17361079194766,0.257412302725028,0.00158515144231328,0.352466172750577,1.98493388219829,6.34835525714754,8.74954277171412,0.674816847789315,0.19859921569505,0.0033024765396713,1.93354467649857,0.0295780146668019,0.354735765441825,0.80495634855605,0.00125407966038089,0.00154418642508989,0.000441693007533433,8.06485120813969e-05,2.06837174399266e-05,0.00646989099229867,0.00110046122008735,0.70643116485613,0.00027566080566304,0.000385999709574712,0.196123397877828,0.146432925189034,0.0591992102249627,0.000195128799162625,0.000336235377111468,0.248157710015818,0.000515173647549459,4.43212736410922,0.0464314644662983,0.0067281356383774,0.00178386376920704,0.968603539554872,0.619558732275641,0.0240736499887723,0.00169424433724349,0.177508011302564,0.00110094569457723,0.000402900964948275,3.67128641794089e-05,0.0172713593696624,0.00383037022857507,0.622250693642601,0.00223127197953996,0.00235970533711972,0.132480797476394,0.0196392492598516,4.15985611014536,0.00463877407501003,16.4270767188385,0.354024653806743,0.0105199483412537,7.48681972649178e-05,0.347232273420359,0.20842500148917,0.00454642003045324,0.0011772220562325,0.0467981148511914
800,Diabetes mellitus,5.31061552637195,0.198836404913925,4.77721575072815,6.30157627259838,0.0394251025754495,7.59847820679754,0.36087605729704,5.1216345606848,2.63021443646118,1.25778766545458,0.186610019199518,0.805767432871375,31.5779439752536,0.233151415295793,0.608265855067483,1.18785489523589,0.130743769641582,2.08065298623776,0.145209338640214,3.9222770358079,2.50472169816296,0.678211268761927,65.350223161726,0.146662141048715,1.64530992700493,2.91510430101996,1.9531178958144,0.137303865733844,3.76264350368992,5.14226211917605,5.94992322545806,0.940828955126809,1.78601438504876,3.20279413489692,173.480757664827,7.66697480358841,0.196689908719945,1.17357937789717,1.08198673442987,4.1961456510973,4.10109787580637,1.61103254199297,0.526297010746159,4.9616366714858,4.39552460024489,19.8172429388601,1.18305185806938,0.311770722206476,2.41089740737984,4.1568016795252,25.4100295923372,2.24071705679499,0.444806295964298,1.06777806695026,0.276116144791241,0.733455560754459,17.0255081451899,1.70867942163181,0.571642398054547,11.5076617993234,0.659727801173504,0.376347041301329,1.19088239568627,20.8918383481997,6.5123839113908,1.63748176896201,0.0741693242657715,6.45088689744639,2.29429836836894,0.330251596719859,0.378730361338235,5.53765523502897,1.23664026327935,3.64250061764925,0.039756232857469,326.463172861691,58.2248617062093,12.3349921906324,7.47881677858426,0.459503501122343,2.25911106886414,19.7465038086546,2.66748779018972,5.95522148467805,1.51819182353984,1.45810339747568,6.3255365578085,0.149880626370835,0.419682385671809,0.330697488081928,1.40785860798788,0.663445124597531,1.63765753256219,1.18528569689052,0.811234929415913,1.08427663617886,0.649775710809949,0.0542613553567301,3.94119890328775,3.31861545333043,5.79176489308721,0.0972269547717958,2.94136987713127,0.204202919140558,0.610348738508609,1.8185510798077,90.9556689963078,0.0871801767490374,0.225070540009548,0.138396419254434,6.50337524710268,5.81082424327773,20.1761066436617,0.714398203802691,5.18730263341338,2.55035143003321,0.819667449196232,1.3101251431558,2.4092412579669,28.8482875447,1.57407396061979,0.699103621069543,1.02875038438001,0.667468239953651,54.972082900346,1.32235374212369,3.155798831145,2.61620433677375,5.00660875083036,34.7471286788006,10.7332237032505,3.32998401441812,2.26869064093528,0.425719929119152,7.38459025069448,0.465241674714308,2.81230596879494,37.9114607405908,2.63989862440829,0.109275418309302,0.0474248151116465,0.123455818387488,0.0165187533267329,4.29760721482731,3.0427269195722,3.3890148077324,0.0285825144714543,1.20348951031737,0.0778177797572432,0.715370238939012,0.298454882722791,0.498832182838597,3.5790658049816,34.1778429202214,2.24653075152028,8.63358318393145,11.2912617213792,3.27557507444503,0.212870670982765,1.8800874837192,0.893102221762111,1.9816647775781,0.715721180930807,24.8622455034718,0.169484520176229,1.34420463530895,0.0913777193936644,1.58057050584559,1.60902064645968,20.9948591641698,0.912762002363217,6.28653535244583,2.5749814105108,0.683472807564425,6.80835135393232,8.25954040722186,61.054809441731,0.753935583277624,7.15480292498968,0.146627334511841,12.8636908422608,30.8676144516405,1.84424043471799,2.34786749879197,4.58822747782879
810,"Endocrine, blood, immune disorders",0.875528705084368,0.0577505036094973,0.905593845299065,1.51432059731819,0.00843907131825679,3.6739115462274,0.0555231037235962,2.77509471426974,1.52341836515513,0.190770902286505,0.0816294415375179,0.108062044157688,0.651095712808799,0.0320179405391721,0.0984824568570914,1.31630361670706,0.0223471995920516,1.92963124092889,0.00530306635994397,0.392258337971972,0.0564624787522616,0.106949350366254,19.427927990425,0.0685872506971539,0.134178586187117,3.10311740076166,0.333587609739068,0.00756975917172779,0.583446150844804,2.0776023992748,3.90923615433898,0.2827747420552,0.816527799269928,1.50915489742278,1.41342689609579,3.85154063780591,0.0214546450943397,0.234676214570071,0.241622772545946,1.36001068868943,0.0649076246545732,0.498886540153648,0.201669994316803,0.947717482654914,0.586947830673642,8.27676339531531,0.674894416715282,0.0317083766385977,0.589797326866076,1.15111494579014,1.41207894052145,0.196824066695749,0.0892505587631839,0.0779753342865771,0.100383252638395,0.132786418456065,1.75122862990989,0.0364051252504424,0.301254489974798,9.7226975741194,0.121224768756263,0.157336206756644,0.401520981808953,14.6912755938468,3.04227455113406,0.831568390476127,0.0248478677045278,0.607179762868442,1.11422191420382,0.124778355339339,0.100793702076104,0.988579711062778,0.314701387265597,0.741335851939762,0.0153124315596884,1.48092923120881,4.18634840015005,1.45401333035394,0.514065127065647,0.330281935811273,0.835551493472028,8.77028128690041,0.217845812594772,11.9077959160201,0.139952080333842,0.342810910184317,0.732238246327422,0.011747088687067,0.0437396428117911,0.0571240041759172,0.191010130063593,0.111948661973688,0.200059252623268,0.232017864026562,0.237230210591208,0.241499738900759,0.0824675844649545,0.0505732777848836,0.625251492102458,0.389084055154925,0.943771477901576,0.0357484720577947,1.69838642734285,0.0298912026173287,0.127183534114109,0.0746990688083446,11.5804900148541,0.00765785549640623,0.077774820268906,0.00494920896167752,0.853533539136512,1.04792155880319,1.47580895912909,0.0937832120786247,0.141368139642136,1.12742306489324,0.346338592486433,0.112357077785957,1.4785866653873,14.2317659353407,0.12767387437293,0.471121837944984,0.109775571557484,0.0850414112143389,6.78351898313414,0.294186583696044,0.217361030807579,0.61767150030538,1.63650653635853,14.3257517059814,1.15895817654682,1.54839415395234,1.09825463639108,0.0325000677883954,2.1522017050722,0.0160048631191902,0.228345417590843,2.58584744793051,0.354076294496804,0.0163414905310332,0.0104077956601736,0.0126194827538682,0.00817822693536514,0.670757092157076,0.668454114621967,0.333822569329089,0.00576723990044796,0.671588433852252,0.0439121418522417,0.165009852685301,0.0932998951219831,0.0374223702023246,0.550880582565601,8.44409863903164,0.274626816697019,5.18744445547277,0.423291836091544,1.26168473985491,0.0342742614443357,0.79264990509068,0.72000812329419,0.386584477092775,0.0596111270521564,2.97404628983171,0.0333604437311324,1.28516816526532,0.00670388799154934,0.168399316384078,0.215157334274476,2.72390902352828,0.131629252283301,1.09592108741735,0.348139571111901,0.106856108068653,3.91432891787997,2.04721544776457,60.9542135462246,0.463200155321625,0.406644956308131,0.013300065196209,0.849593685828628,2.84474835359992,0.624955419217286,0.491440543071821,1.07952571511201
811,Thalassaemias,0.0783727631140531,0.00117580018475107,0.0436306768737536,0.035174446445456,9.20308122666149e-07,0.00863144327684874,0.000497548052092755,0.00252929972762188,0.000285927104645361,0.0176370474889287,3.83967994044088e-06,0.00173179071080353,0.125858815093538,1.85220939827383e-05,1.66460223391665e-05,0.000685354664955406,6.43777758028954e-05,0.029748004817869,0.000395116459319472,0.013655867747136,0.000528805298881801,0.00219169767575861,0.0233457736214593,0.00158391118616704,0.00128956401434749,0.0613858901404574,0.0403179374661491,0.000388761218412223,0.150560155110788,0.124065484508118,0.00426499344166067,0.0118939054183767,0.143414755315517,0.000901094047537257,0.373063953919055,0.00267353914350139,0.00155346574831016,0.00605353655592669,0.000241113993677631,0.127837307333677,8.24870257808349e-05,0.000523064719462141,0.000607329688908271,0.000375446360025683,0.0634594081223347,0.218656901962344,0.000267978720756407,0.00223453424348335,0.0141333337471721,2.12748635906015e-05,0.0480889132933917,0.0063061588195017,0.00103605961071037,0.00734346733870843,1.0250216487923e-05,0.00385122126330844,0.268815091247386,0.00292136939979786,0.000131287571765072,0.00550629349973136,0.00192269011891858,0.00748499333386843,0.00187459983836911,0.00900778590459823,0.0688518176028116,0.0197076650030217,6.98827157145095e-07,0.000207411552730492,0.046662543774216,0.022935836256016,9.04152633467165e-05,0.0435115041585801,0.0207278299118749,0.000463274791124849,3.38303249283997e-07,0.11300057184009,0.994166980063828,0.0423529910904288,0.0268630766998123,9.45927281435346e-05,0.00246748664710587,0.0411486620115716,4.3691243487464e-05,0.00300957307413891,0.00472936516825256,0.00340857650726758,0.0157236982515851,0.00104213349302588,0.00136538195039269,0.000228067417115827,0.0539787784219202,1.1413271712409e-05,0.00568196135657792,0.00820458896764456,0.0237090570173996,0.00132506120097899,3.52529382842233e-05,3.14653653476646e-05,0.0346927124846118,0.0297110980114103,0.0446836081403077,0.00124186139636961,0.151551470661567,0.000171439486937434,0.0118694810711694,0.00185383935878666,0.00475561720655526,0.000206894665042825,0.00697392730940174,9.72874211819651e-05,0.0365157331171228,0.130476241062024,0.278886434902155,0.00485963424871415,0.00853921639056391,0.00117667894305797,0.000119016196591491,0.0122650138334251,0.0787456573153697,0.413817323160442,0.00142385804166555,4.1346788753964e-05,0.00420183516325367,0.00127066969588435,2.30887950533996,0.000468580083210273,0.0168405099884178,0.00820322409522771,0.0313789571831329,0.792686558749876,0.000634997828548453,0.00113965279811971,8.54611526070395e-05,0.000357065494513728,0.0201927200963716,4.84989223863647e-05,0.00105151810026685,0.00486031167431402,0.0400075623866461,1.69697510210571e-06,3.43856834329643e-06,0.000301444910847754,0.000192787887740808,0.00824188170222067,0.0309625504545722,0.00315110369434405,0.000935348066816177,0.0239552274833683,0.000639850403904856,0.00123646489954341,2.53491875001443e-05,0.00132721532107679,0.103507214108857,0.0941385250537106,0.0266900297231775,0.0046007579756977,0.0102423338789322,0.0971137186660058,0.00123687670547553,0.000242046166032745,0.000941745300156888,0.0371761390944091,0.0149932416143907,0.365368204688578,0.00663204174302477,0.0311536115293475,0.000105793883951583,0.00078629727914727,0.00526910506239457,0.0541246345565432,0.00209468568088488,0.0429852815316456,0.00189026835984086,0.00259230952699193,0.00119161641617592,0.0734576503728631,0.0313475521271278,0.000552538387625386,0.00790866380612598,0.000511193598782216,0.0011596759247932,0.417713043272009,0.110934260077603,0.0152393123927764,0.0956224007003815
812,Sickle cell disorders and trait,0.178699927073455,1.57655957063675e-05,0.0192596422402855,0.636038099164703,0.000788852934556832,0.000621580184816479,4.18053107966821e-06,0.000296702927669035,0.00129369030888885,3.03424554215822e-05,0.00853833974699969,0.0312843877040742,0.000788903772796745,0.00186635609826381,1.38798099406912e-06,0.00241506462720949,0.00199207600899825,1.48512940704693,2.36278460396671e-05,0.00469945295745407,5.82980326870946e-06,0.0026777185313193,0.667483808354719,5.85039079380227e-05,0.000579806339768684,2.31162041712015,0.0661707366468619,0.00164267399067025,3.36567442368618e-05,1.15004179514435,0.0129924785675766,0.129827802118927,0.352638762349863,2.86270741536545e-05,0.000943791138194654,0.0916694140444312,0.000343712505138521,0.071526513877747,0.0100114195566361,0.702237502075956,9.05245365733149e-05,0.0554203798707576,0.000881526376468122,0.000201368909774812,0.00520404993675789,4.24131739677807,0.000149317562549582,0.0018742710265533,0.05790886397477,0.00819682431950656,0.107327812466176,6.98191884084549e-05,0.0320354326101812,0.00539953168354209,4.26413075338192e-07,0.000222581137712617,0.0276207587673229,3.04135480190719e-06,0.000344015601742904,0.0256106474371542,0.0339307760537809,0.0857685626201363,3.05718081410551e-06,0.0114600651064491,1.86935596471959,0.0133157344930076,0.00269703708358703,0.000583356299326572,0.751320063020459,0.0341243541328187,0.00924963482103373,0.282277281232686,6.80692526343073e-05,0.000207644120705778,6.4894181507108e-05,0.306933980523547,0.00228856669452962,0.171911527246479,0.0875713565951768,0.000644726581991819,0.00186654120971028,0.00393081623935187,0.0457672933148013,0.00180515720474624,0.00891905989991396,8.86828576323723e-06,0.195424257521659,1.01651904896697e-06,0.00308146863786709,1.89515291894183e-06,1.51934998790914e-05,1.99577220593623e-06,0.00835109143052785,0.000393429596760135,0.0999481728174045,0.0305639490747194,1.69323845924159e-06,0.000104530084563258,0.230125776279956,0.0504443262883345,0.000153989400557424,4.82151663740615e-07,1.03356958817434,7.36528006586292e-05,0.0346597972642973,0.00127254029023437,0.0245845691583723,2.14810300911429e-07,1.08729082000538e-05,1.1451299357315e-06,0.0215431135302154,0.0623011609010853,0.000155543775186374,0.000300922243989262,0.00144969115268672,0.00505175209311065,3.13959185417268e-05,0.00023804092708065,1.02586118974568,9.54961308666907,1.95632707638605e-05,2.0294059868734e-05,0.00429857869337162,0.0146891340496604,0.0142554691739954,0.0203994420183224,1.26016505377292e-05,0.00951136073945322,0.012410267245499,0.00588191002225989,0.000941677346896195,0.00383921407312116,0.00527959620902475,0.00162807246632842,0.000985316007397508,9.27494575278846e-08,0.000318798550798243,0.000538100669566733,0.0256268254548765,0.00340376190468259,0.000978360291035654,3.53434559980045e-07,0.0031302437465608,0.121720520694667,0.309155179178713,5.50811296769746e-06,1.37281583468303e-06,0.47846597521469,1.98091224869322e-05,2.35394758213312e-05,3.24117836689372e-06,1.41874800830517e-06,0.011425502002249,0.00196584158935956,0.0203702362718562,0.00674341667477993,8.04206413494853e-05,0.250510244451515,0.0040975387481561,0.000262170417099047,0.000795069458716041,0.0164884435265246,2.14966729929818e-05,7.52037689632348e-05,1.16281096473558e-05,0.930689013405344,1.3120466324846e-07,0.015894072167619,0.00999079378615614,0.0483440812997483,5.42488796892449e-06,0.412675253082015,0.000113443446156055,0.00308684059719244,0.0253720414343723,0.816308891688187,0.71995639745087,0.000191029894818493,9.57605000709618e-05,5.50114759143498e-07,0.0428433693279556,0.000503016043530388,0.0375902450195927,0.209689184331407,0.0268240057143815
813,Other haemoglobinopathies and haemolytic anaemias,0.124070432551963,0.0151932294484967,0.0893967312579111,0.258414848074205,0.00102272637638785,0.861441438674817,0.00885051091921698,0.182890815450972,0.074276160323785,0.0220093283132962,0.00417132095844061,0.0100680777705907,0.0770184562574913,0.00306808293234509,0.00871315469380753,0.157185912120387,0.00228452105019118,0.242739623224905,0.00076207087706753,0.0834822294511868,0.0104008419192102,0.0130490396101316,2.70021611202601,0.00740399748309395,0.0307877725923614,0.425074425570251,0.107753513292865,0.00245773897719859,0.145476479361736,0.330556087735704,0.293301494802547,0.0683147788834605,0.210629667793798,0.256793063495958,0.073781436914899,0.763437688372962,0.00544981899411483,0.0705388790119522,0.0548080797555095,0.211448863560121,0.00672383786293382,0.0753015892985584,0.0300350444442895,0.04736056744791,0.168460362125667,2.17048765485677,0.0572988787531849,0.00827914083000112,0.0806068813071002,0.220711499411229,0.108422952067496,0.0272729541236124,0.0152165090233627,0.0268303861530932,0.0119930336236965,0.0138639958907854,0.588164779589492,0.00793387169976805,0.0304637790732603,1.12356061014536,0.0315951009587197,0.0387816286559051,0.124616919666778,1.61051073285534,0.583337154998153,0.140755659895099,0.0037497025071261,0.114627012662237,0.19556695319033,0.0493331714300003,0.0158815365460505,0.220234692017829,0.0921978960629949,0.051696028384343,0.00149584700409937,0.126642093539702,1.90082180860877,0.104852765679952,0.061860537105581,0.0323736307874921,0.0604551845392245,1.60300332955428,0.0402579109689662,2.81504696896519,0.0111517745563972,0.0775252477389342,0.129718222942954,0.00254302631055624,0.00389563999872171,0.0185325320301183,0.0377092382650471,0.014748472365049,0.0176000779490114,0.0316719311950395,0.050107593356019,0.00811362266330861,0.0155382561466814,0.00508927734620533,0.150439263428364,0.111017393108635,0.206324562546616,0.00715936493889255,0.323472892579005,0.00407641054308173,0.0302566388037746,0.0152513836822155,1.62000182780893,0.000645722592088198,0.0100475307514024,0.00107820733080487,0.0890117555130808,0.319870419103894,0.387176103955954,0.0185878476489463,0.0145454645942262,0.131958960337718,0.0188781488009444,0.0290416013395384,0.182117960421195,2.36817193253069,0.0330923204782969,0.083660815769038,0.00626098763472401,0.00803024950253965,3.04897145166719,0.0567714781116271,0.0298272026112213,0.0432120671884164,0.293051653378795,4.27073936974452,0.144408152642665,0.224537414102642,0.0718253947150938,0.00132626336626502,0.544209603908389,0.00180125251527461,0.0462120967658641,0.463491335614357,0.0900606793708201,0.00195693820170184,0.00138309326480351,0.00103966542711623,0.00146753407709245,0.0306089941449637,0.17018960008502,0.0566066165905901,0.00304800991643472,0.0924484166102595,0.00805423158650974,0.0274669544470167,0.00464105624693128,0.00455785038029333,0.17161119998749,0.474364678427103,0.0666756766867176,0.708013449130899,0.152721250992207,0.0684719346794494,0.00538284997765414,0.0992689995573533,0.0632458474014309,0.0807806535973188,0.0143069102548188,0.415302620769917,0.0112657691849528,0.234264977559515,0.000491848068626808,0.0142454161243847,0.0156277328584594,0.269065688432028,0.0437509067616158,0.222388234728637,0.060835511400431,0.00848580851263127,0.437088612079361,0.488802497279319,2.51344964150105,0.0914760719689219,0.124492619220283,0.00143537767692535,0.189312726165635,0.97433458775123,0.131436527416194,0.0897875605174414,0.414250372495274
814,"Other endocrine, blood and immune disorders",0.494385582344897,0.0413657083805432,0.753306794927115,0.584693203633829,0.00662657169918943,2.80321708409092,0.0461708642212068,2.58937789616348,1.44756258741781,0.151094184028858,0.0689159411521372,0.06497778797222,0.447429537684973,0.0270649794145805,0.0897512681599506,1.15601728529451,0.0180062247570593,0.172014205839184,0.00412225117751731,0.290420787816195,0.0455270017309009,0.0890308945490445,16.0368822964229,0.0595408381199549,0.101521443240639,0.305036667930805,0.119345422333192,0.00308058498544672,0.287375859628043,0.472939031886635,3.59867718752719,0.0727382556344363,0.10984461381075,1.25143211280513,0.965637714123642,2.99375999624501,0.0141076478467762,0.0865572851244451,0.176562159240122,0.318487015719679,0.0580107752292852,0.36764150626487,0.170146093807137,0.899780099937203,0.349824010488883,1.64630144171812,0.617178241678791,0.0193204305385599,0.437148247837034,0.922185347195814,1.14823926269439,0.163175134564227,0.0409625575189297,0.0384019491112334,0.0883795423851349,0.114848620164258,0.866628000305684,0.0255468427960745,0.27031540772803,8.56802002303715,0.0537762016248439,0.0253010221467347,0.275026405122992,13.0602970099804,0.5207296138135,0.657789331084998,0.0184004292866575,0.491761982354149,0.120672354218812,0.0183849935205038,0.0755721154456726,0.442556233653682,0.201707592038093,0.688968904643588,0.0137513520708326,0.934352585305474,1.28907104478293,1.13489604633708,0.337770156665077,0.297168985713646,0.770762281075987,7.1221984790952,0.131776917067517,9.08793421677606,0.115151880709278,0.261868217652352,0.391372067611224,0.00816091236443595,0.0353971522248097,0.0383615095757641,0.099306919876747,0.0971867805647203,0.16842612188715,0.191747914267118,0.0634653874003851,0.201497105961752,0.0668923821415296,0.0453480049887673,0.209993739909526,0.197911237746546,0.692609317814095,0.0273467635708688,0.189792475927937,0.0255696997866509,0.050397616974868,0.0563213054771081,9.93114800068028,0.0068050234289743,0.0607424892999018,0.00377256907975495,0.706462936976093,0.53527373773619,0.809590876495799,0.070034807936975,0.116833767504659,0.98923567351935,0.327310031570356,0.0708124216859132,0.191861857905051,1.90016359298049,0.0931381325822035,0.387399381327323,0.0950141700661344,0.0610513579662545,1.411412556953,0.216547083482884,0.170680716557402,0.556744848282282,1.29966565855111,9.2564438674647,1.01297334872872,1.31887787297846,1.02106418431435,0.0291886664612882,1.58681406506004,0.0141550189320717,0.180763004173914,2.11695769997227,0.198381227284461,0.0109790934495467,0.00804290353599116,0.0112780189813442,0.00338766122397108,0.510185695615225,0.158146784903662,0.274059340931187,0.00178250910136238,0.0767188145439338,0.0351982507393402,0.13628289386292,0.0886302485091848,0.0315358857529462,0.264336666467005,7.87362959396147,0.160890874015267,4.46808683169139,0.260247830579055,0.845588842057943,0.0235569960130499,0.692876688950195,0.655025461133886,0.252139240874523,0.030289478509954,2.19330026060425,0.0154510046935074,0.0890605627711128,0.0061061148343077,0.137473530812927,0.184269702567466,2.35237461923996,0.085778234952831,0.41787231807505,0.285300347905473,0.0926911494318379,3.45067664795006,0.668646408424198,57.6894599551455,0.370980515070259,0.274147912781651,0.0113529438057423,0.616277914410244,1.45219770653315,0.344994386703896,0.176724485830196,0.542828936201972
820,Mental and substance use disorders,0.611397079382928,0.0243587710212253,0.623901147776467,0.482627439556186,0.00150506618642658,0.383863105515491,0.0134652657704332,1.87097636467055,0.899460562753258,0.149683668179508,0.0241254114315418,0.00655953161180101,0.606707404323237,0.00481782621896262,2.30464923197832,0.737172615651761,0.00885603678920668,0.145163632595145,0.0061981539011681,0.367776954184359,0.119837515340455,0.0257688333746214,11.8111034372452,0.00349916322062684,0.113015561696049,0.301200894773632,0.230084082290605,0.00601978502129645,0.158579147332485,0.303779841101955,9.11437879180837,0.0545713705740696,0.137315045780044,0.540860484394082,29.7375617642961,0.313442113792756,0.0182431363454393,0.0725659485125732,0.189832634887925,0.349581501020082,0.479804288989857,0.683399539633763,0.0431599982144458,0.657503273899317,0.413152811764247,1.27406504963859,0.894241050340715,0.0341979458301665,0.106958196027572,0.233410142658594,0.0824623907474004,0.851159835053319,0.0218568318470407,0.10175491763931,0.306703360420399,0.0260437775025392,1.24327572523266,0.00145881998477574,1.00717484979606,6.15642730985849,0.0318817498146518,0.0220632010366559,0.0661869300519693,8.13497407349407,0.336048000392683,0.502691282334756,0.00361467178851563,1.42147588302855,0.1021478868613,0.0225643586009086,0.00528300328479338,0.416487531815233,0.356585943717082,0.89505293637516,0.0456793375673748,28.9709301161537,0.55105627140704,2.85290641097464,0.4119584494572,0.346107499917874,0.213235543312551,1.70700047517902,0.0162626325778199,2.44805411973813,0.00925550211775947,1.12977847637668,0.475371708723513,0.00675585582421728,0.0574004539071649,0.297866730407709,0.0499499575294089,0.40339679282328,0.0215757196572516,0.0561075778318907,0.0426643947308693,0.221444171028828,0.300750942785963,0.046752448919603,0.41789750472426,0.360419487619615,0.2505677911171,0.00152146179825739,0.159448794679597,0.0109839175300852,0.0216825953782581,0.116147848605637,3.19030642863166,0.00131413095119446,0.731874688970363,0.00774675473361735,0.505070358762977,0.622359648507354,4.68989350587955,0.0330690707327765,0.198145229706739,1.18889816720104,0.159573087606526,0.101310323576109,0.190508687408007,1.84151138120927,0.0186540412007405,0.544803798427909,0.0010877465910241,0.0178197111796789,2.03869627697423,0.0261921166484842,0.0641165767202127,0.282682489759175,0.228188638631855,1.65039896056279,6.01369779911884,0.296588965553553,0.691592371290998,0.00959941940577999,1.36543153624513,0.225822582024124,0.57179273472837,25.7790274078395,0.362617628282888,0.00757877301306261,0.000870391936439779,0.00192831098452397,0.00166418130202266,0.0278377857488056,0.134587530478929,0.543632359764807,0.0012259895393178,0.0838785394365819,0.0368728477636342,0.294346779985018,0.52082230208646,0.00960674116275747,0.310757541299708,2.12427769763395,0.183208168387232,1.64941016173888,0.333290806448305,0.513751375099631,0.0134010836744469,0.89151121305266,0.598930902777274,0.17936566168761,0.170691354942077,2.3245911722972,0.00614157848486463,0.114652692030296,0.000878036274286677,0.0385132612355946,0.125048763238617,0.468026838157902,0.237102397988184,0.669917618464365,5.75284354712331,0.0615845282400983,7.61300539307221,1.050237403242,131.227966875045,0.180911489791206,0.32132419336682,0.00275120329812337,0.18049040169977,2.06466046324375,0.446075041966077,0.34398475862932,0.130845524058143
830,Depressive disorders,0,0,0,0,0,0,0,0,0,0,0,0,0,0,0,0,0,0,0,0,0,0,0,0,0,0,0,0,0,0,0,0,0,0,0,0,0,0,0,0,0,0,0,0,0,0,0,0,0,0,0,0,0,0,0,0,0,0,0,0,0,0,0,0,0,0,0,0,0,0,0,0,0,0,0,0,0,0,0,0,0,0,0,0,0,0,0,0,0,0,0,0,0,0,0,0,0,0,0,0,0,0,0,0,0,0,0,0,0,0,0,0,0,0,0,0,0,0,0,0,0,0,0,0,0,0,0,0,0,0,0,0,0,0,0,0,0,0,0,0,0,0,0,0,0,0,0,0,0,0,0,0,0,0,0,0,0,0,0,0,0,0,0,0,0,0,0,0,0,0,0,0,0,0,0,0,0,0,0,0,0,0,0,0,0
840,Bipolar disorder,0,0,0,0,0,0.00094965219866557,0,0.0165118175331811,0.00105563145779643,0,0,0,0,0,0,0.0134057230323131,0,0,0,0,0,0,0.0964265080107971,0.000274222826365929,0.00317469170586583,0,0,0,0,0,0.0327145806240126,0,0,0.0056516245998467,0,0.00510119356392783,0,0,0.000671623508411968,0,0.00278371279795346,0.000776057181548871,0.00231421667932602,0.00206757497450271,0,0,0.00917156714821416,0,0,0.00125770224990054,0,0,0,0,0.00103902184975894,0,0,0,0.0058791658204348,0.205800129052881,0,0,0,0.047917517568756,0,0.00663138276694753,0,0,0,0,0,0,0,0.00588010668507827,0,0,0,0,0,0.00386100657453387,0.00093996715552372,0.122675971393335,0,0.122538118432039,0,0,0,0,0,0,0,0,0,0,0,0,0,0.000557583304550515,0,0,0,0,0,0,0,0.00111887122107311,0.00544009680081457,0,0,0,0,0,0,0,0,0.0280871136485313,0.00800539808367134,0.000262336029232091,0,0,0,0.0148352991524235,0,0,0,0.00105442653096415,0,0.00108418741896211,0.000515525542927729,0.011112805714372,0.0189824577269187,0.013188749187333,0,0,0.00569005583159948,0,0.00277596184681181,0,0,0,0,0,0,0,0,0.00932353021324955,0,0,0,0.00100653511334747,0.00139242206492362,0,0,0,0,0.0309625639917183,0,0,0,0.0156243257653094,0.0150075798830415,0,0,0,0,0,0,0,0,0,0,0,0,0,0.0352277090839197,0,0.177811957876194,0.00123333982498404,0,0,0,0,0,0,0
850,Schizophrenia,0,0,0,0,0.000416940209353932,0.0375815948534511,0.00213732424065698,0.0734821128570459,0.0118348780018514,0,0,0,0,0,0,0.0377437415494489,0,0,0,0,0,0,1.13182534724795,0.00123285164220486,0.0171351979907755,0,0,0,0,0,0.116072627038853,0,0,0.0503228218844826,0,0.0264616824756685,0,0,0.0176368278508093,0,0.0674991967396628,0.0832215288511474,0.00498070845630341,0.00413951961054175,0,0,0.0392262712772127,0,0,0.019916006616858,0,0,0,0,0.00927433436176755,0,0,0,0.13696998261344,0.632373645498258,0,0,0.00248705449913802,0.588599998075141,0,0.071357200233215,0,0,0,0,0,0,0,0.111990400924696,0.000518542070506504,0,0,0,0,0.0116232802468608,0.0494886032883979,0.470556213849182,0,1.19795866610267,0,0,0,0,0,0,0,0.0162669050179908,0,0,0,0,0.012920348135399,0.00272454644832157,0,0,0,0,0,0,0,0.00293842058908892,0.130688085120407,0,0,0,0,0,0,0,0,0.0873350350368751,0.00887106254093136,0.000263749215261362,0,0,0,0.0303225232176874,0,0,0,0.0052099001717184,0,0.00769035690677915,0.0304349881974442,0.274455782180361,0.247741277253425,0.0649009402508282,0.0258864602449568,0,0.0838525454936653,0,0.105883298400865,0,0,0,0,0,0,0,0,0.143424418471268,0,0,0,0.0111740718262171,0.00795831702484961,0,0,0,0,0.215570742929982,0,0,0,0.0427128519326729,0.0745861600696323,0,0,0,0,0,0,0,0,0,0,0,0,0,0.100295721463839,0,0.70440561302485,0.0265422658590538,0,0,0,0,0,0,0
860,Alcohol use disorders,0.0666269263312881,0.00792324189639348,0.0409542327885765,0.380734414903566,0.00108812597707265,0.296384891638865,0.000865209546352178,0.485841035252134,0.69585749264903,0.128396939741813,0.0228561166793977,0.00174823708306632,0.020869015205514,0.0044489294799463,2.10732542282044,0.492400669203952,0.00844242966000554,0.141123042409686,0.00306341366208184,0.32156440170515,0.115072852147284,0.0166342579664037,9.12583971619571,0.000800880289004174,0.0713699424806021,0.295550932265195,0.148367855638449,0.00566033548004098,0.134834077361705,0.294651478879499,1.51468324651577,0.0456249521328166,0.134223767084808,0.355040342613035,18.4566174858633,0.09824092840519,0.0108691347988857,0.0555972108583843,0.137604363237615,0.340983075517334,0.34309210452236,0.562085384525464,0.00924071969693075,0.543047529916502,0.267714515247252,1.00179370789861,0.579823197882232,0.0215685848568058,0.10033135716871,0.140630689238755,0.00608704667301041,0.824183846031388,0.0160439415300287,0.0723564594255607,0.235966251928827,0.0174036103701375,1.02740271294236,0.000808639098377993,0.474284258691955,3.55696668804909,0.0238250761733901,0.021339270161051,0.0365746995774429,5.82215952174599,0.330298695663232,0.0801879541610806,0.00299359810813219,1.21293056069819,0.0988356312024759,0.0220291642279759,0.00487513538609381,0.374434814218312,0.286410465731038,0.617182166330179,0.0129380516020595,20.5923963746571,0.178095463055045,0.125935048307474,0.000794010010973805,0.0849666735801694,0.0432817858123694,0.355260329330528,0.0118871402837421,0.647934938490123,0.00226400874446536,0.758170618880743,0.385533880337003,0.000582679525172107,0.00308336492253452,0.242524896557165,0.0417545644294862,0.340773665961285,0.00323005260324142,0.0393570959838212,0.0414700773187466,0.0127162083826018,0.191144479379261,0.0270438852492398,0.277961519327431,0.231317631482584,0.186063500254664,0.000317866590979813,0.154621053268669,0.00367984545495222,0.0205076524739712,0.0790783057428639,2.42036772268588,0.0011538218730167,0.707305143277921,0.00675060837862431,0.0370839586680133,0.502205896205724,4.63092709580739,0.0233586948068491,0.101114140997195,0.604493488654953,0.0572144179161012,0.0980699241395487,0.185712523068067,1.77870676983414,0,0.181367376364555,0.000189689048209171,0.00581938720642916,0.900021349738033,0.0128971561152506,0.0569957645138576,0.261277221119172,0.172487372680068,1.08567919486918,5.44150395759576,0.127182509344075,0.147183632372943,0.00240880812614606,1.18389281826715,0.208263596801193,0.423262452355899,20.2890639535549,0.245953562678547,0.00727085899599874,0.000870391936439779,0.0016780348493284,0.00136718631054217,0.00155076871868892,0.128997837710687,0.288902638754215,0.000485049258698772,0.0816759853621016,0.00286718103954089,0.26501765466324,0.451887034584489,0.00870821964865974,0.218133260023325,0.866050215913406,0.136390870885365,0.328790418165327,0.201852227134163,0.0389989611933102,0.0104134156408018,0.409638377348973,0.240774838059449,0.0267799650579392,0.152269614646329,2.11627983864137,0.00495133735707523,0.111647933658838,0.000756021095633735,0.0312895239246459,0.00882755865715111,0.166869859395747,0.140018194974691,0.455380763018486,4.98272307688776,0.0120814537643056,1.78480030091694,0.593305905055692,20.5464116382749,0.123812480626775,0.200381563689347,0.00242788896284273,0.147913293789405,0.918046480092018,0.0397349824953514,0.193841913149467,0.0454551324086918
870,Drug use disorders,0.544766610981153,0.0164353609731974,0.58293738004213,0.101880694002796,0,0.0320283889918363,0.010462731983424,1.27758468535501,0.189822344249166,0.021217711989622,0.00126888176346628,0.004810780386457,0.585602141890662,0.000368812334090613,0.197262090413964,0.167166831520656,0.00041349717986182,0.00403895002529169,0.003134121662004,0.0461978930676132,0.00475627739102015,0.00913334136608932,1.32698529212157,0.000848184649776039,0.021335729518806,0.00564841134005576,0.0817146808361176,0.000359358507805453,0.023712459063674,0.00911924135072459,7.38956151040454,0.00894604560652068,0.00309064015013496,0.114876959143711,11.2551662150636,0.166576937080314,0.00737377734281197,0.0169667172450667,0.0330575839198048,0.00859280407828787,0.0664292749298804,0.00768092800200574,0.0220528602168743,0.0937471852563868,0.145284815462424,0.272257179449663,0.23882112132388,0.0126289188771296,0.00662172538872334,0.0655106858584614,0.0763583857379515,0.026936728329175,0.00581155649475987,0.0293977613266704,0.0604237522800462,0.00863929511617847,0.215866807081055,0.000649642908331888,0.312626038170175,1.59650555668258,0.00805575847191142,0.000723521624919164,0.0271251759753884,1.55359154384564,0.00573762434919255,0.308217418571856,0.000621073680383439,0.208407873714071,0.00331086516163316,0.000534917209620837,0,0.0420509278215184,0.0701245153372501,0.032985452943739,0.0308985738437949,8.37517276726808,0.371962251381584,2.72685400343398,0.411155430513582,0.24496843546871,0.0992452710309965,0.545873283192047,0.00437468193257881,0.273120389139824,0.00698990209559146,0.371334335840963,0.0898272326228725,0.00617308311184196,0.0543142868246258,0.0552207384466269,0.0081850920885813,0.0373598761561405,0.0183442793892115,0.0167492130770825,0.00119366659434499,0.208723706241289,0.094693538017593,0.0164264339174912,0.139934782430571,0.129098260008744,0.0643269173824503,0.00120308315577239,0.00482585678582518,0.00730407207513299,0.00117430781607455,0.0330122510526111,0.610459335289298,0.000160255043552101,0.0245252449806597,0.000992090768858415,0.467980426868273,0.120144743798957,0.0588532787368704,0.00970937564630439,0.0970059223088845,0.346129024095913,0.0797281716880633,0.00271431419206636,0.00479554214069265,0.0627580730473207,0.0186540412007405,0.303618279163948,0.000897382257082237,0.0119994713211498,1.13820656552036,0.00703063383055101,0.0071204400617613,0.012630724314262,0.016311341524427,0.178489542569908,0.247794289029533,0.0668372095869089,0.512254733632042,0.0071897830447377,0.0668565924410936,0.0175589852229316,0.0398710221247939,5.48369576838013,0.116660296449142,0.000307886946187346,0,0.000250163046814582,0.000296944301481073,0.0262420738957701,0.00558746709188377,0.0807965910474146,0.000739613960321285,0.00220138541354491,0.0340056667240933,0.0171485183822141,0.0592988101491336,0.00089840341749953,0.0926236117054915,1.25816557281262,0.0468169133793707,1.00041424105698,0.131356141412661,0.474748406875838,0.00298742941779433,0.397445215449436,0.247982198382312,0.15258289377849,0.018346865671656,0.207661383759378,0.00118882686782005,0.00300295337613645,0.000121967146648949,0.00722268225495061,0.116219040047398,0.299966704425189,0.0969751527482566,0.214526010616662,0.769660345728115,0.0495017055213785,5.69122020192203,0.456914897176912,109.504368349767,0.0208989420434492,0.120498866569326,0.000323260239147946,0.0323647984795563,1.14625744522996,0.40633670800171,0.150135398945848,0.0853840655653165
871,Opioid use disorders,0.376375672539452,0.0124349800491763,0.396529190452769,0.0932595319812629,0,0.0201044433864429,0.00558236768202063,0.484900293909408,0.159337215157675,0.0187344742388726,0.000329231150344805,0.00336739709545308,0.472240327789007,8.95765258123872e-05,0.169196591996731,0.122320082320004,6.62234446385874e-05,0.00381601417595389,0.00257347924446753,0.0125157569148095,0.00412427934343061,0.00753347841526693,0.0866044452497001,0.000620036870515102,0.0163395298375885,0.00542753384568746,0.0783445283073172,0.000347204796556371,0.0192115811198437,0.008299018320772,5.64517174185174,0.00832290808336361,0.00298360312189246,0.082026252269286,5.57242211676264,0.0330487631251678,0.0069123799613986,0.0150524158900574,0.00670576145592008,0.00802438400963896,0.0590417391837848,0.00134027463106738,0.0163763005989788,0.078609497509954,0.0947911063601088,0.254584628639808,0.165211458922621,0.0117318364882439,0.000828403692006583,0.0130018406452838,0.0565180762990008,0.00566424910248855,0.00494024477164254,0.0272694380707599,0.0468698469418985,0.00703448648826913,0.195998489731025,0.000428333033457089,0.221898241532705,1.35113636506024,0.00699535846167024,0.000674454636972531,0.0195657036022246,1.16887590248692,0.00453064240352867,0.270695185288424,8.29328859067562e-05,0.0423577093567202,0.00315270242228604,0.000503647678468087,0,0.0106305450172184,0.0188291700623355,0.0257877596449175,0.0210865708992861,6.13764362345112,0.263701111538274,1.66358626249947,0.190840471940604,0.16689302392616,0.0522486237888114,0.421548936213501,0.000863216241929456,0.19582210041934,0.00456476548325226,0.257118164758874,0.0814129840802929,0.00398975379333292,0.0325798920771111,0.0355134522456967,0.00649997484285365,0.0296556464021885,0.0132371960449788,0.0135538192053802,0.00113647628597204,0.135540492668848,0.0739593399769892,0.0113554282657163,0.130991269234597,0.121671557852381,0.0456500319677616,0.000831420778239444,0.0046915523711685,0.00437087532421461,0.00109824621129105,0.024066181130611,0.141994534287498,0.000116356488837302,0.0193223417570956,0.00063634831619451,0.324524080212151,0.103840210694018,0.0452171155166886,0.00812655915010006,0.076672557558487,0.260861622510307,0.0303676932329896,0.000566276714702945,0.00469815565036135,0.0583313332348698,0.0142045847826709,0.235147922976941,0.000596478804866603,0.00869245755761704,0.851049193373346,0.00181994128139701,0.00619290520810591,0.00146777834396883,0.00372583425418704,0.118136971766844,0.18704650577412,0.046207842484783,0.126504396734083,0.00487442499802958,0.0444478462349114,0.0131408978933489,0.0334162984142885,4.09252000305533,0.110500291881173,3.55953732815621e-05,0,0.000183574618393706,0.000261754991883321,0.0228657757470595,0.00530927453806805,0.0613618319879537,0.000466963090457363,0.00208788611776052,0.0260181565511708,0.0130627248400041,0.0477452314560159,0.000745120804450049,0.0876899361344861,0.821767780144888,0.0443695041178972,0.73298069632663,0.0955355436049078,0.32390333875739,0.00038742881725802,0.283106559645799,0.18475605983609,0.125168541696656,0.0110900124336416,0.138712205065833,0.000975761982079141,0.00283336455744185,8.74613549715651e-05,0.00132833575784517,0.0760984916812368,0.226779214935644,0.0536212302989589,0.200528224257822,0.644263933291834,0.0349288280599975,4.16601413869977,0.423489077823857,85.3007780662581,0.014454390649658,0.0883952500285249,0.000261437533975784,0.00808921110889207,0.833645743835181,0.292462411392599,0.137512490394649,0.063766793528614
872,Cocaine use disorders,0.0455520100005031,0.000981493388248848,0.0456268172250252,0.0054351122684068,0,0.00473249519179719,0.000761282385513176,0.00963396107971854,0.00465643759987316,0.000775138794550596,0.000435155656402556,0.000493421921680815,0.0419541706403256,0.000125195765632865,0.00628121574998979,0.00918244520929367,0.000211006615631135,0.000146150563536922,0.00022398602616516,0.0211018642312486,0.000357365605697946,0.000617871320460567,0.980125252779156,9.45877172930599e-05,0.000719128621913622,0.000159695203150911,0.00229074293506512,5.13432015830627e-06,0.00132386810015094,0.000451036906048956,0.855729584617961,0.000419926834391649,8.5374370587164e-05,0.0162706533548482,0.195256953630758,0.084859992242618,0.000278698901933544,0.000989890848679391,0.018138758710817,0.000325203785630896,0.00117097881647865,0.00284982499748551,0.00127100793247805,0.00198319474685331,0.0020799810002178,0.0123273166050608,0.014557972020594,0.000550151306480652,0.00208542505669673,0.0351243383921251,0.00173140035985222,0.0143189058964394,0.000363126413201092,0.00136514767887285,0.00122603109064377,0.00055847244675504,0.0134634284264133,8.55051230179306e-05,0.0169740467030586,0.035446657190176,0.000430840846521212,2.8537068960141e-05,0.00249391767375892,0.0746642606922918,0.000889230242225803,0.0061629250146493,0.000439877995755071,0.113229931375821,0.000109059145869158,2.05114882773602e-05,0,0.0232857033625585,0.0370850639468091,0.000783189015498674,0.0020546571937225,0.861773023322414,0.0225299471313845,0.251219075689952,0.0352074521556346,0.0104757772332528,0.00811094191176917,0.0231087968653659,0.00157773535563907,0.0255907702142452,0.000704329019183798,0.038384929369969,0.00463697537110162,0.000701524396325503,0.00371765873355634,0.0063523754648241,0.000493337287912153,0.00106149035659145,0.00164003032641526,0.00133808562420316,4.11240785403404e-05,0.0197935097977284,0.0023614812105228,0.00108130105336353,0.00580976974778533,0.00493720302642909,0.00819768022777395,0.000167686853034017,0.000102661207278061,0.000554423449293504,3.78623185449379e-05,0.00342141742471896,0.287918084616622,1.51699294708367e-05,0.00215982058943981,4.39295204487326e-05,0.0421390518696229,0.0119386015008756,0.00359487733962303,0.000599727932745991,0.00812130530917224,0.0231030245665461,0.0007973958881267,0.0012359876280781,8.0316301308474e-05,0.00214346245703254,0.000506950206102489,0.0116102037634422,2.15730547862406e-05,0.00120208994184605,0.113727181516887,0.00346538538317426,0.000383047093657871,0.00750929409791719,0.00727205815563403,0.0188074401092086,0.00904491269019971,0.00547900189304167,0.255240249241653,0.000826327538387164,0.00683753207629072,0.000953870196287191,0.00139351800426506,0.201975832513426,0.0037688714657854,0.000182573850237984,0,2.26076834555645e-05,1.8331088283866e-05,0.00095057751371184,0.000164621124834601,0.00227185294130629,4.16306123032233e-05,7.75561969040865e-05,0.00309420665061905,0.000806551848051514,0.00159942057784861,6.14074807738861e-05,0.00379725928538331,0.114075635400462,0.00182472916850821,0.0560741299908069,0.0167077486616457,0.0362209643904005,0.00148748511316282,0.01850775508948,0.0141389274270661,0.010467533758749,0.00138054624755637,0.0156678351892187,6.33317080266356e-05,0.000111875245014755,1.09204599432679e-05,0.00423747027038212,0.011321259986394,0.0285288950876012,0.0204643578931612,0.00892390379153021,0.0198893209162726,0.00469801966831593,0.286496226543822,0.0211863017776123,11.0831442559895,0.00315091394438272,0.0132803813792472,2.32198648988948e-05,0.00967297754225516,0.0547679438271871,0.0310386941524988,0.00743649536730364,0.0118597966356926
873,Amphetamine use disorders,0.0117489515241872,0.000627194221744305,0.0172913757603311,0.00183362629768054,0,0.00145765246352778,0.000489963389423938,0.0682210768560528,0.00593055211182423,0.000706075900829205,0.000130317886605766,0.000287007504771663,0.010449508637014,3.44258089429656e-05,0.00532070666186643,0.00890891203165229,4.12182306862266e-05,7.42642888261263e-05,3.50290003730068e-05,0.00206794312610659,8.95602879868998e-05,0.000285997061249116,0.0217022344555562,5.55890777004331e-05,0.00173741143677981,5.82208285747899e-05,0.000523221476784264,6.12911174753977e-06,0.00101246092253213,0.000361587531009324,0.490792085739274,9.73201265910514e-05,2.03445153028869e-05,0.00886627807390315,2.63401529671245,0.01693979615276,9.79104134580591e-05,0.000631717844422728,0.00394450127310753,0.00023672837909503,0.00246090712265317,0.000659304904916746,0.00128072729890249,0.00492745267702622,0.0116357727387874,0.00285835366042877,0.0163627866134192,0.000188060098745549,0.000740880357348651,0.00503450519146984,0.00160524067896889,0.00222659536795519,0.000388182495935672,0.000374844118142428,0.00532952315786262,0.000248613772430115,0.00366748564948854,6.36906966889782e-05,0.0231614555325274,0.0663837654204174,0.000465155179596745,1.99393199574285e-05,0.00176536365890844,0.0751404234585706,0.000317329674687269,0.0067367371634039,2.05472753231668e-05,0.0202287701676136,4.72858851365747e-05,1.03515301581849e-05,0,0.00139822677066247,0.00287759595153608,0.00216308006515681,0.00203277761590112,0.261287935672543,0.0313755476981415,0.11710653441874,0.00380614385971959,0.0175413551484953,0.00617327290575951,0.0241117026115814,0.000445154087167172,0.0166475113398899,0.000414948408377719,0.0307386647697692,0.00192491881469244,0.000448974451431321,0.00483530707938265,0.00481779247352413,0.000416008756204767,0.00153426476326902,0.00120450478219698,0.000517370162997403,1.5489076871956e-05,0.00769436349082902,0.00349490100964198,0.00110012894182776,0.00166480878547228,0.00124486681170231,0.00440477436612543,0.000113743184198664,3.00537126243222e-05,0.000641714630029679,3.74875429938863e-05,0.00240530299243862,0.0723829011685614,1.34772226550899e-05,0.00133934598873393,8.42233075756507e-05,0.0115749059694561,0.00265403888674711,0.00391397407958943,0.000254170935339839,0.00173281773857724,0.0167618639861053,0.00515492191792779,0.00023477461730076,1.58829987441945e-05,0.00224948913795876,0.00146678210808957,0.0158128849221875,1.21813804158166e-05,0.000732570866799056,0.0287301979725504,0.000943556453077158,0.000187875048267652,0.000990429446942909,0.00114115515916683,0.0270325937045084,0.0153726142658484,0.00287562912969749,0.0600309134948482,0.000521438213418497,0.00309412123063409,0.00112249664124399,0.00140406217148974,0.331234894876535,0.00125659721628896,2.28808131077781e-05,0,2.23936059836007e-05,1.65666024798516e-05,0.00026454882534275,0.000110264034249674,0.00436904778138525,0.00013319999120056,3.46839469072772e-05,0.00275362987209557,0.000936009484550377,0.003248820317337,3.3683636936804e-05,0.00075165107992286,0.0671293336144235,0.000278659607019429,0.0575425099456677,0.00987732324847198,0.00954400526975495,0.000387664710187508,0.0292035318725527,0.012841600742521,0.0055513178901196,0.000843304045462097,0.0322761928936852,4.62747220078946e-05,5.5954605675384e-05,1.22451309512729e-05,0.000719163919168947,0.00368808459546733,0.0175839896486699,0.00828301065491753,0.00272725403856736,0.0261950540647557,0.00294066682509657,0.315767507306728,0.0071614474938821,7.20507445639385,0.00122938384510845,0.00833901183729319,1.48915408121013e-05,0.00229867362546479,0.124798013523201,0.00599247610975265,0.00321382433180971,0.00250459823166079
874,Cannabis use disorders,0,0,0,0,0,0,0,0,0,0,0,0,0,0,0,0,0,0,0,0,0,0,0,0,0,0,0,0,0,0,0,0,0,0,0,0,0,0,0,0,0,0,0,0,0,0,0,0,0,0,0,0,0,0,0,0,0,0,0,0,0,0,0,0,0,0,0,0,0,0,0,0,0,0,0,0,0,0,0,0,0,0,0,0,0,0,0,0,0,0,0,0,0,0,0,0,0,0,0,0,0,0,0,0,0,0,0,0,0,0,0,0,0,0,0,0,0,0,0,0,0,0,0,0,0,0,0,0,0,0,0,0,0,0,0,0,0,0,0,0,0,0,0,0,0,0,0,0,0,0,0,0,0,0,0,0,0,0,0,0,0,0,0,0,0,0,0,0,0,0,0,0,0,0,0,0,0,0,0,0,0,0,0,0,0
875,Other drug use disorders,0.111089976917011,0.00239169331402794,0.123489996604005,0.00135242345544605,0,0.00573379795006838,0.00362911852646629,0.714829353509827,0.0198981393797936,0.00100202305536957,0.000374177070113152,0.000662953864551441,0.0609581348243154,0.000119614233702395,0.0164635760053769,0.0267553919597058,9.50488889058718e-05,2.5209969747574e-06,0.000301627390998302,0.0105123287954485,0.000185072153904704,0.000695994569112705,0.238553359637155,7.79709842674432e-05,0.00253965962252406,2.96146264259067e-06,0.000556188116950961,8.90279343236475e-07,0.00216454892114716,7.59859289431827e-06,0.397868098195568,0.000105890562174361,1.31814235245157e-06,0.00771377544567338,2.85347184795775,0.031728385559768,8.47880660217649e-05,0.000292692661907115,0.00426856247996019,6.48790392298344e-06,0.00375564980696379,0.00283152346853611,0.00312482438651497,0.00822704032255326,0.0367779553633099,0.00248688054436592,0.0426889037672463,0.000158870983659424,0.00296701628267138,0.0123500016295827,0.0165036684001295,0.00472697796229185,0.00012000281398056,0.000388331458895187,0.00699835108964138,0.000797722408724177,0.00273740327412802,7.21140551678895e-05,0.0505922944018844,0.14353876901175,0.000164403984123218,5.90599029063157e-07,0.00330019104049644,0.234910957207858,4.22028750815173e-07,0.0246225711053785,7.77155233984447e-05,0.0325914628139163,1.81770834139445e-06,4.06512717204402e-07,0,0.00673645267107903,0.0113326853765695,0.00425142421816605,0.00572456813488511,1.114468184822,0.0543556450137839,0.694942130825823,0.181301362557624,0.0500582791608014,0.0327124324246565,0.0771038475015989,0.00148857624784311,0.0350600071663493,0.00130585918477768,0.0450925769423515,0.00185235435678554,0.00103283047075222,0.0131814289345757,0.00853711826258198,0.000775771201610732,0.00510847463409149,0.00226254823562043,0.00133993808450175,5.77152960655636e-07,0.0456953402838837,0.014877815820439,0.00288957565658361,0.00146893466271634,0.00124463231823154,0.00607443082078927,9.02323403002665e-05,1.58949475429632e-06,0.0017370586715952,7.11743244674927e-07,0.00311934950484259,0.108163815216617,1.52514025888723e-05,0.00170373664539029,0.000227589624639521,0.0897423888170421,0.00171189271731604,0.00612731180096932,0.000728917628118503,0.010479241702648,0.0454025130329546,0.0434081606490192,0.000677275231984562,1.18719027863881e-06,3.37882174596407e-05,0.00247572410387753,0.0410472675013776,0.000267149017013577,0.00137235295488767,0.144699992657578,0.000801750712902583,0.00035661271172987,0.00266322242543306,0.00417229395543912,0.0145125369893474,0.0363302562993649,0.0122747360793867,0.0704791741614581,0.000967592294902453,0.0124770928992573,0.0023417204920515,0.00365714353475057,0.857965037934847,0.00113453588589453,6.68369095600222e-05,0,2.15871389817115e-05,2.91618834033953e-07,0.00216117180965607,3.30739473144776e-06,0.0127938583367694,9.78202663601384e-05,1.25915197302839e-06,0.00213967365020792,0.00234323220960805,0.00670533779793203,5.81914953387909e-05,0.000384765205699249,0.255192823652845,0.000344020485945937,0.153816904793876,0.00923552589763553,0.105080098458293,0.000724850777185983,0.0666273688416045,0.0362456103766352,0.0113955004329649,0.00503300294499601,0.0210051506106407,0.000103458455706383,1.7589680044576e-06,1.13402007828431e-05,0.000937712307554375,0.0251112037843,0.0270746047532741,0.0146065539012189,0.00234662852874227,0.0793120374552527,0.00693419096796842,0.922942329371707,0.00507807008155988,5.91537157112567,0.00206425360430001,0.0104842233242605,2.37112994611665e-05,0.0123039362029443,0.133045744044388,0.0768431263468601,0.0019725888520854,0.00725287716934912
880,Anxiety disorders,0,0,0,0,0,0,0,0.00517338623339375,0,0,0,0,0,0,0,0.00137930733691513,0,0,0,0,0,0,0.0219855361989702,0,0,0,0,0,0,0,0,0,0,0.00097453349512164,0,0,0,0,0,0,0,0,0,0,0,0,0,0,0,0,0,0,0,0,0,0,0,0,0,0.00589966505208781,0,0,0,0.015216212946158,0,0,0,0,0,0,0,0,0,0,0,0,0,0,0,0.00068810404759997,0.00277287616973357,0.00484714514118149,0,0.00317088767393943,0,0,0,0,0,0,0,0,0,0,0,0,0,0,0,0,0,0,0,0,0,0,0.0015120936213175,0,0,0,0,0,0,0,0,0.027958008193125,0.000262455268187192,0,0,0,0,0.00103152391698522,0,0,0,0,0,0,0,0.0494208085172368,0,0,0.000960900340198267,0,0.00224583354589228,0,0,0,0,0,0,0,0,0,0,0.00222292480142254,0,0,0,0,0,0,0,0,0,0.00311090355567054,0,0,0,0,0.00439944284468768,0,0,0,0,0,0,0,0,0,0,0,0,0,0.00108668713187713,0,0.0614662945704406,0,0,0,0,0,0,0,0
890,Eating disorders,3.54207048655524e-06,1.68151634436351e-07,9.53494576055132e-06,1.23306498238744e-05,0,0,0,0,0,6.90164480732147e-05,4.12988677892353e-07,5.1414227768651e-07,0.000236247227060538,8.44049257105703e-08,6.17187439125348e-05,0,1.09949339315364e-07,1.64016016682755e-06,6.18577082259797e-07,1.46594115962093e-05,8.38580215093245e-06,1.23404212844014e-06,0,0,0,1.55116838066371e-06,1.54581603873882e-06,9.10334500198231e-08,3.26109071061503e-05,9.12087173171003e-06,0,3.72834732292598e-07,6.38545101030198e-07,0,0.0257780633692589,0,2.2420374168934e-07,2.02040912220511e-06,0,5.62142446062854e-06,0,0,0,0,0.000153481054571619,1.41622903170297e-05,0,4.42096231093118e-07,5.11347013794264e-06,0,1.69583364384447e-05,3.92606927559521e-05,1.33382225208341e-06,6.968870787132e-07,0,8.72016223160562e-07,6.20520923971603e-06,5.37978065862365e-07,0,0,9.15169350202427e-07,4.09250685690773e-07,0,0,1.16803802585109e-05,0,0,0.000137448616289148,1.3904971907986e-06,2.77163311798021e-07,0,1.78977540317876e-06,5.09626487934588e-05,0,0,0.00336097422848225,0.000998556970410717,0.000117359233183028,9.00893264379788e-06,0,0,0,8.10361498963273e-07,0,1.59127770265804e-06,0.000273521654974751,1.05957636379967e-05,9.31872032073304e-08,2.80216000464231e-06,0.000121095403916923,1.03010113414016e-05,0,1.38766479868279e-06,1.26877098697633e-06,6.50817777786421e-07,4.25640493715116e-06,0,0,1.20296625814916e-06,3.59612828657909e-06,0.000177373479985278,5.12051505183533e-07,1.88462510246194e-06,0,6.35088212356267e-07,0,0,5.40346256670763e-08,4.43007117816595e-05,4.05558613462217e-06,5.97322669068569e-06,9.00850267309569e-06,0.000113131335288861,1.00027962302475e-06,2.51664006588729e-05,0,0,0,6.22199247648193e-07,4.65383278062751e-05,0,0,6.75285732688384e-07,8.5265209989108e-07,0.000468361715832313,0,3.7214459380217e-07,0,0,0,0,0,0,8.28234896235327e-07,0,0,0,0.00626768590443337,3.76915519837226e-06,2.70708765265198e-08,0,1.13088380993477e-07,5.06899994175515e-08,4.49431343465988e-05,2.2256763587105e-06,0,1.32632029773973e-06,1.16866093544703e-06,0,0,0,1.18096598198309e-07,6.69570892226324e-07,6.19089079240502e-05,3.84122496601511e-07,0,8.2437901480711e-05,4.00703048227517e-06,2.38615850732733e-07,0,0,2.80285118137944e-06,7.48746240925739e-05,0.000649949896459401,1.41425996934874e-06,1.80499532171081e-06,4.80320039935111e-08,1.05505599808438e-06,2.16453406744495e-06,0.00119027433696564,0.000109050265236017,1.08448292162583e-05,0.000460124507433214,1.36895441422802e-06,0,1.66010093916333e-05,0,0,0.000443763108147281,5.40961326931886e-08,0.000212309430807891,0.000356537921779693,3.3514690149708e-06,7.44653400490614e-06,6.3260841350742e-06
900,Austism and Asperger syndrome,0,0,0,0,0,0,0,0,0,0,0,0,0,0,0,0,0,0,0,0,0,0,0,0,0,0,0,0,0,0,0,0,0,0,0,0,0,0,0,0,0,0,0,0,0,0,0,0,0,0,0,0,0,0,0,0,0,0,0,0,0,0,0,0,0,0,0,0,0,0,0,0,0,0,0,0,0,0,0,0,0,0,0,0,0,0,0,0,0,0,0,0,0,0,0,0,0,0,0,0,0,0,0,0,0,0,0,0,0,0,0,0,0,0,0,0,0,0,0,0,0,0,0,0,0,0,0,0,0,0,0,0,0,0,0,0,0,0,0,0,0,0,0,0,0,0,0,0,0,0,0,0,0,0,0,0,0,0,0,0,0,0,0,0,0,0,0,0,0,0,0,0,0,0,0,0,0,0,0,0,0,0,0,0,0
910,Childhood behavioural disorders,0,0,0,0,0,0,0,0,0,0,0,0,0,0,0,0,0,0,0,0,0,0,0,0,0,0,0,0,0,0,0,0,0,0,0,0,0,0,0,0,0,0,0,0,0,0,0,0,0,0,0,0,0,0,0,0,0,0,0,0,0,0,0,0,0,0,0,0,0,0,0,0,0,0,0,0,0,0,0,0,0,0,0,0,0,0,0,0,0,0,0,0,0,0,0,0,0,0,0,0,0,0,0,0,0,0,0,0,0,0,0,0,0,0,0,0,0,0,0,0,0,0,0,0,0,0,0,0,0,0,0,0,0,0,0,0,0,0,0,0,0,0,0,0,0,0,0,0,0,0,0,0,0,0,0,0,0,0,0,0,0,0,0,0,0,0,0,0,0,0,0,0,0,0,0,0,0,0,0,0,0,0,0,0,0
911,Attention deficit/hyperactivity syndrome,0,0,0,0,0,0,0,0,0,0,0,0,0,0,0,0,0,0,0,0,0,0,0,0,0,0,0,0,0,0,0,0,0,0,0,0,0,0,0,0,0,0,0,0,0,0,0,0,0,0,0,0,0,0,0,0,0,0,0,0,0,0,0,0,0,0,0,0,0,0,0,0,0,0,0,0,0,0,0,0,0,0,0,0,0,0,0,0,0,0,0,0,0,0,0,0,0,0,0,0,0,0,0,0,0,0,0,0,0,0,0,0,0,0,0,0,0,0,0,0,0,0,0,0,0,0,0,0,0,0,0,0,0,0,0,0,0,0,0,0,0,0,0,0,0,0,0,0,0,0,0,0,0,0,0,0,0,0,0,0,0,0,0,0,0,0,0,0,0,0,0,0,0,0,0,0,0,0,0,0,0,0,0,0,0
912,Conduct disorder,0,0,0,0,0,0,0,0,0,0,0,0,0,0,0,0,0,0,0,0,0,0,0,0,0,0,0,0,0,0,0,0,0,0,0,0,0,0,0,0,0,0,0,0,0,0,0,0,0,0,0,0,0,0,0,0,0,0,0,0,0,0,0,0,0,0,0,0,0,0,0,0,0,0,0,0,0,0,0,0,0,0,0,0,0,0,0,0,0,0,0,0,0,0,0,0,0,0,0,0,0,0,0,0,0,0,0,0,0,0,0,0,0,0,0,0,0,0,0,0,0,0,0,0,0,0,0,0,0,0,0,0,0,0,0,0,0,0,0,0,0,0,0,0,0,0,0,0,0,0,0,0,0,0,0,0,0,0,0,0,0,0,0,0,0,0,0,0,0,0,0,0,0,0,0,0,0,0,0,0,0,0,0,0,0
920,Idiopathic intellectual disability,0,0,0,0,0,0.0169185778326728,0,0.0123833274397923,0.000890216395413851,0,0,0,0,0,0,0.0250763430084763,0,0,0,0,0,0,0.105751228035994,0.00034302381327584,0,0,0,0,0,0,0.061346827225196,0,0,0.0139942026578851,0,0.017061372267656,0,0,0.000862236371283597,0,0,0.0296356410735974,0.0045714931650114,0.0145014641413832,0,0,0.0271988927091757,0,0,0.00609505869461929,0,0,0,0,0,0,0,0,0.0774154045000577,0.157690345364803,0,0,0,0.107489279312379,0,0.0362973266016575,0,0,0,0,0.000407867898699562,0,0,0.127014809491467,0.00132417005101387,0,0,0,0,0,0.0175070398555303,0.207787532272749,0,0.203331119899533,0,0,0,0,0,0,0,0.00899634568786366,0,0,0,0,0.00199257725371034,0,0,0,0,0,0,0,0,0,0.0218390951139396,0,0,0,0,0,0,0,0,0.0948954975716403,0.00549158210957121,0,0,0,0,0.0136287966123095,0,0,0,0,0,0,0.0079022818091324,0.0512408267117342,0.0576758175131955,0.024479557184407,0.00530664470085923,0,0.022893690665727,0,0,0,0,0,0,0,0,0,0,0.018962256477237,0,0,0,0,0.000285718263064467,0,0,0,0,0.0705612920392048,0,0,0,0.0260904425562682,0.0161806835381509,0,0,0,0,0,0,0,0,0,0,0,0,0,0.00037477255359913,0,0.232508873139133,0.00842446143694356,0,0,0,0,0,0,0
930,Other mental and behavioural disorders,0,0,0,0,0,0,0,0,0,0,0,0,0,0,0,0,0,0,0,0,0,0,0.00228980943419382,0,0,0,0,0,0,0,0,0,0,0,0,0,0,0,0,0,0,0,0,0,0,0,0,0,0,0,0,0,0,0,0,0,0,0,0,0.00119128015878528,0,0,0,0,0,0,0,0,0,0,0,0,0,0,0,0,0,0,0,0,0,0,0,0,0,0,0,0,0,0,0,0,0,0,0,0,0,0,0,0,0,0,0,0,0,0,0,0,0,0,0,0,0,0,0,0,0,0,0,0,0,0,0,0,0,0,0,0,0.000537128877855448,0,0,0,0,0,0,0,0,0,0,0,0,0,0,0,0,0,0,0,0,0,0,0,0,0,0,0,0,0,0,0,0,0,0,0,0,0,0,0,0,0,0,0,0,0,0,0,0.000994148391897029,0,0,0,0,0,0,0,0
940,Neurological conditions,3.47716168000568,1.31289919281124,6.74111975116935,3.75705100223387,0.0138160452364234,7.71921520074714,0.268949953735516,22.7595355992951,6.60966591383718,1.24603554800912,0.114240851246444,0.184606667060791,18.305797118135,0.0988560215216436,4.00774511176225,10.8041516386102,0.0444433271516029,1.34376543897904,0.119692052904741,1.44197732862791,2.24436768584118,0.239976048505548,63.0311628637592,0.101033181578753,1.02103718543261,1.93946233956006,1.39944056900802,0.0945522151249734,2.27990435915131,2.92083947205171,39.6523750628416,0.408442499497627,1.15561276442763,9.14563167146414,621.432210550038,7.36984563906175,0.138878455160673,0.534295819581971,1.4254749888093,2.75587128189645,2.54797451525023,7.26353998867455,0.701170730004644,5.81368083402815,7.49136996507815,11.8397285324751,6.84397061547573,0.206120400330219,1.66090088616034,2.29203300014391,8.36037742252605,1.39597188139419,0.202036776060785,0.655005290465164,0.562529747315543,0.152754630644902,14.8924059709621,0.117620920907705,8.79911511967544,63.0571245710307,0.316032810946965,0.216531451625333,0.99346138349058,93.0159739734997,3.144540649372,8.76724293447201,0.0188509713890415,1.80640988376578,1.35584667972696,0.177916156944994,0.0588227262420237,1.29539682734216,1.15374847311128,5.39721358129479,0.376069065506783,196.562324367983,38.4252467659869,13.64718333066,3.56807700793149,3.57233357206316,4.96436093027459,60.2669193294363,1.00004625591712,92.4330774516762,0.92597416995649,3.33931068705927,5.58367285331105,0.0176769466266943,0.320358048245381,0.764295128484861,0.679084172126156,1.02982606686789,1.47578294812737,0.320272838702595,0.401342727275982,1.06602397084189,1.2746042314161,0.48741558873883,2.59339537306835,2.56651833525006,6.87492147070546,0.163479958558002,1.89327753569084,0.457252989887263,0.428870832980631,0.177338666717879,11.195663495739,0.0135840998347711,0.457576401069088,0.182575053828081,6.3800786661556,3.71666406692968,6.24578229764612,0.243996420573026,3.60492286400557,20.4200126458092,4.34074851931242,0.197676641225194,1.95369984679055,18.3811278975748,1.13175511903317,5.95991302192069,0.499585896123952,0.385096566098843,28.3463194877968,0.696622757062335,0.56772307595514,0.545012474826114,3.94034672698319,11.2963328802742,10.4405029945676,11.4358723143275,3.88621376283165,0.121604241064854,20.6128576247471,0.174071436075813,4.61332330462821,70.2267674649206,2.03582693340012,0.0426875773402179,0.00922760438499605,0.0337500525048005,0.0236150895741161,2.29942808112568,1.75572234593061,4.50121063297265,0.0306395495350835,0.792806770375674,0.203046974596955,1.43477207808265,0.767570802182579,0.0905454207663012,2.40283255974165,10.9355381134832,1.13804308889775,46.4185294897733,5.14979478470078,3.39104291386239,0.0972124020930568,11.4760297118064,8.49544866085292,2.33690866733821,1.05450164730014,27.9531592960284,0.134658614606585,0.80288106134288,0.0219329399355763,0.298890497700393,2.66246634394733,26.698427352256,0.665558343945117,4.48016443257046,19.7153126750567,0.310820954992219,103.9977603907,7.19588826881781,365.709981691911,3.03351274407483,5.95792206207498,0.0369161621456833,8.34810253864171,26.5955934496138,2.64211295127715,2.15344919422534,1.81375612011317
950,Alzheimer disease and other dementias,2.01518884832749,0.95247796052198,5.20895594988872,2.04584448785787,0.00500129493434631,4.05808845239227,0.0596282851075803,17.4757273523185,4.35382594488775,0.868050834645406,0.0678410353738238,0.114107848889723,13.0471355155623,0.0613620504719072,2.84288906574124,7.53396731251316,0.0265407537975607,0.529649526732387,0.0755815546116397,0.742410046639954,1.68363006740632,0.142675458586089,39.4199000058519,0.054839983035049,0.120137401972901,0.705815917542628,0.538277956757419,0.057210301786626,1.71556339774061,0.957224211454919,31.2047584729137,0.156631372432892,0.401502895181786,6.60956234123992,509.194870216677,3.7564476996647,0.0768823830343021,0.334230997944883,0.876359782160631,0.983116356628213,1.39946884970533,5.828759443987,0.503922051772444,4.11748968962092,5.71803494106899,6.87312710299516,5.29854959799145,0.106338291949419,1.17217223734679,0.852923620609029,5.72926300198957,1.06025367842772,0.126806384918196,0.315744429314482,0.247510151177807,0.0689997939226156,8.14417312559026,0.0718702838858883,6.86590754893523,42.5911812249997,0.213417234158037,0.0923102478466908,0.275722719305427,65.0674357742203,1.46412917805391,5.43885047320553,0.0103076845336624,1.05263198967826,0.624445991222825,0.061430184329144,0.00555741025433111,0.507130145143168,0.605290658040267,4.15578533411386,0.291896648159136,124.056251708043,28.5032311045807,10.6759544326075,2.34361391981699,2.55325700749922,3.76077074883105,41.4602824003542,0.678004644460554,61.7509505568415,0.710399708079955,2.21130567892119,3.40614375145839,0.0100370192059082,0.235459602398597,0.488373094419223,0.492061323400611,0.615828403149486,1.14291870793845,0.173778567800306,0.163908788075604,0.762492163221469,0.720669365487507,0.361237299796533,1.17838744865508,1.32177061469052,5.22150189560635,0.12711741445569,0.717103528333252,0.356942365115889,0.226817745950834,0.027971304372982,2.86359926133141,0.00876807658685467,0.290078672810664,0.126769500530626,4.58596533630565,1.47623263732046,4.4845802924469,0.139975901821516,1.89416964992873,15.6896185402617,3.41351540220482,0.0214253629775157,0.711161154993058,6.87393040253287,0.655223112856875,4.65704658915306,0.314694702696662,0.287301215510143,13.5777064483075,0.265680778645622,0.326646841943338,0.17555098983716,0.899725721946105,2.09805351179687,5.31987800661845,8.75497832151651,3.31238284571963,0.0731296740785472,12.9611816885204,0.00613244644213555,2.95863445666593,50.5008584035222,1.01613266909742,0.0243154440074324,0.00435062105710187,0.0252354646751805,0.0124260759155763,1.43172642942191,0.790854653961253,2.44121215107856,0.0223467289505446,0.291965482182317,0.00937629309292355,0.807829737021034,0.351200057028251,0.0597099886859022,0.698705727488388,6.91961837224692,0.441654739974389,35.3857110308173,3.74376509887832,2.19917049567335,0.0567814696488104,9.36970271184732,6.42953023014793,1.66422954684625,0.557941403364699,21.2574417275937,0.10010993480018,0.286778889486472,0.0172695437601239,0.166019145657949,2.18672320123652,19.9056570834912,0.395266082572402,2.39489957176289,15.4161426400549,0.207835854159961,86.6645124260901,3.69016795041524,279.879430343168,2.17199605284456,4.27202283775102,0.0247490722490474,6.01050290395283,22.0213599717276,1.65755969542667,0.509808705904683,0.960559767885895
960,Parkinson disease,0.595415151354007,0.242684057377455,1.0139575405011,0.386633990132732,0,1.11639407245587,0.00393970991439139,2.37327576471057,1.22104280246344,0.175669661037367,0.0257743700345909,0.0347325531835737,3.65889895814626,0.021555961895375,0.697150721536271,1.36754121939687,0.0085327598585042,0.184281706413771,0.0234114659853704,0.433229267725863,0.421868305183837,0.0296795452540422,5.93654406269411,0.0157098847792786,0.252597865658677,0.243357370678316,0.127418452431145,0.018808699055588,0.442202917575089,0.390605523238226,3.61892141889024,0.0375504258211355,0.140078907096976,0.963815743046536,89.6441778628316,0.591625021512813,0.016426536932065,0.0610829530909655,0.121538052782853,0.366162132680986,0.44142284547266,0.755268041179558,0.0592151153717235,0.646988036494,1.47302772752394,1.18967476606446,0.778932536627836,0.0201396301355302,0.313262682509962,0.298664453876167,1.84124879407737,0.237369308316002,0.0243727623891497,0.0785404211944476,0.0959609917732303,0.0224049621130347,1.25034272954036,0.0243180826925267,1.04288867545422,7.81778859790852,0.0418613977239009,0.0313409668228974,0.0720081935277446,12.7386987085442,0.460852345393516,1.51551541327433,0.00176980892797065,0.250272919946196,0.236441536253487,0.0275459379843945,0.00491803625187661,0.266140233284753,0.299318042635426,0.503184269112497,0.0385543706086985,38.2351782856769,8.59035169807282,1.84189808381137,0.642264340108361,0.478035330644974,0.450463494767933,9.38625827148462,0.193033815889994,14.2695073473702,0.128340263209697,0.683679376347768,0.583852727393571,0.00300251814174359,0.0409539242531405,0.0910963124672067,0.141107433004627,0.120134732297423,0.205312878821586,0.0438514685153315,0.0606116535633793,0.202639910731629,0.233801942757451,0.0661511121541984,0.253002810507081,0.236534772717663,1.09694151883792,0.0290369812801318,0.263892499485922,0.0582818611332456,0.0646132000426743,0.0189051976283834,1.18678747151413,0.00286492197754818,0.0515518857403187,0.0448398868833382,1.23000263351172,0.347294121449026,1.29128311803479,0.0326094545614939,0.666337132598465,1.99124458814143,0.40533571266349,0.0155037282350645,0.242098130253612,2.72774505000141,0.304836877930483,0.632880465536143,0.0792347967635595,0.067958583675444,5.36389300030938,0.102671159915936,0.102268849475897,0.105565043802975,0.364654304672015,0.928995328332747,1.81495237762522,1.38278784819304,0.22764787756779,0.0231031369939304,4.64113993394698,0.0100781737450577,0.78577909670577,10.2097945105747,0.20953991035536,0.00922800957123193,0.000675942910493202,0.00550163879187862,0.00468231089709095,0.497587876489843,0.299612134163371,0.765902500467107,0.0067238721435648,0.107292691060426,0.0904027109755981,0.183083722946033,0.200302086236994,0.0165156211082406,0.156214008686929,1.19678468884329,0.113466573540126,5.03412816301263,0.898302046375436,0.488175278002141,0.0142929579207161,0.891444860617578,0.748875776387868,0.426919649318439,0.185755829419871,4.78217341946224,0.026443151382613,0.109402529730251,0.00329393982278278,0.0491113116005306,0.363715923698398,4.04749608244334,0.0804601529124396,0.434381668479994,3.17004252712215,0.0454244320859892,8.10738833382109,0.642280985718372,38.7686102954308,0.306628836509948,0.668540151171548,0.00714984531073069,1.25158944370479,4.2822017218533,0.384703463007218,0.10617143558576,0.267085783363612
970,Epilepsy,0.817138526212237,0.0445594509012435,0.417342362131148,1.24432798858518,0.00266080444634707,0.369069193899809,0.00436744997406108,0.301523232612969,0.199967985867803,0.167115925053806,0.00809738276103862,0.0217558809987984,1.38010309791221,0.00464240652572761,0.0757819915405462,0.339959683865765,0.00608835138461932,0.467345045729734,0.0191141459090969,0.173031696140834,0.0664685564261235,0.0590591489996255,4.24490066725446,0.00323888138541498,0.108952484785421,0.813301832444026,0.718113702407276,0.0158298800442483,0.101055723740802,0.907753236789377,0.288816907050702,0.206082856318735,0.514106798823985,0.369763119526675,11.7374530524919,0.875833383092163,0.04374871072055,0.126508541337626,0.120916661559399,0.94131929128949,0.158357825697557,0.108088778043966,0.0250218466816847,0.238610309282961,0.222121248354491,3.61469338662793,0.108391025561251,0.0769033170376382,0.122856686609539,0.335777773515579,0.508739932454244,0.058526313013613,0.0427295955853201,0.256102284835796,0.0640707943740371,0.0534280885669648,5.39749630052835,0.0163131784387839,0.110110113438169,2.20701158169899,0.0516867336888932,0.0670880803162065,0.0809259177916951,3.34435530507409,0.547386564480676,0.253170478805201,0.000690857654278193,0.357015196250395,0.378735892622617,0.0694032502668785,0.0165590752292481,0.431960454896727,0.192005897275573,0.156444150166696,0.00381042971570274,31.228425510367,0.708971918855502,0.570132643602567,0.281649859894078,0.0641066024476507,0.120271607377852,1.53431012565923,0.0728701713899088,1.72497167104306,0.0417252538625015,0.321162714950368,1.51825432216015,0.00298896317723422,0.019542889689878,0.148437058497726,0.0367311413873824,0.0552856945926232,0.0891044484115115,0.0919665047210816,0.117845263471707,0.0615880479438466,0.0836378159478989,0.0143448097544314,1.12567632300439,0.97636442753028,0.252451056548505,0.00391447663259641,0.743729245286705,0.00376982217438643,0.0868403914076785,0.05108763716568,2.277050097553,0.00155911920862097,0.0744493522356405,0.00414453350450682,0.47435794305992,1.82406385195458,0.393311872664859,0.0635325385871702,1.0027381297216,0.343991328597771,0.063227298689204,0.060945121177419,0.887870699465955,5.58673776844172,0.00526779891816057,0.0964330060457197,0.0742892897478374,0.0129991309190421,8.46058618996705,0.0905121106007571,0.131019368107122,0.100397928745488,0.413285466045248,1.78417858711824,1.01584448241244,0.397507678614067,0.0649880948614192,0.0144263863809535,0.54843741346481,0.0369220806673184,0.3176840532599,0.781860594862956,0.786626104216104,0.00508690703073092,0.00132916525593107,0.00228428595632183,0.00436979021176706,0.237244408072628,0.507527605888753,0.210053012018999,0.00107809505758349,0.273311561519031,0.0255666577060073,0.133227227040041,0.054382347466875,0.0132781196063668,1.53834021751799,1.71853579562228,0.566805787036091,1.15193472699377,0.329177650595848,0.638451987167626,0.0166745045594655,0.154861810877689,0.192594053161043,0.167937221078261,0.307030754000064,1.29131276612386,0.00695209640534863,0.300278182170336,0.00096017574264729,0.0394507727711298,0.0810290001413837,1.18369571814453,0.152132608829417,1.58404315867315,0.383473161190871,0.0349029627731808,1.11841292390511,2.74505521934219,3.95105217989339,0.0939526543149521,0.804658446657094,0.00438157166906936,0.635729590070773,0.0798861449992003,0.565623273158383,1.50019621664138,0.541694678744657
980,Multiple sclerosis,0.0401280688699237,0.0308331716822201,0.0681860568121933,0.0058135528288992,0.000638628580001049,0.0828851638570305,0.00815149381091536,0.162637902542563,0.182383915954421,0.0038504275564558,0.00240766078200133,0.00140508016181054,0.018474813468576,0.00129885087432621,0.0321804453959465,0.155862839769204,0.000403941523097748,0.00840615931163264,9.1021491278167e-05,0.0146974211500328,0.0173888038573019,0.000274851370025746,0.324838449819577,0,0.0683561874590318,0.0176467940643283,0.00101114369694968,0.000218650550619799,0.00129878016606118,0.0183455863885472,0.62236574188014,0.000362212554609782,0.00591520238651007,0.0141361442124262,0.108706752308246,0.07636218319346,0.000163379127370295,0.000754045281130995,0.0158052423176937,0.0208718897647213,0.0867143281528919,0.0362430307244437,0.0210956385032699,0.141265625671059,0.00237705069120702,0.0105170229762182,0.1376326183241,0.000314385020065809,0.00625545942866706,0.0122827284622792,0.00802717615552734,0.00545844734925041,0.000308856505528385,0.000769537132269152,0.0186004320973707,0.000192610485151517,0.0127127977072689,3.77400661025238e-07,0.0861226637515749,0.874556510825889,0.000354477545863505,0.00187756080603315,0.0219973568185277,1.57874932704651,0.0230922953122019,0.189192955957523,0.000292880552038824,0.0147947248531552,0.00754525227116572,0.00134604000733679,0.000539895482243232,0.0158244824396683,0.00164521742086673,0.10234197820975,0.00318030708717923,0.251613396738393,0.0195391632617952,0.330105549665216,0.0200174574003673,0.0720372005127296,0.0358995831855853,0.692579803649544,0.00514852657253653,0.117239899692719,0.0125205340476989,0.0351828745070443,0.00518647103114551,1.14163486803315e-07,0.00182482140878483,0.00348362737724976,0.000457149160188111,0.0262847885012173,0.00595063674293254,0.000356567995140727,0.00361072779089077,0.0283120045183506,0.036963461925817,0.00634237832787605,0.00347968605865188,0.00232534199141469,0.00687609383537265,2.04600345192395e-05,0.0115844484847499,0.0026914272501663,0.00307831416073891,0.000972731743572028,0.312299093226801,5.29290653995564e-08,0.00731583990327596,0.00430095906271099,0.0667379333416768,0.00554078050898324,0.0040748940936974,0.000284216427877961,0.0030916072300949,0.280487913114523,0.046251269522088,0.00244452676729764,0.00742864004567187,0.0969130095408175,0.0271529394709822,0.0906496126566932,0.00829592115421235,0.00476874438258048,0.0347639694341438,0.00413404009987732,2.64429626466913e-06,0.00414882772953299,0.0439644775143171,0.061491733580123,0.517508805468315,0.0689607937816412,0.0226038607006411,0.000609679498635086,0.0100551217156719,0.00784982494007518,0.0651976081669618,0.621147262609766,0.0019536171924101,0.000427692177548805,0,1.23578417042193e-07,2.79638544547498e-05,0.00929976115184392,0.012174904393572,0.134008473653283,1.53179893446556e-05,0.0064793622558443,0,0.0396718830729223,0.0367657660024353,2.43195052093603e-07,0.00100847821268774,0.0917138312554205,0.000919493106626528,0.292036110922218,0.00172702549887721,0.0349205542384408,0.000701149395180992,0.149314331004643,0.152137499547119,0.010899593554885,0.00236531425709192,0.00804069842547651,5.7233939297943e-05,0.00698208180556543,6.91593527155499e-08,0.00354226227153978,0.0225083514353549,0.151133039378777,0.00923261675745566,0.00386572870922568,0.230360571778305,0.00276375491242035,1.75780904622052,0.00733543295584801,4.63561557471668,0.0169240492580738,0.0222281480165226,1.0695137972059e-07,0.0785650941151085,0.0103035806127961,0.0226781098742606,0.00292642436354003,3.69041401692462e-06
990,Migraine,0,0,0,0,0,0,0,0,0,0,0,0,0,0,0,0,0,0,0,0,0,0,0,0,0,0,0,0,0,0,0.00116364316621979,0,0,0,0,0,0,0,0,0,0,0,0,0,0,0,0,0,0,0,0,0,0,0,0,0,0,0,0,0.00236127720693357,0,0,0,0.00118578446550949,0,0,0,0,0,0,0,0,0,0,0,0,0,0,0,0,0,0.00188722567667534,0,0,0,0,0,0,0,0,0,0,0,0,0,0,0,0,0,0,0,0,0,0,0,0,0.00113384260026331,0,0,0,0,0,0,0,0,0.00104861885651499,0,0,0,0,0,0,0,0,0,0,0,0,0.00130092407272903,0.00190630702441651,0,0,0,0,0,0,0,0,0,0,0,0,0,0,0,0,0,0,0,0,0,0,0,0,0,0,0,0,0,0,0,0,0,0,0,0,0,0,0,0,0,0,0,0,0,0,0.00715051236967986,0,0,0,0,0,0,0,0
1000,Non-migrane headache,0,0,0,0,0,0,0,0,0,0,0,0,0,0,0,0,0,0,0,0,0,0,0,0,0,0,0,0,0,0,0,0,0,0,0,0,0,0,0,0,0,0,0,0,0,0,0,0,0,0,0,0,0,0,0,0,0,0,0,0,0,0,0,0,0,0,0,0,0,0,0,0,0,0,0,0,0,0,0,0,0,0,0,0,0,0,0,0,0,0,0,0,0,0,0,0,0,0,0,0,0,0,0,0,0,0,0,0,0,0,0,0,0,0,0,0,0,0,0,0,0,0,0,0,0,0,0,0,0,0,0,0,0,0,0,0,0,0,0,0,0,0,0,0,0,0,0,0,0,0,0,0,0,0,0,0,0,0,0,0,0,0,0,0,0,0,0,0,0,0,0,0,0,0,0,0,0,0,0,0,0,0,0,0,0
1010,Other neurological conditions,0.00929108524201675,0.0423445523283417,0.0326778418361864,0.0744309828291799,0.00551531727572899,2.09277831814216,0.192863014928568,2.44637134711055,0.652445264663765,0.0313486997160877,0.0101204022949896,0.012605303826885,0.20118473304573,0.00999675175430767,0.359742887548247,1.4068205830652,0.00287752058782094,0.154083000791512,0.00149386490735612,0.0786088969712265,0.0550119529675965,0.00828704429576551,13.1049796781392,0.0272444323790101,0.470993245556581,0.159340424830763,0.0146193137152354,0.00248468368789134,0.0197835399287395,0.646910914180639,3.91634887894059,0.00781563237025564,0.0940089609383698,1.18835432343858,10.7470026657293,2.06957735159861,0.00165744534638581,0.0117192819273659,0.290855249988725,0.444401611533035,0.462010666221787,0.535180694739586,0.0919160776755218,0.669327172959208,0.0758089974395289,0.151716253811304,0.520464836971084,0.00242477618756543,0.0463538202653849,0.792384423680854,0.27309851784934,0.0343641342876002,0.00781917666259089,0.00384861798816998,0.136387377893098,0.00772917555713576,0.0876810175958604,0.00511899848984471,0.694086118096242,9.56422537839066,0.00871296783027023,0.0239145958335047,0.542807196047185,10.2855490741491,0.6490802661317,1.37051361322943,0.0057897397210914,0.131695053037766,0.108678007356862,0.0181907443572407,0.0312483090243247,0.074341511577847,0.0554886577391503,0.479457849691986,0.0386273099360667,2.79085546715753,0.603152881216112,0.229092620973307,0.280531430711699,0.404897430958585,0.596955496112167,7.19160150261208,0.0509890976041251,14.5704079767288,0.0329884107566379,0.0879800423328938,0.0702355812678008,0.00164833193832151,0.0225768104949805,0.0329050357234552,0.00872712517334722,0.212292448327143,0.0324962762128907,0.0103197296707353,0.0553662943744011,0.010991844426598,0.199531645297429,0.0393399887057907,0.0328491048431465,0.0295231783201851,0.297150905877318,0.00339062615506446,0.156967814100206,0.0355675142135759,0.0475211814187058,0.078401795807262,4.55479372951339,0.000391929132681866,0.0341806503791891,0.00252017384689931,0.0230148199366397,0.0635326756966259,0.0725321204058728,0.00759430917496767,0.0385863445266781,2.11362165683731,0.412418836232824,0.0973579020678967,0.105141222032251,3.095801667058,0.139274389856668,0.482903348529068,0.0230711857616807,0.012068891611633,0.909369879778726,0.233624667800143,0.00778537213251852,0.159349684710958,2.21741583273277,6.42170741242181,1.7723193224432,0.83163767222225,0.258591083982172,0.0103353641127881,2.45204346709925,0.113088910281226,0.486028089829645,8.11310669335109,0.0215746325388247,0.00362952455327381,0.0028718751614699,0.000728539503002499,0.00210894869522704,0.12356960598946,0.145553047523656,0.9500344957547,0.00047553539404587,0.113757673358056,0.0777013128224264,0.270959508002617,0.124920545448023,0.00104144817073958,0.00856412783565402,1.00888542551526,0.0151964952405184,4.55471945802736,0.176822963352289,0.0303245987808322,0.00876232056888386,0.910705997459159,0.97231110160896,0.0669226565403791,0.00140834625841746,0.614190684423139,0.00109619807914536,0.099439378150256,0.000409211450669596,0.040767005399244,0.00848986743566909,1.41044542879814,0.0284668828734032,0.0629743049451954,0.515293774910391,0.019893951060668,6.3496376606634,0.111048680386164,38.4681227863328,0.444011151147296,0.1904724784788,0.000635565965456123,0.371715506798219,0.201842030420917,0.0115484098106177,0.0343464117299697,0.0444121997049897
1020,Sense organ diseases,0,0,0,0,0,0.00415131207788104,0,0.0198823216969842,0,0,0,0,0,0,0,0.0150022158240858,0,0,0,0,0,0,0.11026901678469,0,0,0,0,0,0,0,0.0309702015157767,0,0,0.00871607129668644,0,0.0211693723163485,0,0,0.000364107895687893,0,0,0.028781944594886,0.00108513452068404,0.00202986134160889,0,0,0,0,0,0.00102178182090828,0,0,0,0,0.00205494712004344,0,0,0,0,0.079836596256936,0,0,0,0.0479474887406477,0,0.00310549694779791,0,0,0,0,0,0,0,0.00297950751884803,0,0,0,0,0,0.00249528033153329,0.00351524464197844,0.0852244456524138,0,0.0275977806584994,0,0,0,0,0,0,0,0.00101487793567369,0,0,0,0,0.000972648948148266,0,0,0,0,0,0,0,0,0,0.0258894305036855,0,0,0,0,0,0,0,0,0.0203034765598991,0.00119782581743548,0.000439643031545554,0,0,0,0.00107194987105084,0,0,0,0,0,0.000581952564994156,0.00773164014940359,0.100305427774707,0,0.0076525868516097,0,0,0.00340539448161119,0.000826174553572431,0.000798259866307514,0,0,0,0,0,0,0,0,0,0,0,0.00175976604808002,0,0,0,0,0,0,0.0175426831462395,0,0,0,0.00207871354421317,0.0353867815558931,0,0,0,0,0,0,0,0,0,0,0,0,0,0.0402970020969421,0,0.130159375120215,0.000419176198288928,0,0,0,0,0,0,0
1030,Glaucoma,0,0,0,0,0,0,0,0,0,0,0,0,0,0,0,0.000696320229386343,0,0,0,0,0,0,0,0,0,0,0,0,0,0,0.00102928711927612,0,0,0.00247465274142612,0,0,0,0,0,0,0,0.00512866357698012,0.00108513452068404,0,0,0,0,0,0,0,0,0,0,0,0,0,0,0,0,0.00704550453343681,0,0,0,0.00627732772179471,0,0,0,0,0,0,0,0,0,0,0,0,0,0,0,0.000365279524542596,0.00164124670780025,0.0189597345523618,0,0,0,0,0,0,0,0,0,0,0,0,0,0,0,0,0,0,0,0,0,0,0,0,0.000664473104281709,0,0,0,0,0,0,0,0,0.00215573623250864,0,0,0,0,0,0.00107194987105084,0,0,0,0,0,0,0.000333024136273391,0.0126870951097095,0,0,0,0,0,0,0,0,0,0,0,0,0,0,0,0,0,0,0,0,0,0,0,0,0,0.00208384090265274,0,0,0,0.00105092773577073,0.0021542287867207,0,0,0,0,0,0,0,0,0,0,0,0,0,0.000353011566615954,0,0.00202378180542389,0,0,0,0,0,0,0,0
1040,Cataracts,0,0,0,0,0,0,0,0.00105473126960742,0,0,0,0,0,0,0,0,0,0,0,0,0,0,0,0,0,0,0,0,0,0,0.00102954600794252,0,0,0,0,0,0,0,0,0,0,0.00438091862113467,0,0,0,0,0,0,0,0,0,0,0,0,0,0,0,0,0,0.0046979933710751,0,0,0,0.0010525538778301,0,0,0,0,0,0,0,0,0,0,0,0,0,0,0,0.000349685785040777,0,0.00286987894642444,0,0.00222451287815942,0,0,0,0,0,0,0,0,0,0,0,0,0,0,0,0,0,0,0,0,0,0,0.00165860615152132,0,0,0,0,0,0,0,0,0,0,0,0,0,0,0,0,0,0,0,0,0,0,0.0103019634708845,0,0,0,0,0,0,0,0,0,0,0,0,0,0,0,0,0,0,0,0,0,0,0,0,0,0,0,0,0,0,0,0,0,0,0,0,0,0,0,0,0,0,0,0,0,0,0.00105255219540748,0,0,0,0,0,0,0,0
1050,Uncorrected refractive errors,0,0,0,0,0,0,0,0,0,0,0,0,0,0,0,0,0,0,0,0,0,0,0,0,0,0,0,0,0,0,0,0,0,0,0,0,0,0,0,0,0,0,0,0,0,0,0,0,0,0,0,0,0,0,0,0,0,0,0,0,0,0,0,0,0,0,0,0,0,0,0,0,0,0,0,0,0,0,0,0,0,0,0,0,0,0,0,0,0,0,0,0,0,0,0,0,0,0,0,0,0,0,0,0,0,0,0,0,0,0,0,0,0,0,0,0,0,0,0,0,0,0,0,0,0,0,0,0,0,0,0,0,0,0,0,0,0,0,0,0,0,0,0,0,0,0,0,0,0,0,0,0,0,0,0,0,0,0,0,0,0,0,0,0,0,0,0,0,0,0,0,0,0,0,0,0,0,0,0,0,0,0,0,0,0
1060,Macular degeneration,0,0,0,0,0,0,0,0,0,0,0,0,0,0,0,0,0,0,0,0,0,0,0,0,0,0,0,0,0,0,0,0,0,0,0,0,0,0,0,0,0,0,0,0,0,0,0,0,0,0,0,0,0,0,0,0,0,0,0,0,0,0,0,0,0,0,0,0,0,0,0,0,0,0,0,0,0,0,0,0,0,0,0,0,0,0,0,0,0,0,0,0,0,0,0,0,0,0,0,0,0,0,0,0,0,0,0,0,0,0,0,0,0,0,0,0,0,0,0,0,0,0,0,0,0,0,0,0,0,0,0,0,0,0,0,0,0,0,0,0,0,0,0,0,0,0,0,0,0,0,0,0,0,0,0,0,0,0,0,0,0,0,0,0,0,0,0,0,0,0,0,0,0,0,0,0,0,0,0,0,0,0,0,0,0
1070,Other vision loss,0,0,0,0,0,0,0,0,0,0,0,0,0,0,0,0,0,0,0,0,0,0,0,0,0,0,0,0,0,0,0,0,0,0,0,0,0,0,0,0,0,0,0,0,0,0,0,0,0,0,0,0,0,0,0,0,0,0,0,0,0,0,0,0,0,0,0,0,0,0,0,0,0,0,0,0,0,0,0,0,0,0,0,0,0,0,0,0,0,0,0,0,0,0,0,0,0,0,0,0,0,0,0,0,0,0,0,0,0,0,0,0,0,0,0,0,0,0,0,0,0,0,0,0,0,0,0,0,0,0,0,0,0,0,0,0,0,0,0,0,0,0,0,0,0,0,0,0,0,0,0,0,0,0,0,0,0,0,0,0,0,0,0,0,0,0,0,0,0,0,0,0,0,0,0,0,0,0,0,0,0,0,0,0,0
1080,Other hearing loss,0,0,0,0,0,0,0,0.00102571020814558,0,0,0,0,0,0,0,0.000953663653338975,0,0,0,0,0,0,0,0,0,0,0,0,0,0,0.00205366537415539,0,0,0,0,0,0,0,0,0,0,0,0,0,0,0,0,0,0,0,0,0,0,0,0,0,0,0,0,0.00475891478429867,0,0,0,0.00210256644138799,0,0,0,0,0,0,0,0,0,0,0,0,0,0,0,0,0,0.00913339906196576,0,0,0,0,0,0,0,0,0,0,0,0,0,0,0,0,0,0,0,0,0,0,0,0,0.00176270987469065,0,0,0,0,0,0,0,0,0.00319771881614959,0,0,0,0,0,0,0,0,0,0,0,0,0.000620684824217628,0.00595333337049918,0,0,0,0,0,0,0,0,0,0,0,0,0,0,0,0,0,0,0,0,0,0,0,0,0,0,0,0,0,0,0,0,0,0,0,0,0,0,0,0,0,0,0,0,0,0,0.00686438756549212,0,0,0,0,0,0,0,0
1090,Other sense organ disorders,0,0,0,0,0,0.00415131207788104,0,0.0178018802192312,0,0,0,0,0,0,0,0.0133522319413605,0,0,0,0,0,0,0.11026901678469,0,0,0,0,0,0,0,0.0268577030144026,0,0,0.00624141855526033,0,0.0211693723163485,0,0,0.000364107895687893,0,0,0.0192723623967712,0,0.00202986134160889,0,0,0,0,0,0.00102178182090828,0,0,0,0,0.00205494712004344,0,0,0,0,0.0633341835681254,0,0,0,0.0385150406996349,0,0.00310549694779791,0,0,0,0,0,0,0,0.00297950751884803,0,0,0,0,0,0.00178031502194992,0.00187399793417819,0.0542614330916619,0,0.02537326778034,0,0,0,0,0,0,0,0.00101487793567369,0,0,0,0,0.000972648948148266,0,0,0,0,0,0,0,0,0,0.0218036413731918,0,0,0,0,0,0,0,0,0.0149500215112408,0.00119782581743548,0.000439643031545554,0,0,0,0,0,0,0,0,0,0.000581952564994156,0.00677793118891258,0.0713630358236135,0,0.0076525868516097,0,0,0.00340539448161119,0.000826174553572431,0.000798259866307514,0,0,0,0,0,0,0,0,0,0,0,0.00175976604808002,0,0,0,0,0,0,0.0154588422435867,0,0,0,0.00102778580844244,0.0332325527691724,0,0,0,0,0,0,0,0,0,0,0,0,0,0.0399439905303262,0,0.120218653553891,0.000419176198288928,0,0,0,0,0,0,0
1100,Cardiovascular diseases,62.9672900824279,14.7248635262334,90.862012474307,41.2859153197734,0.148973989371854,111.107351937612,16.7752740500928,43.7562600874345,32.7725059143937,23.914730826725,1.11331918632934,1.75734422056504,283.799322050868,0.690245015904617,66.5180942369937,25.4518225698263,0.347783139886501,14.3345383574066,1.05431429638268,14.132469075565,23.9008939677607,2.54054087507144,411.633851562026,0.570499776737233,81.7107922320879,21.9838761612121,11.7915668809296,1.02207350031698,33.7980837852377,29.9800035895057,75.7852435706316,5.83100589752693,15.2003258892201,35.1573375327486,5035.55368276184,94.5547280932953,1.05810905662652,6.81206839279298,6.64850254800406,30.7239878029182,22.145585644825,49.3495288815451,2.18770839268047,48.1280219645055,103.910538226903,123.820192720367,12.7023682832539,1.73672494243853,19.8754955370388,30.0491484660303,246.795961576855,7.84102457810324,2.01378991986696,6.08240933784194,8.47227256343598,2.05189776709479,82.6151873350691,2.61326553635895,22.0309465552811,150.880678933175,2.75682639879097,3.09105083186965,27.5473881926305,350.147297425885,45.7634493101113,55.1086108906849,0.339975941012657,11.7055081675219,17.7756625572331,2.71629637259043,1.70607686958733,27.8344183083919,12.088628717319,64.7582884151831,0.693382613942788,2785.11358765641,721.670261153371,134.244679806818,65.3483904482843,8.79284877116998,11.6475825158734,212.095089304094,7.69249561323036,394.798027719941,8.12704507261668,62.9139547010182,34.8697672020483,0.337126534089974,3.36706832982636,13.3461091317209,14.0329326978867,17.3068532046807,8.61271892157394,4.8104700587866,5.8118084758252,12.4796853150978,23.8772922019781,1.05801735291315,44.6724908438566,19.869167762911,73.3655997060318,1.07115097443664,16.3758547291827,1.24290977507386,4.9901150791641,3.99355137893564,200.271409958474,0.354716043370447,7.26584103538151,3.37743484150071,110.509155690666,37.9478265463541,116.975180047386,3.01700082174888,43.3434500300694,36.4495755658204,9.66875102052018,5.59873753042306,21.2197926304385,185.240789570332,10.0354219975923,10.4340275169227,6.19845861972275,4.50550912109246,402.048582374465,6.2279891502,12.2401259012093,9.51377063851074,31.4885120390416,304.588494007599,189.20347871837,32.8491226395285,7.47227903388535,1.15835606867838,70.3302651956301,24.4217888705588,143.827161917697,910.11184064747,14.5692258028341,0.338282680975328,0.371247867897674,0.539232734487901,0.262316367181861,26.2156544045297,21.1840157607414,56.1547337172526,0.264929222566614,11.8408942521982,8.06327372473398,26.700297183834,7.04260612856619,2.19625521815662,17.7990497355319,101.678064738337,10.1405938804612,118.409569636356,51.4289252722641,68.1075757850689,0.990636529143926,27.7949133644405,20.4735216332224,46.9645744814149,14.6273627425991,134.707630391802,2.56083441512365,12.3217883747542,0.190273358828767,3.12984780288971,26.7099304508326,193.301736125919,16.6632492591526,28.2981947862136,407.474619878789,4.43384808538987,147.509535594816,53.151978998638,911.738696166691,9.01530901237429,116.184747635604,0.87197613482754,69.2249720934041,260.38263910408,56.5738106724184,15.1819198227492,23.7671330259187
1110,Rheumatic heart disease,0.719325757267305,0.0501221746409233,0.3994279287505,0.74137358699431,0.000376553409713007,0.126820672458763,0.0157715626654832,0.346222914500438,0.407747174499243,0.0974820175684677,0.00359987263665398,0.00620464274757243,15.961931650893,0.00173240502145608,0.163671211464162,0.234585044983895,0.00252431130920295,0.153886738368172,0.0717530410087402,0.148239327742128,0.052385648371096,0.0262859667842177,2.38566528783468,0.00373811874526431,0.073371664261146,0.450432897900784,0.224912209464946,0.00514228471618537,0.226974715226263,0.319154215344107,0.635204620102962,0.134865535820445,0.294835049981943,0.0273167954228943,78.1628754590913,0.0458701971423873,0.0142891754114245,0.0818747922605239,0.0379752141810109,0.333541284069476,0.217214333981121,0.0836570054583837,0.0338923488035122,0.241018919804064,1.68832525205939,1.94602119310644,0.182481947834659,0.0229462699391005,0.084714594102843,0.102938533398572,2.25876182730825,0.015959433706833,0.0163855920015777,0.106921545422538,0.0163055303494518,0.0301446362240723,1.58787261082749,0.064240807700333,0.00328975050540478,0.966899993498804,0.0246752621789266,0.0284885720305351,0.0856341957179983,5.91440697225434,0.218926949018791,0.154416063584578,0.00134881765824868,0.0196277552355725,0.210968981695678,0.034240364975567,0.00740053047881647,0.547918771238733,0.0333042352872693,0.219278578601792,0.000542768101764178,167.866514344827,2.74311714438776,0.890808823608424,0.372493694053298,0.0578342889939733,0.149973672117082,2.08782716131544,0.0370590108474359,2.4052512350978,0.0223124204261358,0.304449868893157,0.407348489190548,0.0122833650108921,0.00910727793736681,0.122184870187876,0.139699005996618,0.0357933077070124,0.0568661899281926,0.078791188003141,0.0627977131830364,0.062932024817226,0.0324453071284741,0.00537109756623683,0.977626680753483,0.236823555256464,0.279162482250859,0.00190329328385556,0.261618718014511,0.00204076432627419,0.0389699601553928,0.00287515618927692,0.448786144441338,0.00833218239815914,0.103755311117679,0.0102052350466244,0.535565987927522,0.744636804682235,0.746491547750565,0.035170256879616,3.0254034015635,0.193480816979843,0.114533074319169,0.0047888930907527,0.468897017273608,1.91688718675441,0.00234425139859622,0.0671677908378616,0.0330875734107442,0.0205864318648586,26.655680749564,0.0214008468314136,0.749228540549517,0.0235434657059529,0.154082177768603,2.88277473169542,0.434731253853794,0.202797888641494,0.0155330179995244,0.010175364957661,0.189439556093089,0.0426355526578876,0.487802312947859,2.43453685406766,0.210523968493918,0.00269728108468208,0.000432541333730959,0.0106115229537387,0.00394810929856097,0.0516220718375646,0.184245783495859,0.103986578167459,0.00061778280167012,0.142081652077784,0.0200821068614098,0.0540315736962674,0.137706858002545,0.055788731170177,0.450024216664,1.12700384789256,0.22235978971305,1.40839799777378,0.116261918640179,0.704775155359322,0.00675706678626611,0.0699077125518252,0.101409458962623,0.214520372254782,0.104168858400567,0.402352666263836,0.0251490017662247,0.129404626239428,0.00251804285376094,0.018317249969348,0.12101755520084,0.668936144103202,0.140218587610889,0.381731620949577,0.751134502719175,0.0530399383029371,1.00824701390019,0.795209599490523,3.96087683895961,0.0393766866577539,1.42978275639545,0.0269225850253794,0.128027738077465,0.78059838205609,0.615638922142504,0.191068451233215,0.809682462459845
1120,Hypertensive heart disease,7.71070722241806,0.461627017578158,11.4880614906148,6.54122805320908,0.00216203946408245,6.34812107231249,0.926329741135731,1.91089059233815,4.20692792346293,1.08303654381387,0.301550845775558,0.139485378281512,18.3835115185123,0.0645912873082574,0.151579249851505,0.565998632206772,0.0540281839381315,1.30605617331709,0.0801409723889584,1.02097087301511,1.21920142547126,0.449320858761455,32.641376020795,0.0411562925411915,9.08324426563167,3.33035338319818,1.4398098255644,0.0825527042004232,3.20902542207812,3.02735893824233,3.66221608133691,0.807885094629641,1.63328142533027,4.94897878884759,329.289390358791,7.36914628686629,0.16776811878086,1.08969967633599,0.878316880760593,3.10333453344468,4.0917156747778,5.67138561490026,0.150174329879827,2.5874812791699,7.31997317867625,20.5562255784383,1.0458276838581,0.269149498112574,1.39868463022438,2.62888480781151,24.1440740188079,0.292055729038262,0.289430833582522,0.953981568884131,3.3034886154628,0.341622923743483,13.7468228893812,0.143584819344239,3.77164907608629,7.67361403507203,0.490288887422622,0.332999114902251,2.68318208968947,40.5972863714142,4.22930164973766,4.89739327838354,0.0352088877735362,0.338871329854943,1.8845399378359,0.289967395838231,0.227224241418626,2.06719110943778,1.07860514244463,9.00830968486527,0.0346836559549068,149.783438590808,57.7879286017725,14.8570016869243,4.28363041003875,0.335811304272738,0.634054308427174,31.1118941297968,1.22442302503506,7.79221263632251,1.38065658638659,1.25030318301291,5.85778211215479,0.0111178030985548,0.218372181424236,0.604778258204965,1.14896184399643,1.72110694290154,0.631347669207441,0.855085208035532,0.716037372734527,1.34621065333163,2.1414678948644,0.054802568674907,7.53792743820475,2.57301077058204,1.58302947466598,0.0555337628483793,1.91055346979063,0.0452303655182873,0.610065775716671,0.334842203667696,16.1698089807127,0.022323307354178,0.159940698319228,0.0836435861270643,11.1322454250089,6.29118847649558,9.1860352747526,0.494986395834626,3.10129063668652,0.885700960320319,0.319292602268434,0.734001758150151,2.08811034909014,17.0146510737603,0.0650989847852872,0.758156017105409,0.618323884346165,0.567747730652612,23.6965849609972,0.576340653597782,0.618350325876818,0.764925115553439,1.80242664009791,34.3287188084367,11.8327469039748,2.15771098209726,1.124533496823,0.0620571837674273,4.054255559461,2.85249031204541,10.864318128049,14.4954435915583,2.03457062491195,0.0534955689942393,0.0459620325848731,0.0337611718925443,0.0158660204121552,6.48651363008465,2.08068648635427,2.53895627612512,0.0612012927586896,1.02052275630194,0.817475999103972,0.872507432560153,0.733300939691595,0.0867407337362989,2.74686368163267,18.7242198389386,1.35513229028491,9.87038728363443,3.57920723876943,6.90302804886186,0.0938447640156387,1.88209305601198,2.62163392395562,3.32269885390247,1.13626588537132,3.48299097263412,0.225164180415742,1.25137290523013,0.00595733248940085,0.270606427459061,3.4154665221151,20.4331395236058,0.629240888391771,3.66890841909197,5.49542579572392,0.411822022689702,6.32725301719096,7.54769763677667,98.6760634377127,0.655649574421147,4.89757124979019,0.037629174368405,6.03114476919087,18.9535249339037,6.55813078589722,2.28808738540526,2.98623122822185
1130,Ischaemic heart disease,32.1678372446533,6.61671853105445,48.7402986709584,14.1450333036478,0.0697752268990043,56.3749070491989,11.3619929727662,21.4210314459599,16.9277525773195,15.8890527348089,0.370498939631429,1.0147484541429,98.5542531806275,0.239898896466813,49.0651963907721,11.5204165771483,0.135875584023864,3.91167813191103,0.502692006397466,6.46993825906274,11.0537405004283,0.768656457409767,181.055246885927,0.252834511512645,41.4474854747783,7.06687299882469,3.54428127210856,0.451336057520745,11.1647818049518,9.1417188924869,42.2824290052416,1.92497755818141,4.31996331537727,13.4524849792204,1957.04006614657,58.9699005143844,0.317348480720386,2.62958537967289,2.97712738455669,10.6503122150199,9.53988572707267,26.8092451659238,1.01074252592244,31.4145685865948,35.3317817723611,39.8535432502355,5.25376478976262,0.571261244765822,11.4373376021608,18.4961905244579,143.7555977196,5.19515320904246,0.864044822756723,1.7167720448623,3.06790607338089,0.626282276094251,25.0134615085289,1.57930322774861,10.3410916540707,63.474300537923,1.02010716909101,1.08340705282115,8.18277074807335,171.637358762935,12.2704105808699,27.1324420990825,0.152296410078297,6.9991788214158,5.61465962404419,0.875354929208637,0.707370027178651,12.2327544372511,5.92042609059619,37.9904558169826,0.366545215893453,1567.13412239874,250.088975380589,77.4629261864075,34.915114627042,5.25277615124448,5.49388469014959,84.8119398572059,2.10461521217549,180.768179723247,3.7866555043544,31.38110716127,9.9307490368233,0.159505412867901,2.46962914721231,8.56551924928798,5.95210640580154,7.89750155844365,4.84175199110832,1.07379907297896,1.90886547355923,7.31987226784731,14.5466150404979,0.471178747314337,10.7096271374267,5.68249108858608,41.5055115688158,0.467081795912731,4.57905708941653,0.75113602124679,1.74996334711443,2.21228254915927,143.304493011409,0.178921589634978,3.73328801126788,1.37749348061296,64.5591131247364,4.71500905392018,43.3126809416487,0.894096686758366,21.0749483763664,16.6107984508937,5.08356426322474,3.35623541321225,5.42545846712372,73.9635046782011,3.38485835396452,4.89970868735635,3.35893628927866,2.48690099842524,216.134429849705,3.02779019777271,4.88829970009559,4.75117595343049,16.834186089494,159.495235436009,120.432972783968,12.6933887447521,4.11078510962468,0.717751409758189,30.1265466040121,14.7640402727009,71.7656606403016,497.493289717854,3.75583773676226,0.0771770552445954,0.172955527441938,0.283748639666851,0.088933185163504,14.7899997302614,7.50962396203437,19.5432193503996,0.0963544753199995,4.21642147898647,4.96901976818147,18.6555934934982,3.14262115028284,1.11133773553716,4.11341080008266,29.9840675857624,3.06167224849497,50.1670254876212,21.6157813900514,38.9127467402339,0.397479285921874,13.2835914016925,9.62290364363197,31.6072755039527,8.46957993873705,49.5107926589029,1.01712047252791,3.99498731613177,0.109027093220077,1.56930409226349,14.3951478323261,103.779036927729,9.65161096279076,9.07435012902196,294.864162408755,2.47875732737636,70.0073136987386,19.4232655028455,497.775557383368,3.80725693684164,81.4151447858234,0.49507041223722,41.8747764988876,64.5537560763062,29.1473599474781,4.03236272823259,7.2741009769559
1140,Stroke,19.8570876899803,6.61864605044531,25.3967854063476,15.5649982774492,0.0410746042190637,21.5596598143738,2.55089847112601,10.4686255175878,5.1268025975585,5.55866969134805,0.275277267995853,0.472591395939969,134.636605326762,0.275878127206582,13.9877277149359,6.52576471981894,0.11202504764025,7.65419314985546,0.31894816320399,5.48347900992086,9.21915850573808,1.04236252316842,135.198643592009,0.198017371405208,24.8919228236651,8.28161624100816,5.73142311537495,0.395408680942762,18.2033447471892,14.1046912764905,14.3935462600289,2.45256904472984,7.39606555502051,11.7719577618235,2537.87987261472,18.4471526684907,0.485390086268092,2.41759950763067,1.75550964300787,13.4210701427414,4.93733841146016,11.1754696588979,0.489444116456222,7.75907933695475,57.0890143096098,48.7342300451954,3.59493587082724,0.751166353579895,5.80786804869418,6.75296824101848,67.2372496653361,1.76606731468178,0.643971681994836,2.92417485170065,1.11843115675372,0.87730808398245,36.2312725011888,0.716067320755266,4.68647214027816,37.8134090784998,0.933493860535822,1.37700591775561,12.7230674054505,59.3107843555845,23.8536795261933,16.8215288899187,0.113371287089633,3.47231170450004,8.46679482936969,1.29387530506897,0.578422357231067,11.0753883140506,4.3620050476844,11.4941838807069,0.140830247758177,756.178517746892,389.829191553282,33.2360029492695,23.2208588061689,1.76199619998234,2.76734258369306,58.6568616043407,3.51394654631809,125.264504396701,2.61761032949086,22.2793500194673,16.2111577634721,0.139648889091111,0.550886212732571,3.42242828801002,6.35591933437835,5.53649152376982,2.33965961270521,2.42758940415523,2.60598279228605,3.06945478426834,5.42406739986834,0.231764666939624,21.9718726951052,10.1270412875182,25.5394669337745,0.479608800205757,7.89591740051309,0.228939032616649,2.10238560272245,1.13469373132035,29.789291637932,0.130010019677846,2.66465877135663,1.5246812658364,30.0297265097543,23.5972660318737,60.0044738437334,1.31903536421059,13.6359722463938,9.9336095409525,2.32656913901123,0.736266669340428,10.9543873991436,72.8192470259495,4.23660588398085,2.30458131897733,1.9374950280734,1.00473678766387,114.196678138184,1.97384169971039,5.36723383359675,3.01393498189231,10.2273387382215,98.5660055681154,34.6320351534369,12.2298045707121,1.46797385815377,0.278700204093474,28.5026831649641,5.9641865411718,48.6680765745754,303.131735046749,7.45153173065104,0.141433524518747,0.101673085599274,0.184884627710218,0.119219534191667,2.86488657071106,9.41826343721755,15.1231602115686,0.0882953464539341,5.43675264650439,1.46940458642869,4.91953590779058,1.81897493350245,0.878269729276032,9.13199403327029,40.3243473966291,4.79264315979316,27.9347816005823,23.8545229740241,18.2934192677287,0.417085444167107,5.65066974041369,3.8753143291645,9.71328151618644,4.73907630042406,69.3839697954865,1.20785358414845,5.81975266992582,0.060757849819834,0.967983647119012,7.34169694363987,56.4774189633598,5.28964937886629,12.7721997040819,82.2088156742224,1.10992056489816,36.4729452337477,21.175521686769,172.146262184663,2.72913987942029,26.0340690675433,0.28189581379195,17.0105043800827,164.915492404316,17.5821350615025,7.13527227964047,10.250198576003
1141,Ischaemic stroke,9.8933959687829,2.00202736079104,18.416410169412,5.54827874506128,0.022739629383626,11.0609962421446,1.95335053102443,6.49272694077561,3.32712404790758,1.98526621012329,0.131418406481372,0.298350790948744,60.798271848958,0.176112578068931,10.8236049307514,3.9835758434385,0.0456785295291883,3.15333083208927,0.1597773310633,1.93321670143502,7.73593438913705,0.450516127123743,79.6719107598131,0.0872783474121489,19.4961664360149,2.56726931914725,1.60815487738957,0.235287481183599,6.07615643852218,5.07098449519343,8.76988409303206,0.607598906806555,2.56078553796313,7.51005844455134,1156.26250895746,9.59787997859013,0.175087979650319,0.927655868022243,1.08029116609475,5.71218746715044,3.63530222726064,7.3127058764468,0.312267316351699,5.85162846108203,18.8740543312701,15.8656501423518,2.2561665032972,0.265758753816644,2.57148364908883,3.00250834957253,50.8533969145563,0.863907691054473,0.288452559514087,0.824023786654269,0.843882297396895,0.303980691662803,9.83134340202836,0.185710886333974,3.18487493480509,24.1034595462623,0.413666876664658,0.588467273822002,8.08421650575036,41.245282304586,11.1638075453653,10.9105376103595,0.0693541843527702,1.19408566916745,3.49272464303697,0.486387989716787,0.250743890289242,3.87779609254035,1.75092325511915,8.99304439665814,0.0925715830407105,294.005373181559,152.693857489104,26.5409089625205,15.2635534413596,1.12484354162987,1.65551550229942,39.40735575812,1.99000651349348,74.3300198023864,1.98546565074358,13.1847754755083,5.72065438215164,0.029336108004218,0.354230027197763,2.05764428646393,2.2203979363585,4.72414084021413,1.46643793255907,0.801608507947872,1.03102464384095,2.06277660847829,4.44822138375245,0.141518518675602,5.81337360907145,3.74729545792952,10.3009210018438,0.266263013528821,2.83410880392564,0.151175391928066,1.01264832360321,0.57262938605203,14.8348311292822,0.0264907755833257,0.378868829273276,0.414926466339223,20.9890686625049,7.41856507174254,20.1278647580512,0.545740540270361,5.77996193084289,6.62869944012355,1.52754821035663,0.323636042131841,3.33781989776937,34.7149241133648,3.12980098740713,1.43658694327602,1.41341931150739,0.702925857173921,46.5795270235084,1.10121133191752,0.920932986013612,1.55852936688661,4.63333275043544,31.0695859911235,25.7342747813992,8.30451774882327,0.815625997336555,0.12913110926508,17.4131813262628,3.70759844411715,34.8458206977751,235.049475397184,2.16849654135726,0.0812864270983882,0.0525217915156446,0.0453571100928389,0.0622411826188031,1.82320629471874,4.32168108447635,11.8524084635105,0.046832173295143,2.19096604730006,0.694157759681495,3.63927605193806,1.37892066167464,0.166943095095616,1.77085452229061,18.2802417916302,1.19921053993106,17.0114913835924,14.5301527345797,10.7759192547114,0.164994100044205,3.70749280652737,2.62239764933811,5.80235609820987,2.34037847215422,26.5322776531713,0.42923015463875,2.27095083892083,0.0218551007553039,0.514579633912297,5.3527704677184,37.1507341346699,2.58941979722255,3.93382738294898,63.6680729492761,0.636900030354464,21.9122888893279,8.52699676150967,100.021451075161,1.72645824676961,14.4719755640638,0.0681040029078846,8.17228624739019,76.2024142890955,9.99272091991684,1.83539531055646,3.64856010619302
1142,Haemorrhagic stroke,9.96369172119738,4.61661868965428,6.9803752369356,10.016719532388,0.0183349748354377,10.4986635722292,0.597547940101582,3.97589857681215,1.79967854965092,3.57340348122475,0.143858861514481,0.174240604991225,73.8383334778042,0.0997655491376512,3.16412278418453,2.54218887638044,0.0663465181110614,4.50086231776619,0.15917083214069,3.55026230848584,1.48322411660103,0.591846396044675,55.5267328321957,0.110739023993059,5.39575638765025,5.71434692186091,4.12326823798537,0.160121199759162,12.1271883086671,9.03370678129708,5.62366216699684,1.84497013792329,4.83528001705738,4.26189931727212,1381.61736365725,8.84927268990054,0.310302106617773,1.48994363960842,0.675218476913114,7.70888267559098,1.30203618419953,3.86276378245114,0.177176800104523,1.90745087587271,38.2149599783397,32.8685799028436,1.33876936753004,0.485407599763251,3.23638439960535,3.75045989144595,16.3838527507799,0.90215962362731,0.355519122480749,2.10015106504638,0.274548859356821,0.573327392319647,26.3999290991605,0.530356434421292,1.50159720547307,13.7099495322375,0.519826983871164,0.788538643933608,4.63885089970017,18.0655020509985,12.689871980828,5.91099127955911,0.0440171027368626,2.27822603533259,4.97407018633272,0.807487315352179,0.327678466941825,7.19759222151025,2.61108179256526,2.50113948404876,0.0482586647174667,462.173144565333,237.135334064178,6.69509398674901,7.95730536480936,0.637152658352468,1.11182708139364,19.2495058462206,1.52394003282461,50.9344845943144,0.632144678747284,9.09457454395898,10.4905033813205,0.110312781086893,0.196656185534808,1.3647840015461,4.13552139801984,0.812350683555694,0.873221680146138,1.62598089620735,1.5749581484451,1.00667817579005,0.975846016115889,0.0902461482640223,16.1584990860338,6.3797458295887,15.2385459319307,0.213345786676936,5.06180859658744,0.0777636406885832,1.08973727911924,0.562064345268321,14.9544605086498,0.103519244094521,2.28578994208335,1.10975479949718,9.0406578472494,16.1787009601311,39.8766090856822,0.773294823940225,7.85601031555093,3.30491010082895,0.799020928654601,0.412630627208587,7.61656750137426,38.1043229125847,1.10680489657372,0.867994375701308,0.524075716566014,0.301810930489949,67.6171511146754,0.872630367792865,4.44630084758314,1.4554056150057,5.59400598778607,67.496419576992,8.89776037203764,3.92528682188886,0.652347860817212,0.149569094828394,11.0895018387013,2.25658809705465,13.8222558768003,68.0822596495656,5.28303518929377,0.0601470974203586,0.0491512940836298,0.139527517617379,0.0569783515728638,1.04168027599232,5.0965823527412,3.27075174805809,0.0414631731587911,3.24578659920434,0.775246826747199,1.28025985585251,0.440054271827813,0.711326634180416,7.36113951097968,22.0441056049989,3.5934326198621,10.9232902169899,9.32437023944441,7.51750001301736,0.252091344122902,1.94317693388631,1.25291667982639,3.91092541797657,2.39869782826985,42.8516921423152,0.778623429509703,3.54880183100499,0.0389027490645301,0.453404013206715,1.98892647592148,19.3266848286899,2.70022958164374,8.83837232113288,18.5407427249463,0.473020534543697,14.5606563444198,12.6485249252593,72.1248111095019,1.00268163265068,11.5620935034794,0.213791810884066,8.83821813269247,88.7130781152209,7.58941414158565,5.29987696908401,6.60163846980997
1150,"Cardiomyopathy, myocarditis, endocarditis",0.548464737392518,0.372078717114514,0.757441712407926,2.44477160308737,0.00236213014850371,6.28392729100551,0.164080222093256,1.81455012694177,1.3584278258657,0.936590402848732,0.0621091404909986,0.0417717175724808,7.05119162678931,0.0306782427060485,1.07006315848699,0.995619250113742,0.0169993609902951,0.564516755374725,0.0323114740014013,0.228366881492433,1.21481104050763,0.134943167407649,14.4253754198981,0.0205590390315978,0.404124860593283,1.24431794053927,0.429969186240176,0.0177051686632118,0.443753476060746,1.33955759339004,2.38610791374083,0.320830365371925,0.691859345729878,0.66198308458058,32.8483951151213,1.64867411974298,0.0288578893328045,0.293645556203221,0.243499407925631,1.35174690852581,1.26810037253207,1.07888162149817,0.0672738658466526,0.770384496195751,0.743188306847192,7.58962101975376,0.295088411648882,0.0483945905278685,0.324921343904115,0.352504758191465,1.43780884458648,0.0917397255855978,0.0954017979232825,0.158240813339254,0.217211511260081,0.0882229853853787,2.64033209270346,0.041219791609509,0.560951363895779,6.18422343911734,0.12169792333672,0.108306801055532,0.550735730458621,10.3784099594363,2.56546357335942,0.882105891945969,0.0128969083193611,0.251944106328641,0.66073567481272,0.0916370010311756,0.0678377795953466,0.897475427396485,0.184083976270292,1.70078351805838,0.0185741145552031,61.1835778431173,8.37006767781996,1.10200877449813,0.998335201380877,0.256220865916055,0.232144198040582,5.14263097134878,0.247483161330806,8.65436965770717,0.061768263093686,6.41105296305858,0.830716942410163,0.00664624349479537,0.0247758196882984,0.427750723816323,0.199599366654905,1.12708550295423,0.0983920598283634,0.194005884278588,0.208356843154782,0.10313481314607,0.528933302078364,0.0422201353811683,1.59668552393956,0.504925517378329,1.44128939671109,0.0191524640867166,0.762280331913672,0.0157831458124198,0.176322749680043,0.100969882692701,1.5895177886861,0.00589518005087356,0.436230826319586,0.181794625231464,0.780185876342566,0.952462426163296,1.64440530689735,0.14997133926271,1.07881850595269,1.24314548274371,0.327772565608642,0.0835853211654231,1.08859779874198,8.1311712220944,1.78507586658871,0.210449880943217,0.095854233731099,0.0986179678490516,9.38844537255744,0.258188312224005,0.330669275587273,0.135372752844059,0.321144095711599,4.56885179364744,3.23842726956335,0.940409768248946,0.136448281157437,0.0316748138998405,1.39104258262024,0.47471257878753,4.79569829048657,51.6562950437075,0.487439456306301,0.0252159570019997,0.00467538169975084,0.00999542357007632,0.00823256845889972,0.393035074287231,0.804396206771633,13.7942508240429,0.00776685248960544,0.45813169451778,0.210632834559586,0.38359869274823,0.223681789620927,0.0283364633098867,0.761096355392787,6.13992223354847,0.326754240561734,5.12335738089555,0.914844844285976,0.70326793930766,0.024642068521992,0.581348195782819,1.02633124032472,0.27705678343284,0.0633019410098838,3.69843255530508,0.0438306857780171,0.479101360646178,0.0036582505020064,0.0903170231016343,0.241842954757963,1.61760672238767,0.69221311973658,1.02121530213424,13.9370785069361,0.165977311859211,3.68056799800544,1.62978600532676,29.6419569987814,0.321014735073398,0.697596302118921,0.0133141067910953,1.03830512936114,4.26968969978725,0.614807597424863,0.773306621442989,1.14028220103007
1160,Other circulatory diseases,1.96386743071643,0.605671035400072,4.07999726522783,1.84851049538565,0.0332234352314866,20.4139160382624,1.7562010803061,7.7949394901065,4.74484781568779,0.349899436337027,0.100283119798846,0.0825426318806142,9.2118287472838,0.0774660571954601,2.07985651148301,5.60943834555466,0.0263306519847585,0.744207408580091,0.0484686393821224,0.781474724331783,1.14159684724433,0.118971901539933,45.9275443555625,0.054194443501327,5.81064314315832,1.61028269974099,0.4211712721766,0.0699286042736526,0.550203619731509,2.04752267355181,12.4257396901804,0.189878298793665,0.864321197780276,4.29461612285366,100.333083067546,8.07398430666853,0.0444553061129505,0.299663480689687,0.756074017572265,1.86398271911685,2.09133112500113,4.53088981486654,0.43618120577182,5.35548934578626,1.73825540734877,5.14055163363786,2.33026957932237,0.0738069855132691,0.821969317952448,1.71566160115236,7.96246950121643,0.480049166048307,0.104555191608017,0.222318513633067,0.74892967622904,0.088316861665152,3.39542573243928,0.0688495692009934,2.66749257044477,34.7682318490636,0.166563296225863,0.160843373304572,3.32199802324059,62.30905100426,2.62566703093226,5.22072466776966,0.0248536300935815,0.623574450186868,0.937963509474932,0.131221376467857,0.117821933684827,1.01369024901717,0.510204225036248,4.34527693596815,0.132206611679284,82.9674167320218,12.8509807955199,6.69593138610969,1.55795770960037,1.1282099607604,2.37018306344589,30.283935580087,0.564968657523466,69.9135100708653,0.258041968865017,1.28769150531627,1.63201285799738,0.00792482052671902,0.0942976908315764,0.20344774221369,0.236646741058838,0.988874368904424,0.64470139879641,0.181199301335159,0.309768280907571,0.578080771687254,1.20376325754064,0.252680137036875,1.87875136842687,0.744875543589916,3.01713984981359,0.0478708580992016,0.966427719534249,0.199780445553435,0.312407643775112,0.207887855906344,8.96951239529258,0.00923376425441212,0.167967417000515,0.199616648646199,3.4723187668966,1.64726375321911,2.08109313260353,0.123740778802972,1.4270168631064,7.5828403139303,1.49701937608796,0.683859475464053,1.19434159906543,11.3953283835718,0.561438656874293,2.19396382170258,0.154761610882687,0.326919204636831,11.9767633034579,0.370427440063701,0.2863442255033,0.824818369084487,2.14933429774795,4.74690766969524,18.6325653535734,4.62501068507653,0.617005270126941,0.057997092201783,6.06629772847961,0.323723613195286,7.24560597133645,40.9005403935335,0.629322285708648,0.038263294131065,0.0455492992381059,0.0162313486944729,0.0261169496570746,1.62959732734775,1.18679988486776,5.05116047694896,0.0106934727427151,0.566984023809811,0.576658429598839,1.81503008354059,0.986320457465826,0.0357818251270641,0.595660648489466,5.37850383556631,0.382032151613415,23.9056198858485,1.348306906493,2.59033863357743,0.0508278997310482,6.32730325798764,3.22592903718293,1.82974145168565,0.114969818656187,8.22909174320972,0.041716490487302,0.647169496580925,0.00835478994368821,0.213319362977168,1.19475864279273,10.325597844734,0.260316321756336,1.37978961093398,10.2180029904323,0.214330920263495,30.0132086332335,2.5804985674296,109.537979323206,1.46287119996006,1.71058347393293,0.0171440426134901,3.14221357780433,6.90957760771026,2.05573835797323,0.761822356794654,1.306637581248
1170,Respiratory diseases,8.44625009152746,0.844025243523392,6.95662717331158,5.02651837803213,0.0188988226991079,21.9317122076367,0.786901032201787,11.2792820629713,4.07495936683098,1.08231548411174,0.0773416056296104,0.263641628944899,64.8021637289964,0.0463135945972702,1.24012763819957,7.15826488046581,0.0578933762039043,2.09530967033843,0.449139277564724,2.64747327744906,1.34854841748343,0.53009024532319,77.1781026037251,0.0818801523865109,4.46080186859532,2.44922061984512,2.17981356726518,0.0890406565544174,5.52668484947186,3.92218332376836,17.008399754971,1.14883776183284,2.34099315692471,7.47941568809275,1322.55629005607,16.2321472926843,0.162204850543487,0.845266164363167,1.5407617537612,3.78592236383475,1.78260540198223,6.67166487341736,0.515269954885287,4.63554492658195,32.2824634941992,24.9202181200961,4.91838361106769,0.179074347713931,1.37880939624006,4.557559881802,13.1535813387155,1.21804591348512,0.222672329471631,0.990595378307584,0.344319649641498,0.493261358419768,14.7703188911962,0.404043802361428,1.92241887697034,23.9236508173578,0.301464053511184,0.390426002502343,1.18571006390901,50.8053712104918,3.22351348137352,8.07424056682639,0.0239380749572252,1.84030121310382,2.44386103831069,0.361357950915665,0.167085609627033,3.02864259000769,2.34007525492387,5.55342499272922,0.155614426654712,1259.75623810269,106.752797638117,12.0810809149679,2.49435835674988,3.04597409655694,2.19564809569245,41.1740018039971,0.752916459853761,79.9323257425467,0.559288599010034,8.49374132681984,7.77356492133941,0.0735414185071623,0.0949332358517194,0.998978018414756,2.40917644366319,0.385847701094112,1.29380387266729,1.21840730365388,0.717565105890839,1.13761747866951,0.521023713936297,0.253969814517179,8.51773665043807,2.84273853850162,8.6496763837256,0.268072339812255,5.09744575252585,0.168345925257639,0.462604190932553,0.439809740008615,25.3256008320272,0.0509963542351209,0.444383403356207,0.0429805950757521,8.14368075908221,4.50082053913039,39.1640046579389,0.651027758340078,27.20487743693,9.46081535027828,2.42465025880304,0.689684917624064,3.72444996783773,20.3862295633263,0.951651170005962,3.06338226859454,0.453744849317476,0.267510656648426,89.0371531024297,0.872065406334229,5.52693267518369,1.16836747956559,11.7475779961236,43.0260587415867,12.417294731238,7.27108285616173,1.62102783341581,0.0856486877890018,14.3780353677158,0.686815535202615,8.88569229846751,33.176633737563,2.8336043927526,0.0476186475958001,0.0212113400795968,0.101626220826703,0.0765213866327768,1.84997313402313,2.58775201285946,3.86781937108632,0.0319187808877877,1.42083671645566,0.487099403802404,1.15975420123363,0.701339244405895,0.307817023725297,4.11959608452177,19.3768145628755,1.95142146225209,27.8510036638434,12.4942611650312,5.76986704766442,0.0921007035334536,4.49402895768401,2.95542257454071,3.2244196095623,1.48253918920349,23.2370888750596,0.445055965024445,1.64521363739367,0.0465803334554496,0.243757721707779,2.20208046292684,34.9228032153678,0.445376860718018,5.47928920865372,8.00422491847476,0.639582954581295,49.4157982157042,6.43008423933243,205.244742688026,2.56537663703159,3.35157257848365,0.164249690025935,7.39064566680248,43.1113882198311,5.0988336127649,1.94153676737278,3.66775204381152
1180,Chronic obstructive pulmonary disease,5.35305187594743,0.645848407615175,4.76584723611616,3.00640345057618,0.0100978212982459,13.4795884492672,0.651193237617935,8.06042598241449,3.69349332216842,0.794545206954022,0.0492544283442253,0.197077324586228,51.2313394395565,0.0290561666707401,1.15572089395194,5.83657953448339,0.0388600064284957,1.16551115495283,0.371351322550237,1.64413812509503,1.22826935026777,0.321603722759886,52.6101042995689,0.0473406136059378,3.93710720189543,1.26034878139158,1.32817599387482,0.0590550005367666,4.14845294187501,2.11422903747959,12.6388529859341,0.659799364242994,1.18241728822767,3.86498637978753,1276.26440380929,13.105458531546,0.106840825035937,0.553471836243667,1.16233257708477,2.05380536467986,1.62823376622279,5.98403347452444,0.222104613447541,3.8745086062675,30.5176785151077,15.7280480295468,4.36279653118087,0.111803213814604,0.975092203821502,2.15933990912395,9.8060978110435,0.970306642582508,0.145924319868442,0.661740846785406,0.257526348913335,0.294400214481803,10.1182109194913,0.18483371459948,1.31602716988961,16.954724917617,0.20440428586776,0.227622901149451,0.531809209900675,42.6669612928775,1.69054881932673,5.94195464656966,0.0177725451259302,1.20694708532816,1.37735863440655,0.196194649912456,0.113564350137299,1.7781521358719,1.88389845003798,4.92530797412151,0.132605336647982,996.360907858343,79.4125749331153,8.74909147742552,1.44716442902152,2.13207131063996,1.47709914774302,31.5396364993949,0.601663136576608,45.0554939127173,0.370395901916101,6.74675581475857,5.36522401846521,0.0491553141603004,0.0364333731069287,0.929504141768071,1.72361011264617,0.293068093347017,1.03537359153605,0.761547212961502,0.417252866705914,0.737002356021318,0.376647742175855,0.217284679785162,4.89190635811784,1.81499018755682,7.05134386210258,0.221099992834078,2.77188914631136,0.116962748078655,0.282090301899156,0.166623844691351,17.0278518220541,0.0362461461286753,0.339726283087897,0.0384111906297316,5.35940632696848,2.51356880947835,29.8360064535529,0.413284936595813,21.6852857510563,8.11007646524766,1.90951197099779,0.411258642094566,1.96337895009102,12.0226043761678,0.779914373570022,2.59925014363973,0.283564030535266,0.179359906443413,69.3934961894785,0.491565719879815,3.97440194783323,0.861790116784142,2.59722213837138,27.7392851191464,9.35566179111476,4.17458895976473,1.12936337120833,0.0576050953081272,8.41040006395981,0.523181791789361,7.08900899637318,30.7226591362348,1.87822952755237,0.0356262631040171,0.0103166623545397,0.0757272376262725,0.0485005678454954,0.329181880793565,1.55578655401018,2.8789009615923,0.0246029793610596,0.778719836003826,0.282417534383301,0.936098646110277,0.592442747857445,0.223444167337794,2.27345495395333,11.7758074979911,1.17953503472548,15.1063325930456,10.006093478326,3.47271198991164,0.0652773228636779,3.46715818965062,2.35327541070758,2.18766167536431,1.01470921397054,18.4774807423542,0.32050775878179,0.937047383221834,0.0359122592292564,0.147955691921662,1.52026431652302,31.2534972365434,0.335997371990762,3.35071767072651,7.56376765590256,0.397197724440984,36.3880804735536,4.00580721971629,168.05684621409,1.67622631367194,2.06094150478734,0.11772420903233,6.49493932875804,35.390091585582,3.11176184914032,1.11269912187664,1.67124199793322
1190,Asthma,2.85160312059663,0.13826103402694,1.92662734178812,1.67684342556883,0.00163414198992955,0.324624970741747,0.00123425876096311,0.371536446565558,0.0780704089124142,0.215680185917154,0.0101467548136395,0.0399171717107521,9.77714894846608,0.00875529725238733,0.0306466276968787,0.101136580861613,0.00696384985228449,0.725070161140891,0.0571041973757359,0.141669754527243,0.069618720081737,0.171248815856209,2.71663382273062,0.0113719551571284,0.0346698351497671,0.920135201350132,0.678002638448749,0.0221048999874293,1.26530833887887,1.38108406098653,0.262656246764272,0.416463581238057,0.922663783697551,0.35869780910928,25.9846148346742,0.300336882729937,0.0449448032112049,0.241528027589069,0.0617933567692481,1.3299004500506,0.0847211235719928,0.315881454405717,0.0315486876242667,0.232776609217963,1.40605570334935,7.4184525637146,0.0936129145163917,0.0555509851291928,0.315302975355324,0.0713019093873929,2.7191591261097,0.128280095627218,0.0593713452415197,0.27582647550901,0.0285121562761236,0.163215294863803,3.59660684125218,0.205685056499107,0.0725557079482785,0.786409276481198,0.0784174202496908,0.128839357151198,0.0746744286345167,1.1205325943966,1.12451561636016,0.0387521715609116,0.000579873714820114,0.189152071925574,0.86363879268172,0.137236630285234,0.0140665669546008,0.868036297533793,0.195302934746205,0.168692343437228,0.00476149932369819,199.677566299889,25.0231765244648,2.68711663517173,0.664269683539781,0.077039138206531,0.160680788636583,0.494425418404148,0.0869603825019946,1.23487778694251,0.0913017921388569,1.32888541759788,1.88546900025696,0.0205760927375258,0.0192255350575441,0.0501536578765533,0.625921383093883,0.0317047360178522,0.116560308857653,0.391317603087521,0.232158010388593,0.358086117483891,0.0357925582094493,0.00476690283242779,2.73514021120322,0.844013072924572,1.12603741488363,0.0257015720478925,1.83071231327963,0.00847084381020388,0.135135107644292,0.0690819960430466,1.17306060101902,0.0120219796879692,0.0573385976341596,0.00224095524971188,2.54756643311641,1.63960804411402,8.51897543959519,0.192748136434168,4.19384067082379,0.159531436730233,0.0958808970557389,0.047300819822313,1.38495242584796,6.26875483006797,0.0149924094238858,0.0916652810706617,0.0739412389362866,0.0596575328110206,15.1594976574076,0.0414750967081493,1.22260724047741,0.0913873450938372,0.265682180731007,11.3758406553771,0.664697538215883,0.159582229704902,0.086260561929186,0.0146353625618998,0.997212592746358,0.0241104844248469,0.210060681759084,1.2540817644387,0.751580723215372,0.00615377463442902,0.00175664672231288,0.020059306325565,0.0212040537204884,0.0671446998438943,0.807769904213238,0.335034010459474,0.00674350955183476,0.503230755715889,0.0207438075385002,0.0519031201855899,0.016468079684235,0.0702839202731476,1.52284657267413,6.03917143931967,0.636643456179678,0.835372822974851,1.8834351092264,1.93187897990927,0.0140325749922035,0.10270742199538,0.0574171549152274,0.887000039841332,0.243934669305676,4.23376084944261,0.112316710182012,0.557613619063326,0.00842646332320798,0.0492824573690384,0.584590404416438,2.44448884877414,0.0651714105168723,1.6461021226728,0.123307571641933,0.138368705803642,1.59236468060827,1.92233416195623,3.64617275021777,0.110841150563782,1.01204028715153,0.0371214618567536,0.360480383130223,7.00429294874574,1.70091210745292,0.668612171143206,1.8865656110071
1200,Other respiratory diseases,0.241595094983405,0.0599158018812765,0.264152595407298,0.343271501887127,0.00716685941093246,8.12749878762781,0.134473535822888,2.84731963399128,0.303395635750139,0.0720900912405656,0.0179404224717457,0.0266471326479187,3.79367534097384,0.00850213067414281,0.0537601165507455,1.22054876512081,0.0120695199231241,0.204728354244706,0.0206837576387514,0.861665397826785,0.0506603471339255,0.0372377067070954,21.8513644814256,0.0231675836234448,0.489024831550128,0.268736637103412,0.173634934941617,0.00788075603022154,0.11292356871798,0.426870225302236,4.10689052227259,0.0725748163517868,0.235912084999488,3.25573149919594,20.3072714121,2.82635187840833,0.010419222296345,0.0502663005304304,0.316635819907182,0.402216549104281,0.0696505121874533,0.371749944487198,0.26161665381348,0.528259711096488,0.358729275742212,1.77371752683477,0.461974165370426,0.0117201487701348,0.0884142170632298,2.32691806329066,0.62832440156234,0.119459175275397,0.0173766643616692,0.0530280560131674,0.0582811444520396,0.0356458490741614,1.05550113045278,0.0135250312628402,0.533835999132448,6.18251662325958,0.0186423473937332,0.0339637442016949,0.57922642537382,7.01787732321774,0.408449045686624,2.09353374869581,0.00558565611647488,0.444202055850087,0.202863611222419,0.0279266707179748,0.0394546925351333,0.382454156601998,0.260873870139689,0.459424675170484,0.0182475906830319,63.7177639444597,2.31704618053727,0.644872802370668,0.382924244188587,0.836863647710444,0.557868159312845,9.13993988619803,0.0642929407751588,33.6419540428869,0.0975909049550768,0.41810009446339,0.52287190261724,0.00381001160933617,0.0392743276872465,0.0193202187701317,0.0596449479231349,0.061074871729242,0.141869972273589,0.0655424876048568,0.0681542287963316,0.0425290051642997,0.108583413550993,0.0319182318995893,0.890690081117009,0.183735278020222,0.472295106739389,0.0212707749302845,0.494844292934858,0.0429123333687808,0.0453787813891049,0.204103899274217,7.12468840895406,0.00272822841847642,0.0473185226341511,0.00232844919630865,0.236707998997322,0.347643685538024,0.809022764790873,0.0449946853100973,1.32575101504991,1.19120744830038,0.419257390749514,0.231125455707185,0.376118591898744,2.09487035709052,0.156744387012054,0.372466843884151,0.0962395798459235,0.0284932173939922,4.4841592555436,0.339024589746264,0.329923486873051,0.215190017687607,8.88467367702125,3.91093296706317,2.39693540190733,2.9369116666921,0.405403900278295,0.0134082299189748,4.97042271100962,0.139523258988407,1.58662262033525,1.1998928368895,0.203794141984857,0.00583860985735398,0.00913803100274426,0.00583967687486565,0.00681676506679299,1.45364655338567,0.224195554636047,0.653884399034549,0.00057229197489334,0.138886124735944,0.183938061880603,0.171752434937766,0.0924284168642148,0.0140889361143562,0.323294557894308,1.56183562556473,0.135242971346929,11.9092982478229,0.604732577478785,0.36527607784351,0.0127908056775721,0.924163346038002,0.544730008917904,0.14975789435666,0.22389530592727,0.525847283262782,0.0122314960606434,0.150552635108505,0.00224161090298523,0.046519572417079,0.0972257419873788,1.22481713005021,0.044208078210384,0.48246941525442,0.317149690930265,0.10401652433667,11.4353530615423,0.501942857659915,33.5417237237186,0.778309172795859,0.278590786544783,0.00940401913685193,0.535225954914218,0.717003685503426,0.286159656171673,0.160225474352933,0.109944434871196
1210,Digestive diseases,7.10479672002251,0.391695950321654,4.93955962260806,11.5225730121252,0.0176024861670025,17.1931746892783,1.30416203484003,7.36826477980064,3.35945755602185,2.25312032332939,0.154175132294054,0.261621421455556,34.1867371501035,0.0705648858418696,3.31767595975771,5.08464098712682,0.0830032898242053,4.54115939036223,0.251546927856686,5.2681873080641,1.30247979847265,0.506081927503383,77.6832869016681,0.0542140440294585,4.57966706060289,6.67852165165765,4.17497773636537,0.158865337211718,12.2209024331376,7.73325573548623,14.9782940808066,1.88932700257247,5.522229113303,10.1413664087868,277.753665501525,13.2553306455151,0.325505095664373,1.48030543662349,1.75851496989618,8.17381118468734,2.15646603057962,4.22529874902207,0.282228103878021,5.53746823821412,7.69479819209362,32.1368258641247,2.47273678676265,0.52710504423087,2.92115442343694,6.33361478831737,47.5745028635937,2.21834528840588,0.374798688637612,2.02370026587546,0.872743616830717,0.530682600252104,37.0197727265906,0.144395126338225,2.75429662074526,29.4680179307503,0.601927279764923,0.667318982313496,1.91777599988678,46.6831272805099,9.58718862137483,4.12654990120728,0.0234665663923798,6.94578492922816,4.15529600679729,0.709809139466725,0.284454033216332,4.94234789852645,3.2721839571481,6.60182250733075,0.0802457557682965,438.690173723274,125.404497472675,8.19348328918131,3.02187639704594,1.19283657092871,1.84384566631315,23.7893425378489,0.582038762445819,64.7565101682884,0.634367023225079,8.52975122386026,15.6596451623917,0.0533802861623662,0.245696155171698,1.81346434264627,2.15510997473471,1.24349631938071,1.07045367270038,1.23219582891309,1.40110748614201,1.28428631007859,2.22608921909759,0.215305011952777,8.86508200192029,6.79956199754558,11.3783248233495,0.0719785543768681,6.60755740216186,0.158004453131306,0.93907465034494,0.4814008812168,60.8700494010648,0.0349285694887317,1.41697955444342,0.125329008033313,6.09139380692421,8.36410089602185,19.0815264076032,0.662886177597536,8.81890545896542,5.30056457042904,1.14371716443083,1.03817006062668,8.73368557818809,54.8835812576457,0.628760402762081,1.45382940631572,0.4505327458727,0.290133718189339,69.6966354573892,0.918210119168049,0.819029196192575,1.49431813834075,13.3210251864716,38.592253031017,22.9659957904411,5.27810138517528,1.39437040006592,0.211330363220878,15.1979041660189,2.74146993158353,16.9905482802489,96.5344051101426,5.58463485344559,0.0480364539380892,0.0328311399307481,0.0462869082555131,0.071218683208217,3.56476839108568,4.42994241572496,3.33733095253255,0.0429804964919726,2.74470444486035,0.682980321594598,3.51463637211266,0.906966251630336,0.225421314696778,8.52181969142915,18.0495148049357,4.34946135676111,23.3594414509166,4.19581167935584,5.78418810920065,0.178345314181948,3.17334448503789,2.76944595587716,2.32967974104861,1.63601795410964,38.8179503441656,0.392967934022789,3.23418775304039,0.0418442311830399,0.374854795275732,1.60583111543226,13.5174829165915,3.1182059611038,9.29095297359949,24.1396559198249,0.426110734027248,32.315044626623,15.3951654942491,136.846702608663,1.50455406199863,10.3875194255632,0.107988259200975,8.77922351427487,31.3331077828838,4.57025089330887,5.07989703260473,4.947565442815
1220,Peptic ulcer disease,1.01615377094708,0.0366640449539194,0.567480333275314,0.925955959206265,0.00126293642352833,0.398102474526382,0.302726031396135,0.268056691545014,0.185105513957604,0.133818267915603,0.00930997383985092,0.026215450204887,1.40978529209396,0.00775213617565205,0.282297989418613,0.185536127614442,0.00329127343921778,0.415163801106365,0.0316111535250667,0.351197501827624,0.179390157022329,0.0530213437398489,4.48033853703629,0.00510612370636988,0.289336098675634,0.736759354688234,0.502741095643883,0.00917070820046728,2.66689371410321,0.689051656070469,0.588500160008009,0.201922482687274,0.543473176529234,0.285107371335374,38.7693143382496,0.984802598103234,0.0330441863606731,0.110748528527298,0.0921047147241563,0.741942734173459,0.215878955469384,0.479861923208971,0.0104669992933718,0.46900307989151,1.46770069117726,2.66394556774563,0.278998564499617,0.0545122605482652,0.198150981436701,0.206511194743134,0.690543357563289,0.203229881179188,0.0285698888314641,0.243869338941959,0.0638659935396568,0.0489324934360815,5.90906313857512,0.0307549131338401,0.187826883659532,0.871122083441543,0.0408877419736379,0.0811111309082212,0.445682511524893,2.76262684302662,0.561552913787327,0.595726199739013,0.00336643031729357,0.625405893013017,0.45293516404336,0.0818161879568151,0.0428490522447723,0.625159099562175,0.379673376686212,0.714065521109574,0.00313048814282942,58.0814451584952,0.490708816928416,0.962719247682501,0.161862313891271,0.0613370570684285,0.0168793642163686,0.708609841647885,0.106125969026964,2.71051899205569,0.0408986503165961,0.467225181700063,0.93848674183509,0.0128672768251001,0.0100174156444303,0.100042988580261,0.512474611656389,0.130854565051596,0.0569112127206516,0.160268737845591,0.123476702370399,0.115061489702113,0.312567454572056,0.00802354274408923,0.91238456664301,0.605203393266035,1.31048264155649,0.00636245240584773,0.794002838392489,0.00854629161191028,0.0724565340132937,0.0126574996607283,2.81900624451514,0.00748181571164105,0.131229129142552,0.0166037263820415,0.761085149983066,0.822868361980827,3.73022281244434,0.0658241061090699,1.69678028044444,0.134917459157728,0.0752587924361518,0.027834887105206,0.869591513017967,4.1184804804415,0.0332911540653272,0.140014846717968,0.0112998950137085,0.0195360211227765,9.3212331642003,0.0295382473601831,0.193161765207074,0.0573495301799983,0.436439346819912,8.24299165215227,3.8240399503898,0.222425325002009,0.0340905704589464,0.00524103048942052,0.535521366753622,0.168690675212232,0.576631032764125,10.9949007622186,0.631376771760806,0.00324569810466865,0.00510954374635735,0.00963413504274836,0.0028784564112199,0.133023962137474,0.466725785411344,0.370563334875598,0.00612550969236321,0.29020990254022,0.037358168027953,0.282754900211921,0.0549771397784106,0.0345138939692521,1.06888543236137,1.91224933968147,0.483100868210111,0.491899155940695,0.0843806175408112,0.657736042225106,0.0162470348824743,0.285892548597104,0.100165181297851,0.088035109338572,0.127996350511257,1.35318751481527,0.108572801401399,0.340510323324935,0.00847954853981997,0.0445881666350811,0.163411971810147,0.705465807852029,0.130416086828717,0.857301175651399,2.05827337091877,0.0278125214999142,1.99860132802053,0.907890435533288,4.00907419994097,0.069173334352332,0.783071072156786,0.0247978660727608,0.586459401147063,2.20107460387432,0.595908646178371,0.322661223295549,0.515405307607705
1230,Cirrhosis of the liver,5.03790163494361,0.193962386996405,3.32443576229277,8.18799021615627,0.00336538574963985,3.71427246000884,0.474230750060454,1.8017325528952,1.46752840101576,1.74642194950841,0.0813247120646414,0.15380533957152,23.6964325011271,0.0246132553493827,1.59206444222494,1.4029946323945,0.0546841450191894,2.52080824258511,0.150964491184743,3.26220251607268,0.563737346631682,0.265332476290101,21.5100074708505,0.00857206409589091,1.99206055537186,3.56735451273986,2.444962232148,0.104886267676263,6.9990255976753,4.31630965069704,4.85240045978796,1.28765320177091,3.32010885656417,3.02132865579585,152.717805194756,2.69392128100782,0.182121082589346,1.02189668799029,0.369340178983811,4.62518380568041,0.950748772138643,1.64189543861495,0.0736228485695261,2.42375055795274,4.39278458794676,21.0490484170433,0.779036189569757,0.305080268438093,2.17270944411099,2.63574436640148,44.328699048372,1.32650395408555,0.236228458286255,1.1922418222059,0.48564688995867,0.316981622979786,19.7714101260921,0.0627307589226887,1.26658360656903,8.06855869955365,0.423452912598486,0.310162537467064,0.453230242213226,16.5347367075256,5.45662498320795,0.748648861592355,0.00383107900325886,4.46486787305626,2.39612460772718,0.400273365381344,0.118318231183159,2.76109251200166,1.53582089692588,3.17262174853319,0.0139604957958031,266.953328812219,86.3631353150846,5.36531643680365,2.28912518801437,0.307375520521177,0.310430940728925,5.46698036587579,0.180169184796248,16.0596198850557,0.335737092505475,6.26355031400554,10.2770623073756,0.0269829168390115,0.141865817520104,1.46477698898262,1.14559003850076,0.523098959951304,0.623923293372813,0.703706340076255,0.822241093547006,0.915544023907265,0.835649090019711,0.0776626895006769,4.84162247163698,4.30213796942293,5.57819202639728,0.0352830003909322,3.17175470888716,0.0340512614052962,0.508597496295668,0.190585644258535,27.0980367120887,0.0178063168456043,0.914229991301055,0.0458597636415515,4.16984526983428,3.47730994908835,10.9129607199764,0.356778381955913,4.96663887674606,0.990802743382705,0.168528172809494,0.420058274183577,4.83279342405906,32.9529110566028,0.219721092844882,0.241810509951165,0.28821790371407,0.225437056191129,44.6535256499133,0.340448486439552,0.391991878895832,0.440640111720115,6.63397498965691,11.9298444498965,9.74482915605141,1.13370549294492,0.345292149168689,0.155282669544274,7.0394756469358,1.96512599586057,9.76642462881773,45.4801130136461,3.31332746806117,0.0280270581549357,0.00428736757075238,0.0226727106958537,0.0531181112766113,2.81916040746985,2.22213845805525,0.84087813443447,0.0252497012873241,1.52210045281211,0.200616706561682,1.91230536333583,0.43472515002906,0.15520872416878,5.14768228675162,8.63312382954132,2.58097968197588,4.29151973532916,3.10302752202262,4.04307575605461,0.0897339685242307,0.768678976657544,0.587861715662328,1.78696938925701,1.22272428567153,24.2751485551848,0.161596312627683,1.69841018302157,0.0196669136182827,0.16529562919813,1.1142449872023,6.9649319485933,2.64646308588039,5.96388650798876,14.9496006285081,0.290800683120454,9.15097176037094,9.22018037785915,58.525405895433,0.192620319548013,8.31255725136475,0.0541821813063128,4.45281782214719,22.3443304218127,3.2274791793428,3.29548170326771,2.65485416110763
1231,Cirrhosis due to hepatitis B,1.21788644475927,0.0906635342581664,1.22988541633078,3.28711136904939,0.000192253876911019,0.0998773944842943,0.0605328995930858,0.077861942471688,0.0494697185341999,0.211185023384219,0.00448235490585029,0.0314379973156619,14.9742279362072,0.00129794826076604,0.198914655410636,0.0433955347746737,0.00299793362650342,1.00896465790614,0.0368061897454076,0.173758620086648,0.1814997678409,0.104706975956439,1.79090544170189,0.00274555262640834,0.376160691873186,2.63256813885495,0.68902702507022,0.0412338048473405,3.06778464804794,2.14358141078269,0.325055237315611,0.518467342476302,1.3266179578696,0.186870577908389,99.6461763383013,0.172413387142802,0.0730353041560831,0.409421977032475,0.020842032543134,1.84398486029889,0.123148258551346,0.173032872927595,0.00868654991466136,0.317089865231897,1.12588603956546,7.07411811419174,0.00665183858110751,0.0699430412311992,0.126034076996977,0.125337406772019,1.70305170784506,0.075717964321732,0.090512076943428,0.488414761479503,0.0176850052499196,0.122291221681755,6.35466703808065,0.0199042828069651,0.0106629468135829,0.484288768929588,0.13126354990679,0.175366057356095,0.057711669349032,1.35446655662645,2.41419599280507,0.159762047624993,0.000228468579770289,0.27395603004771,0.961195337368211,0.160618283524136,0.00707326591782223,0.176720348778725,0.0901718412750384,0.178161577764856,0.000350887109111818,45.7524869861398,19.6877198161646,1.27056036473674,0.501902406897372,0.0346747432907664,0.0260357478807087,0.677221694141336,0.00963007604387531,1.81420753274774,0.0686303372177407,3.18364782000708,2.60761705915983,0.0088657633653073,0.00963080051454358,0.187247327768436,0.380161639542669,0.0652060286517907,0.135566845668788,0.27897953159425,0.321684854185946,0.201926555350892,0.0387305583752669,0.00925563041105798,1.94978826590172,1.74314424835608,1.33199578520218,0.00883121623079908,1.6020086988534,0.00388451165107145,0.195572212464586,0.075545156972956,0.217685580636333,0.00572441451092657,0.432901249702141,0.00582568455166385,0.992680157210294,1.37345984668699,2.8684512878923,0.141230432438265,0.849512948902585,0.0664680944948862,0.021173656187753,0.0249699561833988,1.87423055765904,15.5488798698945,0.0333412605885907,0.010066079388802,0.105000338017347,0.0470172652453252,7.74240559834298,0.0187307655146851,0.130142931514036,0.0287358423159468,0.733032483227859,3.95632737316484,1.71654072307794,0.0287946051668116,0.096167556174583,0.0227121204300685,3.59270575665137,0.243647935189913,1.87981496567089,4.41755271839829,0.510104465736773,0.0015031962333621,0.000255913539720513,0.00732116816772415,0.0211257478057333,0.552629790615969,1.78753928169114,0.183073996270611,0.00981844660964793,0.608161222841354,0.0640160819083045,0.0367511105418662,0.0558198372339487,0.0518703682213057,1.18547375080421,1.51689584860181,1.03673196139773,0.322582356827532,0.0603795480186141,2.09188711110243,0.00490829275250274,0.0203681624141507,0.0539569768201155,0.394798038784463,0.164251895034698,6.73383540027095,0.041213667285751,0.688333050743337,0.0061676092811019,0.00892382021676093,0.311612708507758,2.48544471714893,0.334319459233923,0.748863324341293,0.81333749175866,0.0650759964823013,0.284589256965539,3.71648169491302,1.67167361326025,0.00339680906434042,1.04181179330357,0.0178287442210484,0.252664269102338,7.59606744391094,0.730482243397944,1.33440365681309,1.0724267690308
1232,Cirrhosis due to hepatitis C,2.200369352906,0.0107175967985187,0.573100772041376,1.5197001822396,0.000709892191583206,1.037580137181,0.0924548342287673,0.428804969651305,0.449044919192743,0.336173857094561,0.0169625778741523,0.0566104331781369,1.60685600087916,0.00491477072795232,0.308389369009561,0.171214797124116,0.0115549813386126,0.468460521870346,0.0313471736322654,0.65800877259239,0.103031992593579,0.048968192287179,5.99336850364086,0.00209621601433293,0.371604181597253,0.521734074109219,1.30763192528677,0.0189540774260699,2.3264827152549,1.21925430927355,1.43475570068826,0.238669263105345,0.614970456075113,0.673037992390377,10.2974500154642,0.175881951723496,0.0337558058667046,0.189233420679655,0.0767691150953164,0.85554313787466,0.189747777371531,0.571606686238773,0.0134475643385479,0.36218430383552,0.957069274253662,2.2135939316355,0.0262735199600923,0.127483085634555,0.469777590694246,0.468981592026183,36.4458581188281,0.278911913360859,0.0420006815637145,0.226265846003938,0.106075758042622,0.0568410575066836,6.16619185628964,0.0155175388477599,0.0528864655331845,1.61769262915266,0.143205074555981,0.0267065008803812,0.0902099074798532,2.54185074930247,0.257784674554396,0.192800925196936,0.000813929126217037,0.119316052371196,0.44627649287099,0.0742626592269668,0.0264257158894581,0.664325093595236,0.33754622054636,0.734475892046051,0.00185913006697748,39.2239113915154,44.3831010114221,0.428135897738953,0.902931665443297,0.05421658714165,0.10034344065277,2.18336944902967,0.0364225279687067,7.47083485735219,0.125008302872733,0.785474404912622,0,0.00692168252521983,0.0580308321527294,0.291003013501378,0.296552452744427,0.10302881901972,0.23967011573663,0.13085065778035,0.148547022490267,0.364504686729848,0.278969504928753,0.0143521570206509,0.899199698956949,0.803942355223382,1.06823187460778,0.00748858874377922,0.454143600824398,0.0060227082025583,0.0902937800883616,0.035012983744944,5.65786743041143,0.00446287064822414,0.401217992045823,0.00916228024863519,2.29386894078004,0.642031853386015,4.36508686289245,0.0656665666077365,0.520052534912615,0.0728315928233431,0.0440243599750584,0.0923173304073459,0.866523008982569,1.59965936292302,0.01821631374513,0.0358753201095683,0.0802471021195918,0.0856782426117654,29.2510075966071,0.0722606312689558,0.101440340914464,0.102505478735763,0.61728853536211,3.07087965836814,2.16460386675655,0.168046477978154,0.0723668284828007,0.0390595466680138,0.471822296175444,0.381314012035014,2.58179796454325,10.0268712088024,1.52671816876116,0.00582106192165836,0.000945175790554574,0.00572377709963742,0.00976452183419742,1.10470190800858,0,0.0856389059156531,0.00458217686843268,0.281924734224821,0.0337598939214472,0.0732377285712155,0.0864820405067904,0.0405261493106613,2.16274847754803,1.85527048755058,0.478323812127865,1.31927456752719,0,0.0751276258902997,0.0191742713603624,0.173993147514783,0.180844078236071,0.711487317870902,0.258109622268756,6.48259015599458,0.0350496038092908,0.319332974581487,0.00481877854083701,0.0333105999645341,0.342838726388327,1.08884937192414,0.526472694940949,0.289116882645809,3.36565489980108,0.112672513283828,1.47597257116951,1.73215455346929,20.3902340262478,0.0458066317257804,1.63717067294768,0.0138863816708003,0.949039901859503,5.20712771025737,1.31771754480189,0.618588700083834,0.494476572592397
1233,Cirrhosis due to alcohol use,0.20826712747445,0.0614951317662696,0.233066216658369,1.84545733388605,0.00161460306934363,1.66892806757015,0.220065490913016,0.740991474339428,0.57123689042925,0.72531750545539,0.0358331114015735,0.0118624971681401,3.43424677555326,0.0109362731846988,0.721716066790958,0.705159588501674,0.0225772598492169,0.506398992139918,0.0460037010828582,1.39325568115034,0.19361942500445,0.0553071027588205,10.5904922949223,0.00264681270051766,1.01502274671595,0.165128920037644,0.223732129845214,0.0273931961367733,0.968465061044132,0.384050253248682,1.13099049304639,0.287458646743587,0.623267299179601,1.40740517207124,27.8195706435412,1.3799281825976,0.0396324102819311,0.250150554522326,0.163564954365592,0.997920734529702,0.511237033349478,0.501140965097515,0.0309214936651249,1.38277215893814,1.88859836097664,6.94087599320491,0.488078216157023,0.057417365325863,0.959268224764213,0.903675656277038,0.754311644034205,0.576909842856908,0.0578396311059028,0.272010802738235,0.249979426372793,0.0681386735926482,3.90748913612288,0.0162650263353023,0.790989894772025,3.74877774944156,0.0861375824271559,0.0541985535636427,0.225044100570837,7.58567850653232,1.44356654061621,0.200316213529099,0.00193273730333472,2.48806697444998,0.456049174086632,0.083991517675483,0.056355118157488,1.25720047219924,0.661957308333955,1.85232381536092,0.00714058658310714,110.477163425284,10.6213022918306,0.540669911945481,0.149475199011132,0.125689351934894,0.0778396482739139,1.00227405746305,0.078616738761129,4.68921344963302,0.0214196520705789,1.25283323220376,4.10884524124756,0.0064426438813699,0.0184263708430149,0.680768278640966,0.298003367180601,0.235178472732555,0.0460200001602991,0.151125357899487,0.170528919356144,0.058096470960746,0.338568155823422,0.0334708483212901,1.06817037124012,0.929415811090687,2.17571684225772,0.0112227296955479,0.478433351557909,0.0142288526366634,0.095932958412977,0.0556711487010925,12.2753701563667,0.0047578568143695,0.0122388605176313,0.0238665732185142,0.122622891975645,0.64014633855274,2.42507163470745,0.0811482169020945,2.39193995050785,0.526097891425438,0.0533376737777827,0.1901596780751,0.855591267766587,7.13713829934996,0.137762263962064,0.118234939670214,0.0186067104857783,0.0164940159077653,1.80669226441262,0.141754333093491,0.110598188988159,0.251853659496989,2.94668329631706,3.17165578887192,4.30033850401464,0.611059085633024,0.0642758471122185,0.0203317207976983,2.47924887943882,0.858290439461846,3.94561508848945,19.1891743789354,0.710056602998212,0.0118987064424164,0.00209539802185777,0.00596110035951972,0.012340220124116,0.212205408571411,0.192610482638835,0.45924413283557,0.00666538583028389,0.304587753039017,0.0531244248620001,1.49359021072303,0.228175819208053,0.041474962558692,0.883108699183794,2.48945836665665,0.576949651698391,1.65705447538745,2.12885048627055,0.229089798467421,0.037525157453217,0.412559386846328,0.199386172595564,0.104639481993237,0.499264743910054,6.7855023760869,0.0502333992993917,0.392425078711188,0.00501025081623396,0.0734843439240601,0.0715876849467879,0.729598924516942,1.11195954658193,2.86497841363621,6.98037925676255,0.0221083454627823,4.05182727940267,1.93635348457236,21.9436052518489,0.0952596940156633,3.54821539318982,0.0140313531897653,2.03306069976512,6.69573046531815,0.165452879272338,0.73050277800826,0.594240170737025
1234,Other liver cirrhosis,1.41137870980389,0.0310861241734499,1.28838335726224,1.53572133098123,0.00084863661180199,0.907886860773392,0.101177525325585,0.554074166432779,0.397776872859568,0.473745563574239,0.0240466678830654,0.0538944119095812,3.68110178848752,0.00746426317596553,0.363044351013785,0.483224711994035,0.0175539702048565,0.536984070668714,0.0368074267242124,1.0371794422433,0.0855861611927524,0.0563502052876631,3.13524123058546,0.00108348275463198,0.229272935185468,0.247923379738049,0.224571151945789,0.0173051892660791,0.636293173328331,0.569423677392119,1.9615990287377,0.243057949445678,0.755253143439851,0.754014913425851,14.9546081974489,0.965697759543919,0.0356975622846274,0.173090735755829,0.108164076979768,0.92773507297716,0.126615702866289,0.396114914351068,0.0205672406511919,0.361704229947184,0.421230913151002,4.82046037801111,0.258032614871534,0.0502367762464754,0.617629551655555,1.13774971132624,5.42547757766458,0.394964233546046,0.0458760686732099,0.205550411984224,0.111906700293335,0.0697106701986991,3.34306209559889,0.0110439109326614,0.412044299450235,2.21779955202985,0.0628467057085587,0.0538914256669448,0.0802645648135039,5.05274089506433,1.34107777523227,0.195769675241328,0.000855943993936808,1.58352881618737,0.532603603401348,0.0814009049547587,0.0284641312183911,0.662846597428459,0.446145526770531,0.407660463361368,0.00460989203660668,71.4997670092791,11.6710121956673,3.12595026238248,0.734815916662573,0.0927948381538667,0.106212103921532,1.60411516524174,0.0554998420225366,2.08536404532273,0.120678800344423,1.04159485688207,3.56060000696823,0.00475282706711445,0.0557778140098158,0.305758369071838,0.17087257903306,0.119685639547238,0.202666331807096,0.142750792802169,0.181480297514648,0.291016310865779,0.179380870892269,0.020584053747678,0.924464135538184,0.825635554752784,1.00224752432959,0.00774046572080598,0.637169057651446,0.00991518891500303,0.126798545329744,0.0243563548395422,8.94711354467422,0.00286117487208414,0.0678718890354605,0.00700522562273821,0.760673279868292,0.821671910462614,1.25435093448424,0.0687331660078168,1.20513344242301,0.325405164639038,0.0499924828688996,0.112611309517732,1.23644858965086,8.66723352443533,0.030401254549097,0.0776341707825809,0.0843637530913531,0.0762475324262731,5.85342019055062,0.10770275656242,0.0498104174791737,0.0575451311714157,2.33697067474988,1.73098162949162,1.56334606220227,0.32580532416693,0.112481917399087,0.0731792816484931,0.495698714670176,0.481873609173801,1.35919661011414,11.8465147075099,0.566448230565026,0.0088040935574989,0.000990880218619519,0.00366666506897245,0.00988762151256456,0.949623300273891,0.241988693725281,0.112921099412636,0.00418369197895957,0.327426742706912,0.0497163058699304,0.308726313499718,0.0642474530802688,0.0213372440781205,0.916351359215585,2.77149912673228,0.48897425675189,0.99260833558699,0.913797487733456,1.64697122059446,0.0281262469581487,0.161758279882282,0.153674488010577,0.576044550608403,0.301098024458024,4.27322062283232,0.0350996422332493,0.298319078985558,0.00367027498010978,0.0495768650927752,0.388205867359431,2.66103893500329,0.673711385123584,2.06092788736545,3.79022898018581,0.0909438278915425,3.33858265283322,1.83519064490448,14.519893004076,0.0481571847422289,2.08535939192369,0.00843570222469882,1.21805295142023,2.84540480232618,1.01382651187063,0.611986568362523,0.49371064874741
1240,Appendicitis,0.149197857321057,0.0030460918513588,0.0560612246973208,0.123928669576859,1.5037985674916e-05,0.0735600982506189,0.0027939747495611,0.0300619688360466,0.0118277611152203,0.00797641938158308,0.00239045196758183,0.00160526430752064,0.877662841491593,0.000904578131197916,0.0169568176951078,0.0153858526930802,0.00149349345561312,0.0418683901369361,0.00493061095809015,0.12833769063166,0.00940436220053202,0.00562890898367867,1.06449065430241,7.19409955215117e-06,0.0149736149023147,0.0771981709536445,0.0634115821388498,0.000344714482419942,0.127555499963076,0.0658455179568884,0.0551067592436763,0.0304656373466675,0.0643361440697512,0.039066662475302,1.6030923200781,0.259373944048354,0.00316272478425353,0.0122818186134451,0.0239738859163348,0.0700579224428349,0.016641854591245,0.0993977898331666,0.00232495782244477,0.0165055428240425,0.0542794837364953,0.481381118397101,0.0125830205092437,0.00578813387770887,0.0564799710705943,0.0885332731165124,0.0398571151235701,0.0462222302142878,0.00362184729155427,0.0231893633697895,0.00531518354427759,0.00717783512910672,0.342245879151397,0.00262829884430959,0.0225449851288386,0.0932917651280943,0.00414098344415714,0.00739923152568664,0.00697476052820485,0.144220003587423,0.133045793333787,0.0104738494937138,0.000423792284452157,0.221030265596048,0.0366005341100064,0.00693785735776968,0.00349456811581785,0.14556068505711,0.082974623538369,0.0454544110522886,6.87598504185157e-07,9.89896105432642,1.03687156079158,0.105033239688,0.00838339891958958,0.00418784030258693,0.00282590956332131,0.0613523740822432,0.0133927430296387,0.177790087393776,0.00321488712472598,0.0196234255990902,0.1183888018152,0.000461144666826028,0.00100606797596096,0.0069504667284542,0.0281938222338999,0.00598880181226564,0.00329294036693261,0.0168921252000019,0.0119813391943067,0.0126285683493904,0.00822193600993113,0.00106335640003735,0.135845610228388,0.0706061047568464,0.0471828571194869,0.000200804871792699,0.0882518074069563,0.00102623569002884,0.00719493712770408,0.00120152280704188,0.755531516886436,0.000312444409209915,0.0122666512059368,0.000345786600704044,0.0755523809976523,0.219267917354298,0.23773755158115,0.00956461320117372,0.179721120107657,0.0311478492982834,0.00635582120219238,0.0137957617884289,0.122880448929045,0.430338331973157,0.0026996602793802,0.016841665852717,0.00437524289044462,0.00125422060068493,1.74778849555096,0.0173687173737768,0.00988824955335324,0.0277292709884649,0.194771685007686,0.456931476637532,0.0932981886379327,0.0186027720564496,0.00904449861260487,0.00111213915746263,0.0688624069821526,0.00489095385182531,0.0201172499869331,0.363542524860382,0.0667308358894935,0.00103148725557946,0.000452003289259416,0.000354055313717651,0.000230784329143659,0.00954963323074474,0.0399991621124537,0.0214146350854731,0.000498717667772384,0.0271685992032134,0.000967967759645957,0.00805684022151986,0.00434215111207935,0.00159924709718948,0.132886463539234,0.257974035495446,0.0580338642269931,0.0849160889076591,0.0141307869464901,0.109146281608304,0.00275703915158191,0.0220737348398372,0.0161636557321844,0.0271314695697893,0.018444905679346,0.140443720139598,0.00699651441198949,0.0296014324844587,0.000293985555886629,0.00656109998824203,0.0142336885061732,0.0637273232680486,0.00720237077007501,0.102189402989437,0.0608135834775791,0.00222063801575024,0.122152084237956,0.215877505922928,0.450467735422464,0.009043743992974,0.034350812817306,0.00119250917225414,0.258525773680986,0.188280037616043,0.0910487666480469,0.0591722249437884,0.0701186084567191
1241,Gastritis and duodenitis,0.0448806491103852,0.00231037877340009,0.0310670198991248,0.251889088277774,0.000350352212558282,0.0685135470539801,0.0281427298735456,0.0155878427108591,0.0374603724392163,0.00190519271271482,0.00224504782134032,0.00405992493195542,0.179120567449781,0.00107310475272978,0.0159796513363343,0.0147355452898589,0.00173981750434966,0.133216571605439,0.00286857802638405,0.0884223260612961,0.013466308436446,0.0138822732120268,0.593435150792162,1.13599463611983e-08,0.0840025919919805,0.223692820124967,0.156348849522087,0.0014398194056459,0.147695150631029,0.185211313239711,0.0735547619552376,0.0527067517708217,0.159252277962625,0.0254146587240452,17.9672233745765,0.546385023579675,0.0128594709142317,0.0344901728349523,0.00433914855087443,0.214419881973346,0.0147043989873239,0.10544484451413,7.27551649200039e-07,0.0176096843985842,0.252387816030608,0.849923284743098,0.0146137195466067,0.0211275465556128,0.0322256482823469,0.0767390479361956,0.120208850612274,0.0247942000940407,0.00886891437404138,0.0835383449336083,0.0081739723212706,0.0119452740689107,2.62556478903967,0.00205219103857854,0.0218632561721813,0.0458682474424346,0.0114511213210635,0.0210404806901655,0.021246682889772,0.564862036762007,0.282325916885713,0.00683012713776479,0.000392848291981245,0.103529107720076,0.116177036169869,0.0221196872863217,0.0044033512747149,0.126933132603795,0.0856272529066439,0.0422766609066074,0.000530240041302239,4.39296933339295,0.0544047197259791,0.0623844494376286,0.0187659925185499,0.0133443855374371,0.0021750807139918,0.1166337394542,0.0202615469085305,0.0806917870801826,0.0010383048149952,0.0226304846675858,0.329170344066639,0.000383723989031454,0.00142736318910223,0.00510493685033276,0.0366043295165567,0.013156390111961,0.00531281496757248,0.0356298964562126,0.0323484052357404,0.00660334665262833,0.0092305458230081,0.000465480910638601,0.422955409384906,0.201430240761685,0.041133755570055,0.00114026208876151,0.240363234228274,0.00105717147431562,0.0244250405030102,0.0018357425351412,0.62975501511131,0.000256110215606392,0.0180931659893726,0.000242538825163416,0.0376495908611932,0.299524245552662,0.266013552696888,0.0168844414843107,0.131481747181661,0.0150932100948457,0.00946851905996616,0.0093040132243257,0.294731829475831,1.11041982460986,0.00595299643538279,0.00627429937713145,0.00477067858835263,0.00162948492390002,0.81104336253804,0.0052608627354952,0.010694211952113,0.0092409175780795,0.409580976014659,0.441228082342545,0.23501183078959,0.00918562465541187,0.00517389939799168,0.00771270093968522,0.0357880913350412,0.0106139094597449,0.158663656866624,0.466626703129712,0.16898410798834,0.000805612914522116,0.000797672816792005,0.000368839814349583,0.000598670885473729,0.00330207324599251,0.126254348511775,0.0336477901664445,0.000496710125352478,0.0792654620102351,2.5067255101925e-09,0.017465133124366,0.0050743687903322,0.00126059879774085,0.358682253083675,0.570264444795928,0.200662447552708,0.0603000054207985,0.120401683083812,0.0515162077071932,0.00281553993652472,0.00830226460286198,0.0214225093430099,0.00945305646391424,0.0212105436686009,0.223637099862569,0.010232523002901,0.102781087224712,0.000377250718709968,0.0212267717607978,0.0112453195503719,0.0450066774666025,0.00338902502387179,0.236537884821681,0.103668893704341,0.000108615963620782,0.238713203366136,0.318239176710165,0.361217796227739,0.0126155527985494,0.0031126348247059,0.00110480426529522,0.180357521914169,0.191090794394652,0.029906841581702,0.103949977300012,0.0735077394760684
1242,Paralytic ileus and intestinal obstruction,0.210110432191537,0.0225126526593887,0.216464723832885,0.899032379141791,0.00112972817596034,1.63336420254553,0.0405783367685943,0.876085919234303,0.256001363707171,0.0881925256224642,0.0158309937110133,0.0194189021343745,2.49488834958012,0.0135442384438825,0.118580701880786,0.534814127756551,0.0063261345857917,0.532428080526038,0.0251481609036727,0.480015052066426,0.12989646215658,0.0766100995901607,6.90433782547213,0.00393580748291056,0.515879396194262,0.778851586682312,0.617179759210804,0.0125225451914619,0.984431698353438,0.860708976341056,1.37689436719229,0.145161922134477,0.59684340729968,0.80270746261722,15.9847462876486,1.30929114678456,0.0515352421909966,0.114860846168056,0.0767908206673577,0.910553684670424,0.200449993988519,0.431177430136492,0.028146766821113,0.311509431905651,0.491364996085748,3.55111395833538,0.218176484061952,0.078607040275326,0.183906986113867,0.3313439647401,0.643583851130064,0.103843235621239,0.0349909060659246,0.260989952358583,0.0328265915937484,0.0588755379897605,4.68354571865705,0.012702848145721,0.19815076108896,4.62650182055522,0.0434625605721889,0.0923066418591769,0.136263663129172,4.14913579562672,1.42012604474042,0.477027848070504,0.00190086522935247,0.335579467024676,0.445499253801758,0.0737607817724781,0.00926557880071493,0.457725723175352,0.203122041863255,0.227412604740991,0.0110762240524941,43.7433653611117,14.6451988670981,0.306853261711051,0.198268851862346,0.0960820749362487,0.171860723246359,2.93838299801101,0.0768234884441261,8.2015940956059,0.0845288891774527,0.258991485968779,2.17788286716585,0.00247296323228103,0.0224889278538216,0.0486034586711599,0.183226153867693,0.0310734846397133,0.0791288362988356,0.131999008905847,0.147819407264324,0.0592477235127134,0.0676211933961785,0.0183693802785375,1.37237134843208,0.875164575216125,1.23677760958681,0.0118046372991507,0.890456237344542,0.0122198386528437,0.12222138844405,0.015856190105044,2.37856366122309,0.00191189565934234,0.0747517280978598,0.012768938796879,0.229079896852309,2.0307407050327,1.62097360240361,0.097775652279213,0.785814766163278,0.708971811374343,0.153590209583957,0.0515021408535357,1.08200844218969,5.84344132998183,0.0709105390329492,0.176852456761105,0.0574897473529769,0.00987728481939675,5.28722040148114,0.0846661962063331,0.0505205326094543,0.153544509212795,1.0756213396405,2.30533718824088,0.505122489888353,0.402412376654857,0.110738002557435,0.0083593207346778,0.894031630574295,0.0421415755140442,0.693032047909267,3.16735129175496,0.760395452963975,0.00411774181743285,0.00392535222395264,0.00314561357848801,0.00478278588401277,0.177206610920657,0.602361781889917,0.330159974309464,0.00579898648003404,0.310410231529456,0.0450560329152837,0.215768538038754,0.0771099395942348,0.00952132621959682,1.04678915417054,2.41416881191698,0.540902103864115,2.45151892283506,0.276596324011266,0.280991554129533,0.0240140259653036,0.306249801938871,0.356184025529201,0.157258320048629,0.107674850147233,3.35956046567496,0.0488904814703086,0.387385552643708,0.00339328352911958,0.034262781698176,0.0588495517874916,1.59798347740843,0.139545629583461,1.21262747792263,0.333327433285132,0.0248747415702554,2.73195414080317,2.60598598212512,7.6063093662748,0.191975202814393,0.36311402982597,0.00712437890539455,0.96852395694512,2.18941649225141,0.211213960629065,0.734809615424832,0.881981891747531
1244,Inflammatory bowel disease,0.0409132546018261,0.0210491370794794,0.0380267243262119,0.0571385278513345,0.00140074793527378,0.0454756835244982,0.00790399364410833,0.10421255463137,0.0554839315994656,0.00787849862407523,0.00183053742963093,0.00118776942162958,0.405151071298063,0.00133618371620563,0.0510829086529414,0.0632941799574584,0.00114119727244914,0.0758964581109126,0.00230245221903578,0.0156009638437425,0.028829999791556,0.00485606657758749,1.00863514228714,0.00134245734324238,0.0233126165076201,0.128690739423355,0.0214255588797851,0.00186541066126783,0.0426540288385807,0.14007258728131,0.240418213173864,0.00710396344671706,0.0663835556531778,0.0568844585579285,5.67477525160923,0.116188987733557,0.00232062792593607,0.00919429282442247,0.00859300144313794,0.166838056693399,0.0330027770992056,0.0347966115167011,0.00811598037953538,0.111889398401862,0.123468729548356,0.185284901779639,0.0523672065627469,0.00345566453279355,0.0148318301533118,0.0199188814478984,0.171716476395967,0.0106786296944091,0.00321268864840186,0.0112867049172137,0.0112813435583971,0.00378021392464015,0.189485296068472,0.00139242528582457,0.0283960289688627,0.352683068130493,0.00363214864957017,0.0149706219273361,0.00894759734679005,0.802665411947591,0.153777310406334,0.0592379939211394,0.000333278055371947,0.0250221975640552,0.0584300474630368,0.0123941418995461,0.00204584161849474,0.0725742420153946,0.0209247300975955,0.104230138497518,0.0036272499748269,3.49533721906314,0.649271340651607,0.0701429971560473,0.056960271096554,0.0173015427134089,0.0197040213209638,0.324133245980003,0.010449262249028,0.355332580865386,0.0106154549339925,0.0769163561475276,0.0861500907336121,0.000404887191296876,0.00320681196432816,0.00857194183864264,0.00776517484668307,0.0142186986042985,0.021772311499935,0.00813009955690025,0.0219840631678124,0.0107401353494436,0.0196982568831527,0.00158310099667982,0.0582655776482882,0.0371333707456802,0.019212180989765,0.000915032943449717,0.121029069405513,0.0078596912675363,0.0179216872238413,0.00570430675234352,0.322328040693933,0.000387968930632382,0.0101156278300367,0.00171583666501374,0.0391214340847176,0.079635437782821,0.0670517238045466,0.00622709844264021,0.0653767085051604,0.0879134506159232,0.0232711768450235,0.00174599021687844,0.10968152783221,0.857874706006997,0.0146998220336144,0.0326287971279787,0.0116188880598307,0.00206859574753152,0.523577606556079,0.00532405720302015,0.00959161996322404,0.00395753357622157,0.03600040558138,0.191833696436674,0.460079446398974,0.176303845932743,0.00423637047960484,0.0036970561688446,0.0607995453555038,0.0260029110272163,0.0592615959465814,1.42817729951895,0.0353244986016347,0.00101291601460113,0.000386225966981975,0.000610334290072573,0.000829809852787871,0.0090856094528609,0.0912872486711016,0.0655743965454139,0.000192329470627903,0.0490344813037243,0.0233012969716261,0.0961477824374864,0.00933322425174252,0.00144101154932814,0.0316115338794636,0.188898553168351,0.0208156707480107,0.332388008410326,0.00631430102401112,0.0353185793258506,0.00307602653357704,0.0583512093935583,0.0464317947326738,0.0329393698557482,0.0168542986199976,0.110627089219639,0.00199272501110782,0.0726919402854578,0.000575239426206722,0.00532291815144871,0.0107674983965567,0.315645164278055,0.0149151912710952,0.0514329466065884,0.231645633727296,0.00433565670752333,0.422151278285773,0.112638618709781,1.51243428355949,0.0133261141081601,0.0671002850352207,0.00118884111880848,0.0487340107001098,0.14640088123579,0.0260031873283365,0.0321704148195214,0.0372181138442344
1246,Gallbladder and biliary diseases,0.26174589817169,0.0155375460200469,0.299438340530785,0.31645639404912,0.00138487389619514,0.834212607005188,0.0445118221830662,0.731504487576029,0.272772980313156,0.0499851871243787,0.00761533031806561,0.0189734608444366,0.485340941864509,0.00258999678556733,0.147915258604729,0.392957612173529,0.00390364606506564,0.168541025112533,0.00278916988589952,0.312290813683422,0.087692185206338,0.0312605458720906,6.75738862114575,0.0051744411415374,0.131856576091258,0.224818855468116,0.124462759407449,0.00665810657697681,0.462777139224312,0.30254884950417,1.08424592229541,0.0394759009611076,0.116308287836751,0.63665490343546,21.0172528092846,1.77628809373567,0.0158204555944505,0.0532754046047965,0.101995013286379,0.276192016669306,0.157391811419192,0.132959445103164,0.0351896125610131,0.382333274563371,0.461571862733343,0.837819705148706,0.166988915069098,0.0208350331363766,0.0585518460604518,0.479812626108934,0.789510388548203,0.12814381997841,0.018308966164944,0.0817227185127241,0.0470593684414366,0.025370204083146,1.18934854738952,0.0138280855781803,0.193477943911254,2.47048073371276,0.0237018878335358,0.0286129733255396,0.102736395451521,3.55137833751655,0.321754061023873,0.661501383887632,0.000653855093527129,0.229727829446545,0.1523049830656,0.0209098174002551,0.00828321625770924,0.169392845691035,0.196534233150959,0.399987905793637,0.00635185475844392,5.12610612570387,7.27286915960012,0.514808527902368,0.0955269277099644,0.113528318380073,0.312473000092576,2.54114779082831,0.0223011718545586,9.01283265921257,0.058741299662715,0.182169809764751,0.684169714431845,0.0038965407501793,0.0132265627081603,0.0376015129542409,0.0803847090722924,0.0429570372332734,0.108753808426926,0.0584220554563787,0.0515934422315399,0.0649233109682498,0.102272579504798,0.020597709269277,0.370951398745724,0.258842194237411,1.03889411271852,0.00365954217147238,0.205282689221012,0.0268533550158249,0.0397448535460044,0.0183988156084721,2.98429505140449,0.00321464969436082,0.0495116062875187,0.00250910107322578,0.331605880519252,0.439410947435404,0.638423713676998,0.0409670976193615,0.0880223498348276,0.482878329621406,0.104525930086101,0.0322952816334328,0.296424174844068,2.18229065524463,0.017036055790931,0.194640978051233,0.0249821895309593,0.0123152364373764,0.790133260951194,0.0468132698743943,0.072841270716877,0.0705039067067148,0.778563442029833,2.08600599571715,1.01741229246457,0.495536615174386,0.0612518538442541,0.00567044559385258,1.66642709757269,0.0269656640670114,0.253402639349419,3.90215988350058,0.250038506179704,0.00147792485833808,0.0020867255652265,0.0046896084510302,0.00214530835392753,0.207161379356312,0.17500824787765,0.16948184344639,0.00137791901412931,0.100449171541388,0.100708835577087,0.108819443334266,0.0819272962390123,0.0102865675029746,0.210391410994729,1.27307519359293,0.138144928796543,3.15476631553759,0.11406306290325,0.231645980241367,0.00856587620434096,0.300296170688307,0.226896989720281,0.0713892634132089,0.0410160297512069,3.67517098833137,0.0179768023737907,0.122212006709775,0.0045179333760954,0.0141262361216276,0.102103516483386,1.56638943101405,0.0289540449840858,0.308683920829576,0.418818930719085,0.017919503714276,3.15180399704582,0.69751788376213,6.28182101631489,0.131816264580386,0.179463629002598,0.0085984460826325,0.450019650236072,1.63980924755447,0.16860192035114,0.157272333986298,0.234236291967278
1248,Pancreatitis,0.131271444063451,0.0229922146832591,0.173444439911034,0.169599781142285,4.65920436309049e-07,0.829927151017518,0.0279272513403265,0.376433762137808,0.136567378541283,0.053772433313729,0.010795559974758,0.0126930896175857,2.01654811559147,0.0037851214817611,0.436792975251268,0.187401232447736,0.00250197027894566,0.331773095504784,0.0141943785772975,0.277263678389787,0.115757423732373,0.0137215908444078,4.35355360578806,0.00306404822533278,0.189198056205642,0.444893846171433,0.0687439729339503,0.0123855271300935,0.279834103842308,0.602352915843679,0.608749687508269,0.0216255647890495,0.270093582610212,0.445706754255184,11.9031582817739,0.492957210895013,0.00696116088768038,0.0279636101816345,0.0964222239214884,0.606314240410144,0.132046495979453,0.145835289689974,0.0094679377326539,0.398696637719712,0.223767932068174,0.586709275536041,0.187661460750574,0.0108094176685599,0.0625409182331582,0.384435832530302,0.251868799797692,0.102039962226968,0.00973044828580944,0.0294135247412673,0.057615750405791,0.0141002447410908,0.593066951861035,0.00419014556665129,0.166746132340413,1.36149593821613,0.011493541223439,0.0551927792668696,0.0396988195988199,2.09413044490404,0.584521703770787,0.279690325588074,0.00124981562954659,0.393595273144519,0.224348458639603,0.0441067024134814,0.00765095530052768,0.160952576181716,0.137288631223032,0.367915441344094,0.00494028762366745,20.6705133048124,3.7552697476646,0.263638247748018,0.082331488567928,0.0508315769931572,0.0823249322000429,1.16101303236157,0.0209694015983986,1.62241946814101,0.0367397676152664,0.782654136821593,0.237020467809628,0.00218658100128414,0.0220055091485722,0.0871641941197735,0.0594901817594257,0.1167403254575,0.0515614566970769,0.0243046500867932,0.0904584598809144,0.0489531096286993,0.23543651866776,0.00729342098062137,0.156867982307249,0.11757354703217,0.685330143558049,0.00217390909476452,0.493273360522844,0.0106669875064892,0.0663001104848254,0.0485639312020944,2.04760367031878,0.00111594669066086,0.119882626819703,0.0101882099314414,0.198748777239734,0.258232990569669,0.691704047408346,0.0169321617665577,0.407806341207387,0.307651406732034,0.0646400232062596,0.0262951679213529,0.498504380409419,3.7392098989963,0.0374029614808809,0.0860555093435826,0.0220695227625223,0.00664289981871918,2.71357575399672,0.0361052756442196,0.0285786309063012,0.100335037436847,0.573330396960959,2.49969153739732,2.09299156425968,0.352531972755676,0.064719822859038,0.0116614488121728,0.407484866079065,0.158322653468852,1.12402957189435,12.3223859694026,0.107279366927121,0.000723707834305755,0.00123039239837723,0.00165249310407231,0.00345270150196538,0.115318171654968,0.356137394493742,0.29033476375344,0.00122663716832403,0.177018705233073,0.028715411928058,0.202185940095048,0.0394058318044466,0.00390817929420044,0.10865967041199,0.575703395018197,0.0794470758087445,1.50737923673008,0.11274263317604,0.131484368702657,0.0081685061386367,0.201707576235139,0.0969856245295593,0.0610180936714962,0.0448607722546594,1.72072011107823,0.0121335169695662,0.251550779822713,0.00142722694701192,0.0182001910190211,0.0576873286044181,0.918627950459353,0.06892447740131,0.153305606862421,2.47622360183958,0.0268588270393846,1.42756573640073,0.343600269964202,5.02125706968261,0.0495525539319897,0.332909728116206,0.00322147581210525,0.354364057592405,1.00266279259305,0.0840531729404048,0.101743109760709,0.11496894508789
1250,Other digestive diseases,0.212621778671884,0.0736214973043967,0.233141053842614,0.590581996723458,0.00869295786773558,9.59574646534572,0.375347144824237,3.16458900023401,0.93670985333297,0.163169849126429,0.0228325251671712,0.0236622204216465,2.6218074696069,0.0149662710054905,0.656005214692993,2.28752167679966,0.00792161220358316,0.321463725674105,0.0167379325764965,0.352856765487463,0.17430555329481,0.0417686223934809,31.0110998939936,0.027011896574676,1.33904755466232,0.496261765405734,0.175701926480567,0.00959223788712196,0.510035500506385,0.571154268551901,6.09842374964184,0.103211577665444,0.385429824777402,4.82849548159043,12.1162976435484,5.07612235962722,0.0176801444168052,0.095594074878601,0.984955982402642,0.562308841974023,0.435600970906658,1.15392997640452,0.114892273146714,1.40617063055664,0.227472092766876,1.93159963539589,0.762311226193061,0.0268896791981341,0.141756797975516,2.11057560129281,0.538514976050719,0.272889375311794,0.0312665706892172,0.0974484958944156,0.160958523467468,0.0435191738995815,1.71604227975626,0.0141154598224307,0.66870702290619,11.57801557457,0.0397043821488452,0.0565225853434367,0.702995327204386,16.0793716996134,0.673459894218634,1.28741331177708,0.0113146024875958,0.547027022662961,0.27287592177688,0.0474905979987133,0.0881432384204208,0.422957082238211,0.630218170756155,1.52785807535285,0.0366282277804251,26.3281473541497,11.1367679451304,0.542586881052044,0.110651964465363,0.528848254476196,0.925171694230601,10.4710891496079,0.131545994538327,26.5357106128782,0.0628526770738597,0.455990029185327,0.811313827158211,0.00372425166735587,0.0304516791672188,0.0546478539207913,0.101380953281011,0.365408056518794,0.119796998349638,0.0928429153291141,0.0992045732499652,0.0505846020080878,0.635391644220994,0.0802463308722189,0.593817636893668,0.331470602106696,1.42111949585308,0.0104389131106968,0.603143456753068,0.0557236205070608,0.0802126027065429,0.1865972282874,21.8349294888229,0.00244142133167363,0.0868990277693886,0.035095106117293,0.248705426552008,0.737110341225118,0.916438683610847,0.0519326247392967,0.497263268774944,2.54118831015178,0.538078519201689,0.455338543699945,0.627069837430796,3.64861497378865,0.227046120798734,0.558710343132844,0.0257086779598347,0.0113729185278244,3.84853776220148,0.352685006331075,0.0517610363883463,0.631017320941515,3.18274260475972,10.4383889521961,4.99321087156076,2.46739735999882,0.75982323268736,0.0125935517804879,4.48951351443077,0.338715593122029,4.33898585671388,18.4091476621107,0.251177845073346,0.00759430698370539,0.0145558563530486,0.00315911796518065,0.00318205471307491,0.0909605436168153,0.350029988701724,1.21527607991585,0.0020139855860452,0.189047438686937,0.246255899346536,0.671132431313475,0.200071150031017,0.00768176609771551,0.416231486236526,2.22405720172505,0.24737471557801,10.9847539818052,0.364154748647543,0.243273339206034,0.0229672968452785,1.22179220208467,1.31733445933007,0.0954856694302502,0.0352359178058027,3.95945479985921,0.0245762567540429,0.229044447523064,0.00311284947190709,0.0652710007032075,0.0732872530914131,1.33970513625167,0.0783960493607958,0.404988049926999,3.50728384364501,0.0311795463960692,13.071131098092,0.973235243662372,53.0787152458072,0.83443097587183,0.311839982419673,0.0065777564654114,1.47942131991176,1.43004251155145,0.136035218309001,0.27263642980631,0.365274383519941
1260,Genitourinary diseases,7.1428455500087,0.446583697479872,9.64994980455653,5.91079403878002,0.0672035280099552,19.6786987638393,0.293885434731501,5.12844842372722,3.00767430475596,0.863514997737755,0.23499616311451,0.390027136801367,16.7405710389961,0.157916701888926,0.976764941361162,3.49118000317749,0.127061821272581,2.66307623087414,0.13879494250742,5.30464348380161,0.93596416999145,0.36060279146231,83.2550061035266,0.104560050353481,2.0845867175953,4.3934966870407,2.15292047549502,0.122321151547884,3.32357878988905,6.48942314451302,8.73593675959562,0.840423310899819,1.95836480633134,5.8400635225914,221.972788775474,10.5542952048674,0.249049206080691,1.09237461296859,1.53213435009234,5.10093354338632,1.79118841430607,3.03906706353014,0.425575811793222,2.46293366224093,4.60077452114405,19.2801579028944,1.32052855665707,0.376894420618148,2.00835871131787,6.34951762659281,30.6066319720937,4.04983612238405,0.414952083807825,1.03102323633211,0.303137434080568,0.425697515645162,27.448067523342,0.310844756061651,0.415594277547658,17.3484347119579,0.678547764206751,0.429203790259005,0.850268411203854,35.511479090915,7.75557417964517,7.42582840134534,0.0582002739883385,5.44967094178122,2.21478425175484,0.35854876527252,0.26109530473115,2.46696722589134,1.42143942928331,1.6079517417223,0.0550600624440682,247.340240257786,52.2485912847494,12.2267277531021,6.49158307092216,0.788903547335898,3.28931556315784,17.0664343414362,1.38425476802345,66.32243392345,1.34684637233454,2.91010902896762,8.70166815540169,0.0389727228392112,0.284721119154999,0.536217424564118,1.77991514290045,0.551522239531018,1.93380900376835,0.745713855209078,1.00246683286668,2.02997081072685,0.342985210988301,0.125826137829401,4.10155198226201,4.10400031808631,11.1622139846823,0.179443973279413,3.22080768608663,0.138315864571734,0.76505789994968,1.09999894923034,43.327738339549,0.0441089347773071,0.395495497773371,0.125737573501212,10.5771103922811,6.37983739432449,10.2889398316457,0.299215584975179,4.31187352016769,4.45769219327619,0.697552391018795,1.74548949719527,2.91580727362045,28.8108780666412,0.920397525109151,1.13572048612075,0.844501136531193,0.648372316998117,47.7174953047214,1.22793995604277,0.619481186617799,1.51222867686824,10.8363501943827,44.6880536598251,7.45753779566602,4.51641479845093,2.69038771848294,0.234622114691816,15.4077774730668,0.339120332368355,6.38920937457233,30.6880725164309,3.34417214466708,0.0811591234973719,0.0371720363762817,0.0619142157788885,0.0723561702471202,7.055889846581,3.31245340484087,3.86360025728843,0.0652149542213214,1.27038475048771,1.37211551188153,1.30364084518267,0.219475609179515,0.133877771568641,4.6125937437966,16.9269852045941,2.88920901136366,20.3838960538026,6.75975529254632,5.61904601524283,0.237089518374189,2.05676796403597,1.84426908129311,5.06151868361387,0.327261615245984,40.9879322346213,0.247179540811027,1.5684605531242,0.020615563269762,0.736075011802325,3.10311728294435,24.7283114633351,1.11266205031215,7.3588459716293,3.56547792676092,0.570131770960993,11.9524872668302,11.216876386294,126.833045051387,1.65361917099871,4.51912411434315,0.0630446464955231,13.0685153699469,25.2006579645092,2.65461214201718,3.65321647094026,3.37332464066073
1270,Kidney diseases,6.638959301871,0.408457648252192,8.9248283126735,5.32201697886185,0.0612936192202963,14.1470522163814,0.260548158830402,3.64845413234023,2.43140848751343,0.662926976887461,0.190750805848026,0.325015340288727,11.7972779519005,0.106758534851365,0.31172107428061,2.56182765560465,0.112427541996726,2.35226854737375,0.0991580095496893,4.89395932521807,0.820861970139647,0.312551644946419,50.9561111953673,0.0952734751787394,2.03537824334603,3.93968757151585,1.58510121707344,0.110017194282052,2.7535287544403,5.71555700116721,6.39418302795155,0.760026355718726,1.67944832160341,4.09924778497719,206.362184429266,6.20775079880731,0.188479766211882,0.999869325096984,1.2489565391689,4.45889378112115,1.36835150631806,2.63796567048539,0.272960284364704,1.94212700111146,4.16097065856332,17.6147589019253,0.824046855176653,0.28362071230157,1.9345089638044,5.68759791091065,30.1089074399329,3.76702712626805,0.379287054567196,0.765206700694242,0.216366691863742,0.371708849127392,19.6241707374503,0.293190030565201,0.357672760494963,12.7321702122449,0.623688842987408,0.376070390955715,0.598379203200114,26.9891725438185,6.66233082269189,5.58619883699798,0.0416112846784582,5.03363391290733,1.91685417798997,0.309420732964062,0.22870802972994,2.16717089753041,1.01653176686804,0.905533184323422,0.0375447145003654,171.76252267613,43.7982755588593,11.1168751238997,6.34786657602413,0.534791964768112,2.54185851227947,12.9400938893002,1.1036001258077,51.9953920230314,1.2968906975907,1.85322704831338,6.4028971860542,0.0352561704462808,0.25033313503057,0.402273232498392,1.60976804509806,0.34796530800688,1.66349113469055,0.640557042377823,0.899486286223037,1.90713312784229,0.272399130809446,0.0961979950711358,3.10231011700997,3.28992937171983,8.41052401681782,0.159500568202621,2.78819640356651,0.0759487062693307,0.675853254281589,0.907113623699738,36.3057776045634,0.0412499554342317,0.332573120529727,0.124224638047569,9.81278587955827,4.33230651947081,8.75011900881816,0.256737377498472,3.12403953165936,2.77507260526439,0.46739099903276,1.6424728634032,2.5021508330671,24.9905998294876,0.906915042268961,0.730541270441148,0.798234922557061,0.589877465910418,34.3748104735163,0.998956176628781,0.551717787491252,1.17638595917746,8.63629344168309,38.9668792011516,4.08203472792099,2.86896118152306,2.19303888004335,0.222142704727422,12.8086358706435,0.282229845014534,6.0686488349811,14.0075266586129,2.47069205946479,0.07170593423468,0.0292318729176159,0.0572477364481831,0.0662915424873826,6.6108932911508,2.9185334382822,3.61000840887868,0.0537274178698439,1.09404976042916,0.847654501683134,1.0157888927367,0.11829048979622,0.120161444019578,3.40614328810516,14.8701190203473,2.22922289489852,11.6775240445877,4.84489957990015,5.22999891502343,0.206670270346731,1.58020626260832,1.27363483162893,4.44118373939309,0.1237764018583,31.7583045532824,0.220459542652127,1.35465813103725,0.0169553402141766,0.652149413975115,2.88879512792287,22.850916928337,0.720331769959112,5.6142600186747,1.63109629327978,0.534719204772748,6.01291786963988,8.53060840859059,104.192803724811,1.06712188464095,3.84603835495774,0.0583083768684637,12.0220112616467,23.440660061224,2.40149942841182,2.82409764074121,2.9441578817093
1271,Acute glomerulonephritis,0.024692447282079,0.0047551691416424,0.00860574470011504,0.0285075955139721,5.40269233232829e-07,0.00465122825677612,0.000454841153663376,0.0127928875065631,0.00240588124822534,0.00450945881861205,0.000408212522451574,0.000194454702420709,0.016744504097147,1.95841077486908e-07,0.00379983726261263,0.00337679512142141,0.00030902067573751,0.0136352379193379,0.000108063695696901,0.00244249533995611,0.00119222167306196,0.00100053278856104,0.0934894538389086,0.000128812878404891,0.00793353355597565,0.0277502329449647,0.0164321539323639,0.000286486361171632,0.0280435432758411,0.0220261959284626,0.0107280982999561,0.0057684444694936,0.023556450998666,0.00187542441849876,5.62728865161763,0.0578181965377403,0.000726393052901182,0.0024934004356887,0.00295459912927264,0.0237667966009108,0.00134031820479182,0.00340022815662866,0.000376679359473858,0.0222887664684073,0.105838952982896,0.0721971402652081,0.00279557754664512,0.00122773958186522,0.00119850658413056,0.00787175812241521,0.125456593876023,0.00044985192085541,0.000643015888082692,0.00511462551025205,6.03683070160809e-05,0.00128260663811369,0.106248871393087,4.3167522047897e-07,0.00162349187562715,0.00947092899626967,0.00090712244988709,0.00176880622756797,0.00211115213787697,0.0218760972953106,0.016212106872583,0.00258028016998738,3.30884833581344e-05,0.0128914458691921,0.0152505323284612,0.00226017844397294,0.000212391228971276,0.00378425223997528,0.00377007322275318,0.0076657873410761,7.31848407796162e-05,0.192602218614931,0.281822951730442,0.0359506516176167,0.00624256940912487,0.000676737892777506,0.00186683380681442,0.00285944794403436,0.000688431006584092,0.202516124006452,0.000232804731704418,0.0128456874002797,0.0216601262343886,5.49548782609609e-06,9.04125191141273e-05,0.00294711520110479,0.0131845309082621,0.000466291728749662,0.000833787312363347,0.00315948433994188,0.00388389259207487,0.00209572030170294,0.000717200917196233,3.57317162564891e-05,0.0275854892528414,0.0149972005144318,0.0136068487431894,1.5728671614539e-05,0.025094131232753,5.39585564738489e-05,0.00229285280316399,5.6439884782115e-05,0.308666813440039,5.90668616450707e-07,0.00265612648552001,7.93972176008521e-05,0.0129011783032106,0.0518019779865651,0.0652904243362998,0.0015023736550551,0.00330902803130396,0.00289511987693624,1.97197191225001e-05,0.000997331862116711,0.0422953543467771,0.168670026942453,0.000424924418993297,3.17789438187956e-06,0.00104121029498344,0.000409399451314093,0.0382488721918021,0.00382840011471011,5.46986732981845e-05,0.000763894108024153,0.00462703338752141,0.252510915185968,0.108773982751769,0.0194617287413035,0.00687228387672776,0.000180453112752214,0.0222278458192483,0.00166540325253432,0.0265821800648292,0.116399292137795,0.0117833675391609,5.18394246514528e-06,5.25855454298528e-05,1.16089884587977e-06,8.88926777931599e-05,0.00254922511711895,0.0125647508474315,0.00323911748464918,7.00586510080449e-05,0.0104193764359874,0.000735650892543861,0.00140431586586998,0.000169701397322524,6.4608327253337e-06,0.0340995107054481,0.0387704889031298,0.0155014643883216,0.0164442411048772,0.00103256369340489,0.0157880732071636,0.000245380851401868,0.000889169681577839,0.00153983494001926,0.00302249368928328,0.00544203482127515,0.0147843090681186,0.00296007942940893,0.00764531735892328,6.60231873507386e-07,0.00173526686221721,0.00218833565388359,0.00749356337116386,0.00541987979589417,0.0262256576837701,0.0196508225884224,0.000459505384966723,0.0642804921217862,0.0460010588121955,0.460993059244554,0.00174114876181596,0.0464656810512827,2.77875590819814e-06,0.0174361457101669,0.0860993947031623,0.0132347123228305,0.00975828731928297,0.0143650001105771
1272,Chronic kidney disease due to diabetes,1.46645158485783,0.0511745571863182,2.10979971250602,1.05642253700351,0.0154706282010018,2.9394930176772,0.0415018544247059,0.484156140127849,0.87036505444467,0.11115073015468,0.102385625516012,0.0745066649225641,4.2724968308999,0.0603099142901536,0.0673776242605454,0.383643584085826,0.0585972303889576,0.37880724520196,0.0368547806433917,2.35785897602154,0.183725316511476,0.0494983614384024,20.4960768233695,0.0461891398407293,0.220384614571882,0.528589464231679,0.466211786260032,0.0232684770846242,1.1746175984952,1.28288560025893,1.82958694371801,0.15821430539685,0.268265010421784,1.26989017229661,125.844819039764,2.37161101777858,0.0542433155741739,0.232573761399687,0.501210813390762,0.600470586641545,0.48631305216328,1.44292897789522,0.069164460472059,0.246861073669677,2.72103002112236,4.14029703425523,0.266303007021884,0.0909214793456398,0.950165700621748,2.67650533062673,6.62496500221552,1.01986948936097,0.0891143571829985,0.244909782308252,0.102903453599642,0.0681826348161183,9.04831042211665,0.241127539934029,0.178521155854166,2.17075274919626,0.150990849377233,0.064574584999644,0.148788728435893,6.65395747720329,1.49890589243448,1.36211465626486,0.0260252047092188,1.29704842981064,0.228356745299017,0.0509060547406991,0.135553439095693,1.07771148749067,0.280669979530584,0.361927070645641,0.00671010935234436,70.6345161542559,19.9388491081811,3.06711570778746,1.78851190854019,0.143966490857563,0.581876566470222,3.10612035525871,0.558999514935684,10.6711483040231,0.488972522244398,0.333397915966714,2.10525587518063,0.0290924976650419,0.0655804751929043,0.0634993911785748,0.769663362208379,0.0834804054718403,0.377442758280467,0.0776665535581962,0.156568938706705,0.410084881085657,0.0764372455917944,0.0220544740319049,0.952476058129405,0.957023014406759,4.31526036884341,0.0715948797768332,0.446637131571864,0.0360666110179574,0.118744608209331,0.687585495559065,21.680630114814,0.0344078451960314,0.0465794509138681,0.0167128878435047,1.8293395466433,1.17871436522581,4.17988616884927,0.040334281416224,1.25873753418779,0.494284531618529,0.15769509515478,0.658375338283099,0.27395061131621,3.55793600505591,0.0776046934013407,0.126002002957491,0.17984387023649,0.146537204795683,12.7571433087615,0.389210218242493,0.415433226879635,0.480595014568028,3.60895543505029,16.8374171906494,0.860844812966902,0.822116991977472,1.05407843183938,0.0535159473845656,3.11627914691149,0.0344670444602814,0.314410931280263,3.69413467116992,0.615089962657381,0.0386230332739481,0.0140577808622977,0.0467189244602318,0.0130742336329164,1.84981787572779,0.593209173525231,0.404658582391934,0.0269462047232609,0.179348099982057,0.19698986883647,0.114718202940682,0.0278630715616818,0.0982182680859091,0.988408952575629,2.1172850418972,0.705630457819109,2.52770692372789,2.28729316049075,0.75363860415201,0.109783159881545,0.451952665305133,0.286409823723505,0.994893880794453,0.0164838852189867,15.2699780687834,0.0955229583917591,0.25131497116736,0.0142054415112077,0.360547311811599,0.668339319465486,5.70256252524685,0.11004778565135,1.75639902140324,0.344069992267642,0.153196343038058,1.89376990251724,1.1729412170627,44.4667785616636,0.178541745606419,0.603964402722022,0.0477775701352277,3.19135047700445,10.5064513220143,0.505507553371745,0.840655313536673,0.445165350494829
1273,Other chronic kidney disease,5.14781526973109,0.352527921924231,6.80642285546737,4.23708684634437,0.0458224507500613,11.2029079704474,0.218591463252033,3.15150510470582,1.55863755182053,0.54726678791417,0.0879569678095624,0.250314220663742,7.50803661690346,0.0464484247201343,0.240543612757452,2.1748072763974,0.0535212909320304,1.95982606425246,0.0621951652106007,2.53365785385658,0.635944431955109,0.262052750719455,30.3665449181589,0.0489555224596052,1.80706009521817,3.3833478743392,1.10245727688105,0.0864622308362566,1.55086761266927,4.41064520497981,4.55386798593359,0.596043605852383,1.38762686018296,2.82748218826208,74.8900767378839,3.77832158449099,0.133510057584807,0.764802163261608,0.744791126648866,3.83465639787869,0.880698135949987,1.19163646443354,0.203419144533171,1.67297716097337,1.33410168445806,13.4022647274049,0.554948270608124,0.191471493374065,0.983144756598519,3.00322082216151,23.3584858438414,2.74670778498623,0.289529681496114,0.515182292875738,0.113402869957084,0.30224360767316,10.4696114439406,0.0520620589559517,0.177528112765169,10.5519465340523,0.471790871160289,0.309726999728503,0.447479322626344,20.3133389693199,5.14721282338482,4.22150390056314,0.0155529914858813,3.7236940372275,1.67324690036249,0.25625449977939,0.0929421994052756,1.08567515779977,0.732091714114699,0.535940326336705,0.0307614203072415,100.935404303259,23.5776034989478,8.01380876449464,4.55311209807481,0.390148736017771,1.95811511200243,9.83111408609744,0.543912179865437,41.1217275950019,0.807685370614601,1.50698344494638,4.27598118463918,0.00615817729341281,0.184662247318551,0.335826726118713,0.826920151981418,0.26401861080629,1.28521458909772,0.559731004479685,0.739033454924257,1.49495252645493,0.195244684300455,0.0741077893229744,2.12224856962773,2.31790915679864,4.08165679923123,0.0878899597541734,2.3164651407619,0.0398281366948995,0.554815793269094,0.219471688255891,14.3164806763094,0.00684151956958387,0.283337543130339,0.107432352986464,7.97054515461177,3.10179017625844,4.50494241563259,0.214900722427193,1.86199296944027,2.27789295376893,0.309676184158857,0.983100193257986,2.18590486740411,21.2639937974892,0.828885424448627,0.604536089589275,0.617349842025588,0.442930861663421,21.5794182925631,0.605917558271578,0.136229861938319,0.695027050501404,5.02271097324528,21.8769510953161,3.11241593220232,2.02738246080428,1.13208816432724,0.168446304230104,9.67012887791279,0.246097397301718,5.72765572363601,10.1969926953052,1.84381872926825,0.0330777170182668,0.0151215065098883,0.0105276510891054,0.0531284161766731,4.75852619030588,2.31275951390954,3.2021107090021,0.0267111544955749,0.90428228401112,0.64992898195412,0.899666373930145,0.0902577168372152,0.021936715100943,2.38363482482408,12.7140634895469,1.50809097269109,9.13337287975492,2.55657385571599,4.46057223766426,0.096641729613784,1.12736442762161,0.985685172965405,3.44326736490935,0.101850481818039,16.4735421754309,0.121976504830959,1.09569784251097,0.00274923847109535,0.289866835301299,2.2182674728035,17.140860839719,0.604864104511868,3.83163533958769,1.26737547842371,0.381063356349724,4.05486747500085,7.3116661327157,59.2650321039024,0.886838990272712,3.19560827118443,0.0105280279773278,8.8132246389321,12.8481093445065,1.88275716271724,1.97368403988526,2.48462753110389
1280,Benign prostatic hyperplasia,0,0,0,0,0.00164790281106758,0.0635127239395664,0.0037933112089645,0.076989367507823,0.0276151712284196,0,0,0,0,0,0,0.0228082973552243,0,0,0,0,0,0,1.44105963572846,0.00225621472879301,0.0104887963061651,0,0,0,0,0,0.182818219292559,0,0,0.10409106539681,0,0.53241278035687,0,0,0.013754611797238,0,0.0206612996235287,0.0637207273043345,0.0111174517701025,0.0245176504236755,0,0,0.0145375464159597,0,0,0.111517625359237,0,0,0,0,0.0123476426650431,0,0,0,0.0124888355833885,0.109813718404156,0,0,0.00377184739821018,0.45296272646869,0,0,0.00634471268113036,0,0,0,0.00581345264632833,0,0,0.141064391568816,0.00105011359636233,0,0,0,0,0.0238728500005679,0.00769087312488822,0.291350037569155,0,0.293295941170259,0,0,0,0,0,0,0,0.0386539562622157,0,0,0,0,0.0145164437071011,0.00110959317603952,0,0,0,0,0,0.00209771726834463,0,0.00101908295062775,0.751427654325615,0,0,0,0,0,0,0,0,0.0296616930417596,0.0257260372124435,0.0054736382173793,0,0,0,0.0198794988280868,0,0,0,0.0329266141466228,0,0.0558703388771564,0.399457242423694,0.885965997938419,0.0569690765563764,0.0765020070957179,0.00701124804851685,0,0.0447000140521621,0.00378566480370319,0.142903669693547,0,0,0,0.00234262019261736,0,0,0,0,0.0457112249513966,0,0,0.000974385063792329,0.00605431874489571,0,0,0,0,0,0.240577564906757,0,0,0,0.0435802824054107,0.0418920251771447,0,0,0,0,0,0,0,0,0,0,0,0,0,0.201993143429946,0,0.706700876159322,0.0085115070425347,0,0,0,0,0,0,0
1290,Urolithiasis,0.0225621967776211,0.00180676179474995,0.0188996014174137,0.0122419156460916,1.69401988213738e-08,1.76466550691456e-08,2.22964472483317e-05,1.59343009286328e-06,1.91803563713647e-06,0.00743204637152013,0.000840321720612115,0.00097401260234636,0.156914496492264,0.00100371493557749,0.101401609482991,1.20563131756934e-06,0.000593159893693076,0.0113297680812814,0.00124381038224291,0.0119099150217969,0.00634862038986168,0.000831396831724871,0.0001068193958188,4.59665021127397e-08,2.83640641673408e-06,0.0179909023085974,0.00865904015151993,0.000415608089013419,0.0380025095732213,0.0250761965677616,3.34022868428313e-06,0.00181690399104767,0.0103666001865026,1.33090381966293e-08,2.80674234840364,7.81631663183028e-06,0.0010427057420045,0.00242155858934662,2.54061198164779e-07,0.0209515210726464,2.04856222365014e-07,7.95902257445449e-06,3.58412748916572e-07,1.48114407229784e-06,0.0728499034705226,0.0360942243769853,1.00443135205352e-06,0.00226060203907839,0.00412755516369019,2.323382033276e-05,0.0640319449142269,0.00308149778520571,0.000798954558055058,0.00567777996553595,1.76585779151862e-07,0.00106357720445954,0.141851606831755,7.39788017061517e-05,3.75558313455262e-07,5.16600518006267e-06,0.00121359573538275,0.00217128764406245,2.3936432758536e-06,4.20773008168061e-06,0.0447663838217632,1.01187438100347e-07,1.30502440477204e-07,0.0166720345482988,0.00912580484700429,0.0019267025210839,3.86535538889549e-06,0.0135258184622783,0.0215025813344723,2.9855025843957e-06,9.41112482389017e-08,3.18814064682802,0.564455376675234,0.0926269424631975,0.0124234335499918,2.68832459589829e-07,3.16245988630977e-06,6.16034954242576e-06,0.0119194465794585,5.55420825300156e-06,0.000734546928216278,0.193882759332377,0.04282202901464,2.33500728308981e-05,0.000704400967259796,0.00667118605276493,0.00939186207622517,3.75707331542936e-07,0.00426835083971328,0.00221440113329754,0.00359668437707233,0.00555485897812677,7.7261787479766e-07,2.77778538052585e-08,0.0203618574608988,0.0155066400315883,0.0278429702507982,6.23375749727742e-05,0.0148241192622524,8.32734692069351e-08,0.0033912789932239,5.50015307576094e-09,0.00010533621508389,1.52336277469557e-05,0.00199425291088708,0.000157287604786572,0.0247304356819559,0.0385494193385819,0.0933751893797406,0.000769065494694521,0.0378260022199021,3.48290234854887e-06,9.64172296924665e-08,1.97329891690577e-06,0.0149285561161304,0.136119875820923,3.28764360324962e-08,1.41825319476877e-07,0.000637544057965884,0.000576959472799065,0.488050786824973,5.82438573478219e-07,0.00022234704418532,1.65669051501196e-05,2.98708376141095e-05,0.000893387808179348,3.61749694381271e-06,1.15207318958325e-06,0,0.000367434627374379,3.87541889827402e-07,2.04734877655964e-06,4.71713062023035e-08,1.80135013903706,0.0105462109583446,0.000466771065589525,3.23590148561385e-08,1.89565874164646e-05,0.000170715404896605,0.000728171893628276,0.0142370854560387,3.36667729633347e-07,0.000189590042790838,0.00603325804417135,2.76445323994963e-07,9.08734528279041e-07,2.07335147747941e-07,6.56574221250202e-05,0.027195268919243,0.0284234695238373,0.0142646141608448,3.09337701890901e-06,0.0112119292608181,0.0174933148149629,0.00103188673949598,1.23094238571286e-06,6.12558252224636e-07,0.00712107771508961,0.0138090183271347,0.596082028215778,0.00148381500978109,0.00943026474211787,1.18886935098836e-05,0.0147204199887182,0.00504024523372357,0.0525494734583234,0.004084766173291,0.0254985908231879,0.131147069391023,0.000851161490189797,3.65537009888912e-05,0.0448018549901802,4.61260755583577e-05,3.29267481428963e-09,8.97951969274828e-05,1.76713513256512e-05,0.0763461843077219,0.0909319106841087,0.010427025597676,0.0175318923812721,0.00650092464400274
1300,Other urinary diseases,0.454183803965395,0.0335682633748658,0.691464767722944,0.508851129046908,0.00426198903839248,5.46813380587175,0.0295216682448861,1.40300333044907,0.54864872797847,0.192427237683621,0.0422290346579012,0.0630856493063986,4.62025446518281,0.0498179122172352,0.562800302239927,0.9065428445863,0.0133446201221576,0.273974026397175,0.0370892130510924,0.38577257211794,0.107805193807637,0.0423938350762167,30.8577284530351,0.00703031447944641,0.0387168415366876,0.402060929886761,0.527198025963657,0.0112058772449853,0.508640777992694,0.693236900995316,2.15893217212282,0.07166841586055,0.242768930939766,1.63672465890836,12.0556295771248,3.81412380938659,0.0572185149405848,0.0823041549600784,0.269422945065003,0.563989436381619,0.402175403508257,0.337372706717838,0.141497717245667,0.496287529561722,0.343295736142205,1.46939230005905,0.481943150633101,0.0851381438220348,0.05930831090408,0.550378856502585,0.377531509009102,0.273340796142846,0.0327233875776644,0.245580408907841,0.0744229229660035,0.0494594520272661,7.47627516291388,0.0151592660924552,0.045432305910993,4.50644561530369,0.0511419180722333,0.046580657945742,0.248114966962254,8.06933961289774,0.983370986762063,1.83962946315992,0.0102441461263094,0.364659073203338,0.262598497986613,0.042531753046401,0.0265699569994928,0.246403707145603,0.372548174366422,0.561351180327473,0.0164651402360921,69.4712922624056,7.41748113879462,0.98867183375977,0.120119345829547,0.230238463734758,0.739763015293595,3.83498425421736,0.263470835756054,14.0337404050401,0.0483848044627814,0.841607059547736,2.17483214127542,0.00355645291793181,0.0335920965002546,0.126057633742982,0.15390329519647,0.164902599554591,0.264682880303722,0.0938064300842396,0.0905052030100637,0.112130912502476,0.0560688638538791,0.0285185218043714,0.923155978859502,0.770973496971893,2.71272840162466,0.0189520427980743,0.37864868655624,0.0602693577605892,0.0800672726722374,0.191866237079826,6.2704277444449,0.00275197545315272,0.0572646342137368,0.00132205477263324,0.720885024753207,1.90812734823786,1.38823795632856,0.0372383740089326,1.10390714382628,1.65295441206769,0.204435258356362,0.097541022275776,0.360738572814962,3.43982633000218,0.0134824499637537,0.385299575026194,0.045239888865034,0.0562822820020344,12.3498001245934,0.196056582828788,0.0605811898758859,0.279955811908478,1.80056963943829,4.83431507292694,3.31853037369171,1.57095045775897,0.490337590391066,0.0116383258393287,2.55444120082923,0.0531027752013412,0.177656822726372,14.7699814399061,0.822021430941387,0.00883281722123964,0.00559751090703362,0.00448247716573497,0.00563323969348768,0.435381209447843,0.350399957841777,0.207880286790626,0.0112775080809017,0.151721926248869,0.523486348689284,0.281796724966553,0.101184912048148,0.0129115574132485,1.11857220875076,1.81330045336251,0.622179467913427,8.46579135093119,1.89813026454475,0.356368697668201,0.0286681350760531,0.432980188079855,0.52874161192878,0.606398882616272,0.188856393310503,8.59038968847637,0.0238669090308231,0.183036115092246,0.00357831435375576,0.0657257270959212,0.205354885246116,1.79532684586941,0.384596905119393,1.63396151894296,1.77452062102039,0.0340709454579964,5.7375397000594,2.5470198710239,21.9334943243413,0.577985776022553,0.651001755002198,0.00450364331100118,0.95232244861969,1.66387099135556,0.230865511909389,0.775741534509973,0.36165822677261
1310,Infertility,0,0,0,0,0,0,0,0,0,0,0,0,0,0,0,0,0,0,0,0,0,0,0,0,0,0,0,0,0,0,0,0,0,0,0,0,0,0,0,0,0,0,0,0,0,0,0,0,0,0,0,0,0,0,0,0,0,0,0,0,0,0,0,0,0,0,0,0,0,0,0,0,0,0,0,0,0,0,0,0,0,0,0,0,0,0,0,0,0,0,0,0,0,0,0,0,0,0,0,0,0,0,0,0,0,0,0,0,0,0,0,0,0,0,0,0,0,0,0,0,0,0,0,0,0,0,0,0,0,0,0,0,0,0,0,0,0,0,0,0,0,0,0,0,0,0,0,0,0,0,0,0,0,0,0,0,0,0,0,0,0,0,0,0,0,0,0,0,0,0,0,0,0,0,0,0,0,0,0,0,0,0,0,0,0
1320,Gynecological diseases,0.0271402473946826,0.00275102405806422,0.0147571227426763,0.0676840152251675,0,0,0,0,0,0.000728736795152584,0.00117600088797154,0.000952134603895016,0.166124125420532,0.000336539884747877,0.000841955357633294,0,0.000696499260004352,0.0255038890219252,0.00130390952439572,0.0130016714437996,0.000948385654304702,0.00482591460794983,0,0,0,0.0337572833294958,0.0319621923063974,0.000682471931832701,0.0234067478828373,0.0555530457827394,0,0.00691163532949495,0.0257809536016607,0,0.74823242067954,0,0.00230821918621958,0.00777957432217667,0,0.0570988048109074,0,0,0,0,0.0236582229680053,0.159912476533052,0,0.00587496245546463,0.0104138814456998,0,0.0561610782374253,0.0063867021879477,0.00214268710491015,0.0145583467644925,0,0.00346563728604416,0.205770016146026,0.00242148060228822,0,0,0.00250340741172632,0.0043814537134859,0,0,0.0651059863694501,0,0,0.034705921122246,0.0262057709312554,0.00466957674097293,0,0.0398668027530469,0.0108569067143762,0,0,2.91828467242237,0.468379210420245,0.0285538529794634,0.0111737155184917,0,0,0,0.00526435988023821,0,0.000836323352842548,0.0213921617741278,0.081116799057435,0.000136749402167766,9.14866569149521e-05,0.00121537226997812,0.0068519405297002,0,0.00136663793436369,0.00913598161371779,0.0088786592565116,0.00515191140395801,0,0,0.0557240289316316,0.0275908093630014,0.0111185959890678,0.000929024703745211,0.0391384767016285,0,0.00574609400263,0,0,9.17702621757662e-05,0.00366349011902061,3.35930762225398e-05,0.0187090522876599,0.100854107277243,0.0572076771192084,0.00447076797307971,0.0461008424621435,0,0,0,0.0379893116222558,0.244332031330539,0,0,0.00038878105113207,0.00163560961286569,0.50483391978661,0,0.00695986220647605,0,0,0,0,0,0,0.000473649497691196,0,0,0,0.109214278874763,0.040912443302557,0.000153600975862751,0,0.000165045577553963,0.000260672661353296,0.00888717408873847,0.0292829232608525,0,2.04382277850137e-05,0.0185798057655068,0,0,0,0.000739112713690036,0.0606829780214345,0.215142261360526,0.0235420343908662,0,0.00551351884059214,0.0151850877362321,0.000719226211909172,0,0,0.00681498388941857,0.000819801750045848,0.0431559646467053,0.00136927411829571,0.0213360422525778,7.00200083197748e-05,0.00347945074257026,0.00392702454163776,0.0295182156703654,0.00364860906035147,0.0851258431884466,0.0287139430697312,0.000490459240059208,0,0.0944462516893452,0,0,0.021994209186291,0.000214954964732593,0.0178354753727235,0.00519500124561093,0.0118201760982925,0.0358454033078061,0.0610076075348262
1330,Skin diseases,0.175361261287988,0.0059946490907495,0.273745082617367,0.69935668543651,0.00579480091998427,2.89882410317439,0.0495949825015222,0.698813367663892,0.0901877179608891,0.00447967854661756,0.0400919483013729,0.099145645850625,1.06774147881229,0.0660770994877698,0.0355556190357835,0.35295121894005,0.00465575477184761,0.0157221385408787,0.00631796595958398,0.0763348719108211,0.0163057372918641,0.0242164978339441,9.24700211574672,0.0155324602680412,0.0803283058535585,0.218448104889562,0.165487469965373,0.00148984625248385,0.255051048053621,0.0407108960946965,0.871479984648143,0.0741341631310746,0.018970019028922,1.09175154266284,0.054199249985166,1.58274607692591,0.0184238267370073,0.0888026553504472,0.134004762474912,0.033135334204328,0.0097878501576906,0.436500540761873,0.055153036175513,0.2552307893829,0.116836657091699,1.56674486877401,0.0615835541442568,0.0248643426592917,0.0146099564968604,0.445533929173798,0.404856874538417,0.0947669997279285,0.0351885870282323,0.0873253810187046,0.0327720267715888,0.0291523000660911,1.49167575538629,0.0203383518649804,0.0198549642394687,1.8416932650118,0.0430558925305009,0.00222217585374925,0.0499185871699797,1.86061285994564,0.524947433829549,0.060318108656722,0.0142441446340193,0.19360962356996,0.0119958659088415,0.00213369730712274,0.00459140732420615,0.32505378820018,0.0505009387058577,0.149717621932391,0.00380116102515364,1.7476130305709,4.07522456476516,0.443366499401026,0.0504738236135812,0.059131449302075,0.368729028946344,1.60152184613842,0.252037000278007,3.70392591614523,0.0444597055348815,0.0515894336924096,0.791033282678058,0.0103355920075603,0.00629406147311698,0.0200919686420744,0.0932413046664045,0.0696254591625378,0.10250410867261,0.053142689517841,0.00444288891869257,0.0423600205835692,0.0450854611820356,0.00709152856495396,0.398594262792314,0.320422256475087,2.24718776085556,0.0139524601271181,0.0257327091755391,0.0289100560058367,0.00345072687235485,0.102686222434051,3.00637477706342,0.00287663265354732,0.043143577724322,0.000133501921721619,0.2698368625077,0.123821050074811,0.676423825775144,0.0264898214644611,0.0322560677325542,0.416604892483731,0.12510451812403,0.0760167223854476,0.027635884531845,0.218266650694714,3.97062301230452e-05,0.118099417047594,0.0157088699458643,0.049738463533324,0.861116157571404,0.182151211364361,0.109032925362692,0.202300052030515,0.985031468484222,5.63053316289444,0.65469062590033,0.289655083387852,0.237505038603167,0.0175451725883633,0.63974777437795,0.0304211777624161,0.107228702893472,3.58891881840829,0.219343485608591,0.0134073895880597,0.0033030651566436,0.00470615135004046,3.93162844954117e-05,0.366551923184847,0.0119089250443749,0.157427356963507,0.00194927852833519,0.00893778145452871,0.157455524752347,0.207991956890359,0.00735141254665997,0.0169524680351189,0.339881731481017,1.22938524288945,0.232775081121396,2.10346454633139,0.200570977405825,0.186310850450062,0.0338631958581927,0.251555319084388,0.137692657927923,0.00304040930213742,0.000976780768406358,5.00297656123298,0.0149914892498481,0.00816955803398181,0.00245650224107622,0.0436327273522282,0.110154416293119,0.398819259827871,0.0301828020653571,0.511647504496444,0.552396029781394,0.0250063053881867,2.36558677209865,0.839262505015559,6.4793678337212,0.18248161429742,0.0399130592524559,0.00694664080243887,0.0976193869105476,1.77454054017504,0.0856636439496371,0.277456761099608,0.734172486091571
1340,Musculoskeletal diseases,0.266183859768259,0.0264282751128687,0.195053123584445,0.18813686922902,0.000836400220859358,1.01316619538023,0.0180925603677453,1.66247566623648,0.387883041873493,0.00178512123603681,0.0195366894750366,0.0164990432852632,1.80838309954809,0.0118817538361312,0.00691473982937133,0.647138241247606,0.00650312662330712,0.0666735319681919,0.0113862614257894,0.130694031437024,0.0428962120254868,0.0205295334200255,6.75076791773689,0.0200044480695472,0.0512433941752504,0.128821699764509,0.0362588244321537,0.00219919417521607,0.183891769578819,0.178892483704867,2.19990628367826,0.0225734897812806,0.0640561497610744,0.74347748428305,19.2457767925616,1.80556231979092,0.00312100480630613,0.0299030307662297,0.196277031165288,0.137234211510595,0.0976836905180879,0.743094306535941,0.0521222534100802,0.234229704975418,0.409797310519273,0.487167832440912,0.338380422555789,0.00537140840336622,0.121657252501101,0.591878142627835,0.203322957056318,0.064608617683994,0.011200741103226,0.014298593861349,0.0879684434486797,0.020107396886968,0.276194709189411,0.00117560964615951,0.234597601105246,5.06769091607652,0.0140264463789902,0.010047223543889,0.0293593035376518,6.3809893355396,0.170445847595857,0.707270924472443,0.00408814825826974,0.161381467285792,0.061795186588138,0.00991291830919502,0.00390812963911536,0.234205813892496,0.151366720871364,0.451263490926385,0.0094372356770296,24.6944894767186,0.740193969967499,0.499552911452147,0.124327347718824,0.265316529386776,0.310001945725564,3.91757216255617,0.112016067362808,11.2519747333897,0.049462943176424,0.0999546429474651,0.114443151821342,6.94847223691347e-05,0.0089569182245031,0.0591543213854545,0.0683019944471917,0.0998537261008486,0.0316272327359252,0.0392049155914871,0.0274411101135811,0.043238309026047,0.111373220490915,0.0257809897739566,0.0678386607016502,0.0613031485063717,0.38521992060576,0.00240095340306821,0.105707447047673,0.0107851285004368,0.0172899279872409,0.0275200309780581,4.43452460117317,0.000497941770012957,0.0343462542705075,0.00245099193774766,0.283337877151278,0.161766368555152,0.450984549989194,0.0188605983949181,0.391172519696693,1.18187509181865,0.27010090186445,0.0730732769294833,0.103628562403186,0.776801916270454,0.00928053164118948,0.296015995848439,0.00988192625342487,0.0145761160740402,3.60682643350656,0.129886915482645,0.0230516089185293,0.209137519193649,1.00111109148921,6.6962804598032,0.748987668656374,0.547651401769147,0.164727203790547,0.00232918941823753,1.62788599425893,0.0293245392935546,0.0640087713063226,4.03193576056006,0.0497448701792784,0.00465404897012732,0.00103077746989381,0.000763854868977496,0.00102325625193514,0.0967148041140716,0.0748287005478646,0.166377370576156,0.000235645249985938,0.0471936319301376,0.104894521544236,0.0409944849498504,0.0834477665650518,0.00262084617061895,0.0641899163235502,1.45056187854725,0.0354028169235403,5.32439946908462,0.0394819867702611,0.202298981388966,0.0125534746505642,0.469600286087056,0.653231888336086,0.0293714362654144,0.0084727319187288,2.11498979053717,0.0106125164256268,0.0423051037785739,0.00160264503849001,0.040980736441248,0.0613839650025532,0.908784204046294,0.00970497641493644,0.114227835686841,0.382554462788836,0.0144482723681369,4.47412613025385,0.174215443260747,16.4250698854523,0.245016724453481,0.185248067822744,0.000937089509051182,0.717586471644157,0.776905193831938,0.113582780991405,0.0509654246056253,0.127887089561983
1350,Rheumatoid arthritis,0.0469743170170965,0.00666467430227684,0.0224467288778384,0.00531492952141842,0,0.190588102080636,0.00511660597956355,0.240462790216964,0.0521054953983211,0.000627010981345383,0.00222922876852842,0.00184235557634725,0.598076762668923,0.00325407096830372,0.00279644333203537,0.0627709214886083,0.00104353480963111,0.000193767257300432,0.00357743607602934,0.0616936302114914,0.017282062880014,0.0055674821095221,0.510106530487878,0.00209415278234651,0.00844584160907955,0.000372231159713083,0.00111284440167359,5.52488898850656e-06,0.0333072948245895,0.000337374839419048,0.281570781928525,0.000732163739997052,0.000183877224143143,0.130550832271396,10.151197824406,0.266554456514025,0.000111835461718419,0.000792309846950357,0.0526016624216943,0.000307652500421317,0.0335729370984818,0.0756547791341599,0.0153431458288171,0.0633417848414899,0.217535382525923,0.0164699566814094,0.0757116593096849,0.000167264040724587,0.0339874033501473,0.14100306571246,0.0340419329523679,0.0119510734423639,0.000239508588860137,0.000572890044891471,0.0111877838244334,0.00465988517109214,0.0101022135708363,1.10778674677987e-06,0.0688563706885406,0.375604028376312,0.000351463885043444,3.55164986852282e-05,0,0.690461164604734,0.00557857419824113,0.231240628475308,0.000967890155724122,0.0572183793069963,0.000241941473723189,2.93259132132246e-05,0,0.0362085165030013,0.0617283582641499,0.0657204912273745,0.000523913175728714,7.60619804323828,0.218508637064693,0.0394212783390412,0.00569282281387669,0.0600577330513625,0.0352111759305056,0.71809343793032,0.0139283424387524,2.91106491070921,0.00200591632854482,0.0281013698390046,0.00406431882702906,5.38370422568979e-07,0.00257113257732811,0.0144348522694701,0.00912299082766637,0.0121360208319372,0.00269574927760206,0.00963501370654574,7.28557237240055e-05,0.00665715208870959,0.0263653554681066,0.00159998452733042,0.00214722724692217,0.00197214270925991,0.0158835042397882,0.00103627267003302,0.000374199487139096,0.00053102951067048,7.14528261905346e-05,0.00740257149789423,1.27585250421542,1.46735238804398e-06,0.00770909074652684,0.00112558066250792,0.0429800392423973,0.00403678293209001,0.0769359503799192,0.00559677828935292,0.131567524216895,0.164294018034011,0.0490455330166066,0.00963897569620533,0.000357907714909609,0.00220197444031302,0,0.0433320598688307,0.00133843835567248,0.000697391586294538,1.2488218037525,0.0410855461887806,5.81635601271945e-05,0.0423482710561656,0.285711813229559,0.371181692437806,0.314412610431084,0.113386292741439,0.0223940163036877,0.000318941855813599,0.189940877340937,0.0090937949664718,0,1.03876365417775,0.00157394039633442,0.00110224621881222,0,1.80358044380668e-06,3.53939589362798e-06,0.00660476253291336,0.000293419554130299,0.0318738106024781,3.37312318783699e-05,0.000114150787661379,0.00267844372130148,0.00401335667697422,0.0235892482217684,8.86374412367595e-06,0.0025663173772603,0.407427538795392,0.00110568182443735,0.26227865996625,0.00756221144874653,0.0252592067235594,0.000519296412918913,0.0997221668751182,0.0568454476960257,0.00977636549375226,0.00405514280681721,0.215422598820494,0.00168319405792279,0.000119426225711801,1.06753696298846e-06,0.0106667417465488,0.00702854507355267,0.214435916832417,0.00257439644326688,0.00319271925288815,0.138334656302261,0.00275519684300425,1.01323712291867,0.00506358898872891,1.86646193430048,0.0407336670754157,0.0701984685411203,2.77320672172249e-06,0.253103981298054,0.198743337155948,0.017241944906212,0.00112809938235775,0.0396908069030399
1360,Osteoarthritis,0,0,0,0,0,0.0918026973676815,0,0.1090487725153,0.0163186895604369,0,0,0,0,0,0,0.0461722864074556,0,0,0,0,0,0,0.303769759601271,0.000131971347912356,0.0020952980772817,0,0,0,0,0,0.195314890380553,0,0,0.144685217417291,0,0.0881378110833384,0,0,0.00632008922821213,0,0,0.38016896528796,0.00112042647140741,0.00102780878955923,0,0,0.0141240239618916,0,0,0.11393157813706,0,0,0,0,0.013244987377144,0,0,0,0.0163863107085097,0.199680158530043,0,0,0.00402343383941283,0.551485919055153,0,0.00549621697494135,0.000540627463726475,0,0,0,0.000292631861237875,0,0,0.0580819241835027,0.00157288275220145,0,0,0,0,0.017937807783683,0.0018973761471463,0.536988450145064,0,0.0972965922680549,0,0,0,0,0,0,0,0.00417567650998247,0,0,0,0,0.0030147633777402,0.00159345367697498,0,0,0,0,0,0,0,0.00101908295062775,0.175133004912771,0,0,0,0,0,0,0,0,0.213025879549893,0.0250294922636405,0.00188217338518488,0,0,0,0.0169354346665179,0,0,0,0.00210077857902497,0,0.0320521980142928,0.0837997688215807,0.457094451034624,0.0309934377781434,0.0384120203416985,0.00503317113178472,0,0.036275631331838,0.00407914505530383,0,0,0,0,0,0,0,0,0,0.0102343608060924,0,0,0,0,0,0,0,0,0,0.178518907172392,0,0,0,0.0114802206951103,0.125742791762965,0,0,0,0,0,0,0,0,0,0,0,0,0,0.148091064080869,0,0.367668435658447,0.0254721030317507,0,0,0,0,0,0,0
1370,Gout,0,0,0,0,0,0,0,0.0229981970752219,0.00327773596794529,0,0,0,0,0,0,0.00584850152749622,0,0,0,0,0,0,0.0519488692899419,0.00135135082042667,0.00517977679683411,0,0,0,0,0,0.0219523116668806,0,0,0.00205593278741555,0,0.00451332531307838,0,0,0.000294111684356189,0,0.000930219786436779,0.00495824047939826,0,0,0,0,0.00327943459896982,0,0,0.00233245850766179,0,0,0,0,0.00204673268661022,0,0,0,0.00251652374909429,0.0481537681783888,0,0,0,0.0788817658373872,0,0.00203177230288717,0.000266149834247051,0,0,0,0,0,0,0.00397704563751836,0,0,0,0,0,0.00600878864574809,0.00439959254616287,0.0278477298995012,0,0.0324573557681995,0,0,0,0,0,0,0,0.00625508299344029,0,0,0,0,0.00709606197750023,0,0,0,0,0,0,0,0,0.00110266435143966,0.0353745202267366,0,0,0,0,0,0,0,0,0.0268793809154405,0.00293058393383602,0.00143696797553786,0,0,0,0.00212186715208762,0,0,0,0,0,0.000908181664974136,0.0067279382532008,2.77908146918033,0.00914223409001515,0.00320685082603795,0.00259606220070098,0,0.0160841314567363,0.00166274750739683,0,0,0,0,0,0,0,0,0,0.00336187659231403,0,0,0,0.000994864763118048,0,0,0,0,0,0.0124864844716266,0,0,0,0.00310417400719388,0.00534568021744471,0,0,0,0,0,0,0,0,0,0,0,0,0,0.014814807890688,0,0.0721905944122753,0.000761958680844639,0,0,0,0,0,0,0
1380,Back and neck pain,0,0,0,0,0,0.0295595161935261,0.00119310712814397,0.0893863700956658,0.0565198877903968,0,0,0,0,0,0,0.0796323727843589,0,0,0,0,0,0,0.268931961905137,0.000961820631979864,0.00210652091673202,0,0,0,0,0,0.173852962909544,0,0,0.0394529530025955,0,0.0425213651864965,0,0,0.00644234243439148,0,0.000993071331238172,0.0140068731393945,0.00453439122695285,0.0664604724615556,0,0,0.0161819772895301,0,0,0.00738076507719133,0,0,0,0,0.0102850814986181,0,0,0,0.0265365360822016,0.504489751831382,0,0,0.00353271465583891,1.08447602205381,0,0.00992481943222663,0,0,0,0,0,0,0,0.0406440708909621,0.00154922688355228,0,0,0,0,0.0159952534992012,0.00509833276060599,0.33571699445651,0,0.913837719196366,0,0,0,0,0,0,0,0.0193288556894026,0,0,0,0,0.0063035109707843,0.00328293353342769,0,0,0,0,0,0.00101251158252409,0,0.000863024494077228,0.0881622950582152,0,0,0,0,0,0,0,0,0.176970594428145,0.0220968896107463,0.000563941423834436,0,0,0,0.0315339079147376,0,0,0,0.00104126935713378,0,0.00315262456528606,0.00820805501838041,0.102221356367512,0.0431850719060737,0.0490349435032221,0.0190307151774203,0,0.193492894424816,0.00296256230823409,0.00185305893534289,0,0,0,0,0,0,0,0,0.00795090595380932,0,0,0.00278970625605891,0.00941517863035249,0.0116074368670143,0,0,0,0,0.173354791003396,0,0,0,0.0447864555309119,0.103016146832855,0,0,0,0,0,0,0,0,0,0,0,0,0,0.237774050521017,0,1.57323523358364,0.00583808003067901,0,0,0,0,0,0,0
1390,Other musculoskeletal disorders,0.219209542751163,0.0197636008105918,0.172606394706607,0.182821939707601,0.000836400220859358,0.701215879738391,0.0117828472600378,1.20057953633332,0.259661233156393,0.00115811025469143,0.0173074607065082,0.014656687708916,1.21030633687917,0.00862768286782744,0.00411829649733595,0.452714159039687,0.00545959181367602,0.0664797647108914,0.00780882534976006,0.0690004012255323,0.0256141491454728,0.0149620513105034,5.61601079645266,0.0154651524868818,0.033415956775323,0.128449468604796,0.0351459800304801,0.00219366928622756,0.150584474754229,0.178555108865448,1.52721533679275,0.0218413260412835,0.0638722725369313,0.426732548804352,9.09457896815562,1.40383536169398,0.00300916934458771,0.0291107209192793,0.130618825396633,0.136926559010174,0.0621874623019311,0.268305448495028,0.0311242898829029,0.103399638882814,0.19226192799335,0.470697875759502,0.229083327395713,0.00520414436264163,0.087669849150954,0.327230275193462,0.16928102410395,0.0526575442416301,0.0109612325143659,0.0137257038164576,0.051203858061874,0.0154475117158759,0.266092495618575,0.00117450185941273,0.120301859876899,3.93976320916039,0.0136749824939468,0.0100117070452038,0.0218031550424,3.97568446398852,0.164867273397616,0.458577487287079,0.0023134808045721,0.104163087978796,0.0615532451144148,0.0098835923959818,0.00361549777787748,0.197997297389495,0.0896383626072144,0.282839958987028,0.00579121286554716,17.0882914334803,0.521685332902806,0.460131633113106,0.118634524904948,0.165316946406781,0.263395468341143,2.29892555012477,0.0980877249240559,7.29731815544786,0.0474570268478792,0.0718532731084606,0.110378832994313,6.89463519465657e-05,0.00638578564717499,0.0447194691159845,0.0591790036195253,0.057958090076086,0.0289314834583231,0.0295699018849413,0.0273682543898571,0.0365811569373374,0.0685935286967836,0.0193046180362235,0.065691433454728,0.0593310057971118,0.369336416365972,0.00136468073303519,0.105333247560534,0.00924158740724219,0.0172184751610503,0.0171326876840192,2.86000227676002,0.000496474417624913,0.0266371635239806,0.00132541127523974,0.240357837908881,0.157729585623062,0.374048599609275,0.0132638201055652,0.259604995479798,0.600705218891157,0.170998403039621,0.0595512184487208,0.103270654688276,0.774599941830141,0.00928053164118948,0.202092726246265,0.00854348789775239,0.0138787244877457,2.35800462975405,0.0856593213577061,0.0229934453584021,0.13067624389293,0.616663516166487,2.98670149078293,0.351254314451057,0.343611294356749,0.115673238976953,0.00201024756242393,1.1920924597046,0.011526289456148,0.0621557123709797,2.99317210638231,0.048170929782944,0.00355180275131509,0.00103077746989381,0.00076205128853369,0.00101971685604151,0.0901100415811582,0.0745352809937343,0.112956416621462,0.000201914018107568,0.0470794811424763,0.0994263715668756,0.0265710848794056,0.0482510814762691,0.00261198242649528,0.0616235989462899,1.04313433975186,0.034297135099103,4.69776062647095,0.0319197753215146,0.177039774665406,0.0120341782376453,0.310507268978721,0.362281821826796,0.0195950707716621,0.0044175891119116,1.89956719171667,0.00892932236770404,0.0421856775528621,0.00160157750152702,0.0303139946946992,0.0543554199290005,0.694348287213877,0.00713057997166956,0.111035116433953,0.244219806486575,0.0116930755251327,3.0602090848426,0.169151854272018,12.5455136874975,0.172210915634791,0.115049599281623,0.000934316302329459,0.464482490346103,0.57816185667599,0.0963408360851933,0.0498373252232675,0.0881962826589435
1400,Congenital anomalies,4.98841118869938,0.086201276151725,4.51952482357544,3.47738487494536,0.00368036580759237,1.89736165009711,0.126143057820254,0.739260308696658,0.292139912118004,0.716245230931709,0.0168450556949141,0.0603713530060136,14.5062421674667,0.0130167814925531,0.152659771556864,0.261941357143204,0.0183576071868762,1.79146553105659,0.054847068487251,1.1118876710057,0.0550015107804353,0.308112023731953,11.3832431326653,0.0280227506164563,0.170896207934478,3.32478882000009,1.86346626215758,0.0298172046619412,1.96186064677978,4.21389284987913,1.18585935154548,0.558539247466571,2.26968344003239,0.730669477322719,27.8035632282735,2.83942221841291,0.0954641990470331,0.478120848146743,0.22944945961694,4.28305916549469,0.0983363288252996,0.345788735631802,0.0309839024939937,0.171810607937885,1.67945549501958,13.1172176690515,0.145771805115347,0.0965331705442101,0.884585225498461,1.06707217094527,14.2728149863776,0.413940485568004,0.164638521760042,0.365643070887284,0.0218069440805756,0.145196535779426,9.51930188951152,0.111943596571063,0.21404348895462,1.84490661137987,0.194206337368056,0.329860082147472,0.153534138089767,2.36898702758695,3.91740382868429,0.223749254488231,0.00393867537780176,1.38776054804721,1.51258975078779,0.236096112377771,0.0775546856150421,1.29009771866208,0.761191310300695,0.256530431278678,0.00914725170180945,89.9757615382646,22.7716085543532,5.77587032721404,6.48510034136437,0.195216502914541,0.276644572635613,1.449975140858,0.129944482148876,2.41305367714907,1.0203568241114,1.48353463812241,5.65978831383512,0.0234398639592969,0.223971491437048,0.596190446552202,0.690618428079147,0.0431935952815452,0.576261707857603,0.311676242010087,0.629323007398319,0.582277376250631,0.0690247586061149,0.0130594196565857,2.51460767085544,2.32868428124196,1.40151218283429,0.0127262929400197,3.93351394943872,0.018683967464512,0.539871488955751,0.0584680723679779,9.62785119021029,0.0113653594592158,0.302288479504652,0.00283736041502819,3.04865401981161,3.90534090713281,3.239804174389,0.332701619901989,2.61051992223679,0.532765405343635,0.178789492698797,0.552355472419187,3.87949104167901,26.6172152956315,0.0341933928454135,0.145200052496765,0.462924659873725,0.359980640137634,48.5681077662934,0.347988143216814,0.801780629033622,0.600248546950654,2.03646024393755,11.6097937062547,0.907510832374796,0.229460864731851,0.0730100916891231,0.0864915934961556,0.411075212021636,0.181936111148018,0.340400104329503,3.02375486803594,2.14420016606326,0.00805684649702598,0.00588198319209248,0.022380499075309,0.0205858559434475,1.95571457394486,2.02744988175093,0.116050924057946,0.00874033217233178,1.32703809048106,0.064950500195574,0.157383179101764,0.0446814851741686,0.0800015173179758,2.13461948667881,6.14394558070842,0.879244921928452,0.956658340779882,0.941310703650963,7.14698849864651,0.0388412146292746,0.276271037505779,0.254305272564002,2.90083529921874,1.36964573546652,2.51076001962684,0.142781629632366,1.2464925906415,0.00890938701543058,0.103892349560883,0.750450904829228,4.43655308566813,0.944292588275042,5.61180860893932,1.26532119601724,0.276391600703884,2.21128868012862,7.18929540583141,11.7902380692332,0.160111093254582,3.41434053034369,0.0357126584835461,2.72998401399737,7.1458138907169,4.42240002601122,2.61363080725895,1.95130541181024
1410,Neural tube defects,0.441991263114124,0.00808763871980534,0.235989528758483,0.77875001360649,0.000137791458765712,0.12018765646895,0.00584518659070113,0.0315228312717478,0.00631819588969899,0.0485481806284556,0.000522065088366654,0.00297697134157692,1.83444404124929,0.000260871865388944,0.00371214230793425,0.00791495782881313,0.00109104467353266,0.292618461448274,0.0042763664759976,0.0643017876585207,0.00304261259518584,0.0245069050374397,0.749431948521371,0.00151798518203162,0.00400309566221038,0.434287021861812,0.416231313369013,0.00325269315267695,0.169959172296902,0.592411343716573,0.0516824970854278,0.148930114426714,0.366710394015988,0.052915564496446,0.921674316623521,0.0738371455069417,0.0211941433588729,0.0959273365823533,0.016570785480173,0.692832857208178,0.000889131642021465,0.00538768485556556,0.000385587031925061,0.003439065823909,0.0940143196781321,3.23866257454639,0.00398570168607234,0.0167581910871988,0.0490606706780835,0.0364919692060781,0.745327269321921,0.0426498356218735,0.0334198226057858,0.0723156992852776,0.00137718389679925,0.0121343043716778,2.07045319778185,0.00499721224976842,0.00412723702947539,0.040993330503222,0.0345675475700954,0.0419203015591873,0.00367245548737574,0.0545455616630444,0.519172495295934,0.00677777896955591,0.000187551181774807,0.129774675482548,0.252490730871089,0.0409934126929313,0.0032150581776131,0.100976769841835,0.0642754705959709,0.00418908939598435,5.85009647000641e-05,7.96410025070276,2.0097999300374,0.244636972894189,0.270632278537222,0.0122468355890143,0.0124033262685499,0.0264547025976311,0.00422016192017873,0.0285044447603574,0.0247125061322683,0.0290492349160614,1.17121344445942,0.00213389493381404,0.00487081103402024,0.0314664414935107,0.067879093584962,0.000598573021938664,0.0254026795027033,0.0305288101444184,0.0964008167417041,0.036497438808583,0.00233918438777068,0.000726785598203183,0.616148523988861,0.54069911668532,0.086253229705869,0.000965848174073195,0.581339824392976,0.00140069269486452,0.0650295970001611,0.00178486450380812,0.406056955945618,0.00106449029197998,0.0050702041452451,2.23184653468851e-05,0.155947381010875,0.91644377920139,0.347431514989706,0.0243080637345653,0.272968490043597,0.0204159370893005,0.00732059398306278,0.0393235906613321,0.433978469299378,3.91960822059252,0.00089943550590363,0.00217082470689462,0.0144208804715847,0.0787633308548791,4.16256469496189,0.011766744323516,0.100488262044524,0.0456031345354543,0.128245689510219,0.863049238737415,0.0276205400837296,0.00482687338084014,0.00649516365834675,0.00318341950363188,0.00530604679007478,0.00701175553769224,0.0134413344201721,0.0481666197771269,0.389477254800029,0.000518941919967636,0.000282009936539159,0.00164334141583073,0.00231963132877636,0.0397071192416914,0.27272855397567,0.0017127509801113,0.000607524928958481,0.1988044527568,0.00290367446563766,0.00296916070861317,0.000655953635113297,0.00783180684307681,0.520746613585719,0.400617966179175,0.207683490381938,0.0145413569873079,0.0220645225707287,0.63434322735618,0.004550927013858,0.006659070456594,0.00789813472244117,0.13092594429254,0.103941825282345,0.0674664527279092,0.0134623612002122,0.176056670506664,0.000684569436200267,0.00259557103726219,0.0283462537905956,0.267024603135764,0.0444690621374357,1.2013478844127,0.0906318810194821,0.0110739507284411,0.0963707030372348,1.59170137192404,0.605664040822289,0.00780042651339957,0.097138216309753,0.00326037606584262,0.127717370850939,0.505244958530947,0.428368570497106,0.525982525305093,0.130661000221978
1420,Cleft lip and cleft palate,0.0246561503442152,0.000106286923838736,0.00693693825181049,0.00858220029293523,7.98868135513026e-06,0.000615198779769058,0.000643928814180815,0.000291559197074553,4.11028492441787e-05,0.000985413417600591,4.74204115639956e-06,1.76770899583108e-06,0.0351191100876482,3.6189078046989e-07,6.4635527224096e-05,2.67118789829633e-05,1.36450764361609e-05,0.0044948934204994,9.68012689029842e-05,0.00399317480029736,6.7734018000588e-06,0.00161231639425508,0.0162819667256256,2.85238074314625e-07,4.29461098328883e-06,0.018308252105963,0.00317031007350702,4.38802897619965e-05,0.0264062109587088,0.00548933084927316,6.45402962180108e-05,0.0020210231941665,0.0149091720796141,0.000172596494169866,0.0915522499027053,0.00401377733914175,0.000104496256516565,0.000943413400157509,4.67593529450836e-05,0.0115927095997222,1.04012010814265e-06,3.45368693409172e-06,0.000160111529573666,3.95385702513181e-06,0.0158497908364658,0.0323592057487594,1.58103088025048e-06,0.000271656221239431,0.000634017139079548,0.00164412818251585,0.0339473836550903,0.000208722585832409,0.000145662514722037,0.000898299107401596,4.22175461872364e-06,0.000424791156807848,0.0355482450547056,0.000300929543175188,9.71063140418457e-06,0.000266513385407592,0.000145034363118394,0.00137490039961931,0.000216772582808948,0.00054177078639105,0.00168308553296546,8.51153193570582e-05,2.08023640250929e-08,0.00845444852653242,0.003097167923709,0.000718665743060542,0.00011052868106803,0.00200567960670957,0.00319353482717634,4.44607798595538e-06,1.34294544954162e-06,0.208945573047399,0.0711822565968198,0.02189546112556,0.00730819504549353,0.000354340501441798,5.74013285401315e-05,0.000798964922442402,0.000210255082105084,6.44107224381217e-05,0.00192185915016976,0.00160441549974384,0.0128799350120547,0.000257376998251803,4.23404484386181e-06,0.000875171950239187,0.00653603041266992,1.20101643023304e-05,0.00245577915691276,0.00253730204096366,0.00182854867350506,0.000609098427752418,2.06344560816173e-05,7.80809069934784e-07,0.00585184358460089,0.0062234086686256,0.00149966663831656,9.07022735264027e-05,0.0151562977843408,7.87586321771712e-07,0.00126419001072346,5.8106862763468e-05,0.0249062588638132,0.000101228346222316,0.000557349310242298,1.42205797990745e-05,0.00565065200612822,0.0141643910281575,0.0156130309661075,0.00151212578632475,0.00991439290338836,6.10221977459898e-05,4.21874587370097e-08,0.00118176387078982,0.0169595169959566,0.054193901514644,7.15637554361793e-05,1.08770220093563e-07,0.00183127348186006,0.000170063905320787,0.174593131456615,0.000234146629649874,0.00918661665224231,0.00105235529009896,0.00427514025215906,0.0602605870117498,1.46998895834702e-06,2.12539220379883e-05,7.37130377459916e-08,3.06586078365885e-05,3.12997386079666e-05,0.00010533469770548,5.71943335003919e-05,0.00207534448520696,0.00130265203508324,7.07517129505096e-07,4.72123312229028e-07,0.000178972129773792,1.99980270978522e-05,0.00143311076441673,0.00511551780754257,6.82804495558133e-06,1.8180735821773e-05,0.00539220776661648,3.36994196211856e-07,2.37951297112661e-05,2.12429454852441e-07,0.000980475265419493,0.0149112152501911,0.0280321118972884,0.00218890864125515,0.00021235349421126,0.000361120418412423,0.0170447935332807,3.9690442487146e-05,1.02006647156791e-06,2.25966311829124e-05,0.00896752019411739,0.00376058992659452,0.00305326163083049,0.00133452692629776,0.00379983496312922,4.62374012849321e-05,0.000117235829418299,0.0012884459880448,0.0164358991940793,0.00019693365779899,0.0077731742037026,0.000247851091331709,0.000368705128773748,0.00071532844610221,0.0203732517081818,0.00500472933345023,1.87282207147689e-05,0.00546853448235483,0.000300053444258245,0.00250524697407273,0.0265781665537555,0.0227099208890176,0.00901579469157964,0.0244265629887896
1430,Down syndrome,0.144089094064531,0.00136169791787565,0.368358339848197,0.182477039623618,0.000109652398161939,0.115645672051877,0.00402836210252922,0.145325420355396,0.0925703784563345,0.0111805280475006,0.00197197837983648,0.0033557217183996,0.44142651142083,0.000908154658963572,0.0225398676713518,0.0636388462133901,0.00143301219834437,0.0869588015564774,0.00187342859496956,0.0648269846608691,0.00423413028662638,0.0293244127130816,0.701598796726107,0.00351421863248132,0.00643032252270696,0.193437721276787,0.108626276509614,0.00210435665769986,0.0309185467874601,0.219048876650503,0.238447667611811,0.023778689242827,0.094331021026215,0.066447273233591,1.40457207472877,0.164028513773326,0.00627196817576338,0.0273336121764383,0.0259618727470916,0.251414288483289,0.0202125725810594,0.052634617407063,0.00403293665591616,0.0316479859521345,0.0538397472893136,0.665314827524602,0.0517524018819624,0.00706396250483625,0.0575903021807391,0.0611097425739612,0.467302172599941,0.0102194008930074,0.00717660480982296,0.0238387184506484,0.00549208713615313,0.0128262226696065,0.432558006425505,0.0106327681969631,0.0659523830376,0.436167880208172,0.0106839858180179,0.0229002904270477,0.00400579330907042,0.603667083692798,0.29328021062523,0.0691940145594932,5.95771284704233e-05,0.0812276236854787,0.0788584540590366,0.0167512508568466,0.0010653239362782,0.0947380221130295,0.0312335322068777,0.0403175429070269,0.00349337693851249,3.08288881703638,0.756070983205234,0.345255231741163,0.139307776348105,0.0631671570597224,0.0303728986524192,0.35604022802119,0.00973451021271179,0.219009994451514,0.0676966344413405,0.0252971533833985,0.328108061259372,0.00245182942951326,0.00865273254563874,0.00513944398438976,0.011376224189082,0.00581441355949205,0.0267343390673181,0.0263317381171025,0.0368246297729133,0.0539779169558434,0.00991857926461499,0.00426603060094596,0.125995054617899,0.130250625086255,0.0382683069302582,0.000884003242117236,0.201782797970619,0.00462339143871146,0.0396567054752797,0.00158062596445897,0.558341463203489,0.00101430921491455,0.0192550049110453,0.000715140793998964,0.165836552021545,0.191046492058167,0.0886331999265781,0.0304389060130729,0.0537071333084757,0.187895476159729,0.031960630615857,0.0114815343226898,0.170857863279091,1.47152790378624,0.00889869817023098,0.0539884990882685,0.0383760145909867,0.00638253185595402,1.50595193934839,0.0111813248003575,0.0541933387581825,0.0502520025591075,0.12533721412189,0.432032012290226,0.0604672794372605,0.0524532435852467,0.0169631244112023,0.00630068045154,0.0412042324309181,0.00330792865628215,0.00293179091105165,0.125086403518448,0.154628080645111,0.000680473246331645,0.000148101671994118,0.00224361968542983,0.00138851500242697,0.176840054708379,0.159823094675422,0.0153791063973746,0.000294004673957888,0.0688575621188777,0.000819833302263266,0.0161641013669453,0.0127182210891892,0.00655652804311542,0.0948728281973016,0.656683667661747,0.0478156882358633,0.251784211871195,0.0272542179010425,0.21823436361715,0.00235370675902316,0.0741345125511903,0.0688700920632039,0.26902187043274,0.130901815894682,0.0913557085575047,0.00291550143473071,0.100167003876398,0.000908158745655558,0.0144348506355954,0.0452834756448872,0.296746367372451,0.0184865703500527,0.252021160777227,0.0351707593319825,0.0282764075798188,0.529077528428382,0.364164344242406,1.48541042571023,0.0250072604676796,0.0188286287911793,0.00261135976705007,0.207290801049501,0.127115649606939,0.177524013765247,0.148430059520008,0.162576459860412
1440,Congenital heart anomalies,2.5210946427886,0.0520533320052673,1.78477332554532,1.10217066681098,0.00204499859582439,0.813212081799802,0.0608732155880991,0.213938501759721,0.0781036995089305,0.456742287968995,0.00735259928357406,0.0193291188463997,7.12970468033545,0.00600307795307291,0.0598486002867728,0.0727360108609026,0.00722767631415855,0.694607313782496,0.0303327519385532,0.55019596141023,0.025398791276902,0.097247696462506,4.70872905481495,0.00900343152738658,0.102589890683761,1.46608471394167,0.639901761463361,0.0101998227632843,1.21375228386839,1.64696904121251,0.306213084872615,0.188804105511205,0.98520499303393,0.22972521014304,19.1458861964546,1.44025833660672,0.0278423907779437,0.134505214093484,0.0647429397869684,1.60283781671858,0.031713321187996,0.113596251516128,0.0103577717401377,0.0646221819664781,1.07733354697916,4.00023559881107,0.0354316448839359,0.0287417282733177,0.403659762407119,0.534893695433787,6.90873345476413,0.243917876927583,0.0464800108134174,0.125551968520973,0.00728448293226011,0.0499730525918127,3.13779194098845,0.074221781207513,0.0471554496325523,0.499870682132149,0.0582748830915566,0.126065652914828,0.0903919264296785,0.698671158087476,1.44975461902285,0.0677263292752725,0.00209982892184681,0.619497256542097,0.594889397829756,0.0877236630396242,0.0426399030290287,0.711532557358771,0.367028072988182,0.0846448770289659,0.0021552484935014,46.7219935427659,12.7516171522337,2.44276562256146,3.19386524139247,0.037796009430612,0.0877883905951034,0.418463073993094,0.0578352152874724,1.02804830956713,0.440848037104284,0.807143908677866,1.59633868686258,0.0134125446963808,0.0734035224489076,0.336494329921097,0.424395973924394,0.0197144517496987,0.271426720725317,0.106451822554995,0.231578010639874,0.229271049202816,0.0291994802378009,0.00263550690894819,0.752239826838292,0.721678768930002,0.591087679400024,0.00545443788927626,1.64740267326503,0.00310662322988838,0.19004894438412,0.0281803310568168,4.98492557585113,0.00615329730765526,0.150754477930902,0.00133412480923034,1.41520889308752,1.2761530430198,1.854165816315,0.10984768836882,1.35981644518142,0.0991237331848393,0.0512999315733559,0.23618287177033,1.82713114673226,10.5279442733973,0.0141945078830244,0.028815017935258,0.334873313615851,0.138123415999654,26.0156997893536,0.174547540689307,0.464995883098744,0.272126786904019,0.903099591825163,6.62950474174121,0.394201179501743,0.0763416656925272,0.0261072389415062,0.0276323037034472,0.183725014834387,0.0708123179287262,0.191168487748023,1.40593571088795,0.724156574605807,0.00331869109617416,0.00267290539794064,0.0122883009747007,0.00771850110430634,0.676388100264672,0.789136988961224,0.054283117376094,0.00467725967380884,0.555519470642119,0.0308549404608092,0.0648139355827242,0.014004653400662,0.046238003858251,0.773608265857173,2.14392460954534,0.296354328567658,0.297250038228287,0.591457259854226,3.3204247322433,0.016470286998607,0.0638204913250911,0.062338082173034,1.58533706417683,0.624836695591726,1.34533213375699,0.0865187886877381,0.491093264937765,0.00474039387749805,0.0492357127045709,0.324823183304243,1.95399791086188,0.485151636261946,1.83408354805906,0.686041601559717,0.0935682862745933,0.682187059511482,2.19906087743254,3.98806907649766,0.0607063670109008,2.67668276098741,0.0212789256593961,1.30181248351394,4.10922027406054,2.10909855546445,0.781327747883908,0.67631214670889
1450,Other chromosomal anomalies,0.102924603975017,0.00578584087949697,0.341861995921541,0.171345232905479,0.000179066591967611,0.12028244968927,0.000991032988790907,0.0585810053909416,0.0155417944358977,0.00589343562562103,0.00147688747362292,0.00637706016667791,0.502960466446988,0.00118138864745638,0.0168938276315034,0.0185455781450203,0.000543488342712491,0.0699611390215833,0.00195164664472293,0.0275357286400673,0.00234290306218784,0.0237312251598741,0.726112053801421,0.00520642291179817,0.0112540189016245,0.127664579823701,0.0845360485328769,0.00190783309815025,0.019434240442228,0.155970620496644,0.115838892731769,0.0196635972008725,0.0702856016926969,0.0989176200197594,0.203457338385346,0.107987898281684,0.0055286758719962,0.0302794969120317,0.0253108698054802,0.199483564746141,0.0108788906123327,0.00965109216148267,0.00182564246160982,0.00608702495817875,0.0118210406461263,0.656132205407943,0.0109896807796787,0.00720501817251702,0.0177550926334875,0.0363491392130739,0.378111538313605,0.00673584625773607,0.00802528395328544,0.0183441644672551,0.000983054441119537,0.00929636489336025,0.509981172976907,0.00471501922214353,0.0101453116618659,0.110859548169149,0.010907689166459,0.017579503177056,0.00226518249029026,0.180576554626253,0.208893951303288,0.00595704905162531,0.000176592198362122,0.0315462545710503,0.0611755918387724,0.0119047453054472,0.000314479973413229,0.0356048246203367,0.0216982050768876,0.00624917798922181,0.000367487733602377,2.57278147950251,0.436072593317314,0.314360725538734,0.159805728924115,0.0246224793521025,0.0349496647142078,0.0324609964459674,0.00809950467833213,0.257930595197247,0.0267442228032404,0.0108668664340051,0.306065701551359,0.00048276173584235,0.0329904851288118,0.00234521827646613,0.00599040526740162,0.00150265187296295,0.0317674216379694,0.0182116345995392,0.0338744073683042,0.0359886517862882,0.0037952621504556,0.000984526697518472,0.116625064993611,0.111775049506902,0.209194936378886,0.000948379541457571,0.141554995148264,0.00158762265834496,0.0362395987345642,0.00111593887036595,0.207218811585037,0.000349677829448241,0.0253585014010782,0.000109059260403398,0.148758761965393,0.159346233862187,0.0562842297683711,0.0253210967361238,0.074057870558949,0.0393479398922135,0.0176151676716551,0.0117903925126888,0.138191800569596,1.07392481858705,0.00281399594120475,0.00928423950362535,0.0133049497318085,0.0372130880594862,1.60203263835393,0.0232393959685781,0.0142073578988894,0.0269280696255698,0.0652004128970329,0.17836829639402,0.105778303954591,0.009365341877105,0,0.0120653159760897,0.0322772849719809,0.00416952186714634,0.00623161888650702,0.184003450315879,0.120580445195004,0.000180289360134637,0.000105376211703987,0.000930809448241294,0.00135094806084004,0.059369248786315,0.116015558394658,0.00516400840509137,0.000193200601134728,0.0487317046880693,0.00805078502516763,0.0139682099325428,0.00217747557578942,0.00229093335936578,0.0806912687410483,0.425861021513142,0.0417088384813735,0.0323768516811741,0.0147564548844175,0.167313574049275,0.000638853169492221,0.0196375004501694,0.0272980082216956,0.2529041724449,0.01225908146767,0.182525683768772,0.00170067067726127,0.0700227921807737,0.000401332125827322,0.00552943395688481,0.0487005430145283,0.23842270938467,0.00661866067222732,0.226889808991234,0.0611441957936073,0.0718735156976486,0.124658661327332,0.352236632646738,1.17523932288924,0.0071223188038643,0.011683713798084,0.000826437090873267,0.0804026255454407,0.11030205489115,0.12847706724399,0.137132149895238,0.120228894907441
1460,Other congenital anomalies,1.75365543441289,0.018806479705441,1.7816046952501,1.23405972170586,0.00120086808151759,0.727418591307445,0.0537613317359528,0.289600990721777,0.0995647409778977,0.192895385243536,0.00551678342835759,0.0283307132239636,4.56258735792648,0.00466292647689086,0.0496006981320776,0.0990792522160945,0.00804874058169196,0.642824921827264,0.0163160735641048,0.401034033835717,0.0199763001577332,0.131689467964796,4.48108931207587,0.00878040712468432,0.0466145855531919,1.08500653099016,0.61100055220921,0.0123086187003678,0.501390192426088,1.59400363695363,0.473612668947641,0.175341717890786,0.738242258183948,0.282491212935712,6.03642105217852,1.0492965469051,0.0345225246059404,0.189131774982278,0.0968162324442817,1.52489792873878,0.0346413726817819,0.164515636004628,0.0142218530748312,0.0660103953801594,0.426597049590387,4.52451325701268,0.0436107948528172,0.0364926142851009,0.355885380459953,0.396583496335852,5.73939316772289,0.110208803281972,0.0693911370630084,0.124694221055729,0.00666591391962487,0.0605418000961613,3.3329693262841,0.0170758861515001,0.0866533969617226,0.756748656981769,0.0796271973588083,0.120019433669735,0.0529820077905427,0.830984898730993,1.44461946690403,0.0740089673129272,0.00141510514498357,0.517260289239501,0.52207840826543,0.0780043747398613,0.0302093918176409,0.345239865121396,0.2737624946056,0.121125297879493,0.00307129462604357,29.4250518752097,6.7468656389627,2.40695631335294,2.71418112111696,0.0570296809816483,0.111072891076792,0.615757174877678,0.0498448349680754,0.879495922450387,0.4584335644801,0.609573059211337,2.24518248469033,0.00470145616549458,0.104049706234826,0.219869840926499,0.174440700700638,0.0155514949131505,0.218474767767383,0.127614934553068,0.228816594202019,0.225933221069348,0.0237516181093912,0.00444578904189993,0.89774735683218,0.818057312364858,0.475208363780937,0.00438292181956903,1.3462773608775,0.00796484985638091,0.207632453350902,0.0257482051097645,3.44640212476121,0.00268235646899542,0.101292941806139,0.000642496506249531,1.15725177972015,1.34818696796311,0.877676382423237,0.141273739263082,0.840055590240963,0.185921296819807,0.0705931266674074,0.252395319281357,1.29237224480273,9.57001617775375,0.00731519158961348,0.0509413624924988,0.0601182279816341,0.0993282094623397,15.107265572819,0.127018990805405,0.15870917058104,0.204286198036405,0.810302195331091,3.44657883008008,0.319442059408514,0.0864524862740936,0.0234444909650301,0.0372792152536103,0.148531333255667,0.0965292524604657,0.126569678030249,1.25848733905132,0.754055158782222,0.0033577433572884,0.00267311785060234,0.00509545542133261,0.00778826241999994,1.00197694017939,0.684630167936417,0.0395051128543188,0.00295016155865008,0.449732692508577,0.0223209299475001,0.0594439763812272,0.0151249690439598,0.0161037699487473,0.649789295047374,2.48882620391173,0.283493667620364,0.360493528517707,0.285417128022136,2.78962780784733,0.014787750245807,0.112018442656263,0.087878358752444,0.653678727677612,0.493945727303499,0.821026779184837,0.0368497807061258,0.405353024176766,0.00212869542896446,0.0319795453971511,0.30200900308693,1.66392559571928,0.389369725195582,2.0896930324954,0.392084907221123,0.0712307352946086,0.778279399378085,2.6617589278775,4.53085047398029,0.0594559922380226,0.604538675974909,0.00743550645612574,1.01025548606347,2.26735278707357,1.55622189815141,1.01174252996313,0.837100347122733
1470,Oral conditions,0,0,0,0,0,0.00956724461678736,0,0.0280957281198102,0.00862921081116961,0,0,0,0,0,0,0.0198820414643494,0,0,0,0,0,0,0.0933395236215357,0.00052700667205867,0.00321313099671359,0,0,0,0,0,0.0633756018850997,0,0,0.00554561063534819,0,0.0195035643156047,0,0,0.00121604322747354,0,0,0.00577074995951703,0,0.00102780878955923,0,0,0.00119505734351003,0,0,0.00610428541193047,0,0,0,0,0.00101367420613381,0,0,0,0.00873646258449111,0.144564618886353,0,0,0.00125479400172133,0.0963316933526737,0,0,0.000266149834247051,0,0,0,0,0,0,0.000988808359564857,0.000508526676753477,0,0,0,0,0.00235267063923115,0.00073705515707774,0.0363720458975395,0,0.113635295055721,0,0,0,0,0,0,0,0.00202925011624004,0,0,0,0,0.00105787815752487,0.00106556811118092,0,0,0,0,0,0,0,0,0.130274076931468,0,0,0,0,0,0,0,0,0.0205271596834069,0.00803354243786756,4.51010948839141e-05,0,0,0,0.00522618738738847,0,0,0,0.00104132781830991,0,0.00652851833416043,0.0126598195300808,0.14889370906922,0.00798323440468786,0.00571783747606579,0.000974823188551181,0,0.0303357121542329,0.00478301585993603,0.00280469239246311,0,0,0,0,0,0,0,0,0,0,0,0.00297171156177428,0.00101509632487016,0.00244656582341971,0,0,0,0,0.0448608671363368,0,0,0,0.0156542487800334,0.00968064183036875,0,0,0,0,0,0,0,0,0,0,0,0,0,0.0615929931770274,0,0.319424555004679,0.00302410643238137,0,0,0,0,0,0,0
1480,Dental caries,0,0,0,0,0,0,0,0,0,0,0,0,0,0,0,0.000348165751361857,0,0,0,0,0,0,0,0,0,0,0,0,0,0,0.00435279210889039,0,0,0,0,0,0,0,0,0,0,0,0,0,0,0,0,0,0,0,0,0,0,0,0,0,0,0,0,0,0,0,0,0.00104075582067695,0,0,0,0,0,0,0,0,0,0,0,0,0,0,0,0,0,0,0,0.00111495557189708,0,0,0,0,0,0,0,0,0,0,0,0,0,0,0,0,0,0,0,0,0,0,0.000825563157598862,0,0,0,0,0,0,0,0,0,0,0,0,0,0,0,0,0,0,0,0,0,0,0.000940515053755251,0,0,0,0,0,0,0,0,0,0,0,0,0,0,0,0,0,0,0,0,0,0,0,0,0,0,0,0,0,0,0,0,0,0,0,0,0,0,0,0,0,0,0,0,0,0,0.0040717130344298,0,0,0,0,0,0,0,0
1490,Periodontal disease,0,0,0,0,0,0,0,0.00104522918517547,0,0,0,0,0,0,0,0,0,0,0,0,0,0,0,0,0,0,0,0,0,0,0.00114144684547152,0,0,0,0,0.00475843405242128,0,0,0,0,0,0,0,0,0,0,0,0,0,0,0,0,0,0,0,0,0,0,0.00227563757738665,0.00232786028228176,0,0,0,0.00106343815450841,0,0,0,0,0,0,0,0,0,0,0,0,0,0,0,0,0,0,0,0.0121003428799155,0,0,0,0,0,0,0,0,0,0,0,0,0,0,0,0,0,0,0,0,0,0,0.0121438523462549,0,0,0,0,0,0,0,0,0.00104626042594211,0.000347561051174491,0,0,0,0,0,0,0,0,0,0,0,0.000503390218057756,0.0136396317224183,0.00105453588617054,0,0,0,0,0,0,0,0,0,0,0,0,0,0,0,0,0,0.000964656672342357,0,0,0,0,0,0,0.00411301314641526,0,0,0,0,0,0,0,0,0,0,0,0,0,0,0,0,0,0,0.00108731668507984,0,0.00918604711189345,0,0,0,0,0,0,0,0
1500,Edentulism,0,0,0,0,0,0,0,0,0,0,0,0,0,0,0,0,0,0,0,0,0,0,0,0,0,0,0,0,0,0,0,0,0,0,0,0,0,0,0,0,0,0,0,0,0,0,0,0,0,0,0,0,0,0,0,0,0,0,0,0,0,0,0,0,0,0,0,0,0,0,0,0,0,0,0,0,0,0,0,0,0,0,0,0,0,0,0,0,0,0,0,0,0,0,0,0,0,0,0,0,0,0,0,0,0,0,0,0,0,0,0,0,0,0,0,0,0,0,0,0,0,0,0,0,0,0,0,0,0,0,0,0,0,0,0,0,0,0,0,0,0,0,0,0,0,0,0,0,0,0,0,0,0,0,0,0,0,0,0,0,0,0,0,0,0,0,0,0,0,0,0,0,0,0,0,0,0,0,0,0,0,0,0,0,0
1502,Other oral disorders,0,0,0,0,0,0.00956724461678736,0,0.0270504989346348,0.00862921081116961,0,0,0,0,0,0,0.0195338757129875,0,0,0,0,0,0,0.0933395236215357,0.00052700667205867,0.00321313099671359,0,0,0,0,0,0.0578813629307378,0,0,0.00554561063534819,0,0.0147451302631834,0,0,0.00121604322747354,0,0,0.00577074995951703,0,0.00102780878955923,0,0,0.00119505734351003,0,0,0.00610428541193047,0,0,0,0,0.00101367420613381,0,0,0,0.00646082500710445,0.142236758604071,0,0,0.00125479400172133,0.0942274993774883,0,0,0.000266149834247051,0,0,0,0,0,0,0.000988808359564857,0.000508526676753477,0,0,0,0,0.00235267063923115,0.00073705515707774,0.0363720458975395,0,0.100419996603909,0,0,0,0,0,0,0,0.00202925011624004,0,0,0,0,0.00105787815752487,0.00106556811118092,0,0,0,0,0,0,0,0,0.117304661427614,0,0,0,0,0,0,0,0,0.0194808992574648,0.00768598138669307,4.51010948839141e-05,0,0,0,0.00522618738738847,0,0,0,0.00104132781830991,0,0.00652851833416043,0.012156429312023,0.134313562293047,0.00692869851851732,0.00571783747606579,0.000974823188551181,0,0.0303357121542329,0.00478301585993603,0.00280469239246311,0,0,0,0,0,0,0,0,0,0,0,0.00200705488943192,0.00101509632487016,0.00244656582341971,0,0,0,0,0.0407478539899216,0,0,0,0.0156542487800334,0.00968064183036875,0,0,0,0,0,0,0,0,0,0,0,0,0,0.0605056764919476,0,0.306166794858356,0.00302410643238137,0,0,0,0,0,0,0
1505,Sudden infant death syndrome,0.129133156342557,0.00125541972857368,0.215670077556241,0.27305166314531,4.91597834735506e-09,0.135386785851482,0.00101425788503306,0.0360728608129512,0.008692705499943,0.0213028372216644,0.000595330006196554,0.00248186444583033,1.21256542690836,0.000282707682825503,0.00115746258453657,0.0121626027941178,0.000208046958961553,0.0554255447216525,0.00284478796752818,0.0243324264959976,0.00259651462699057,0.00800752472036426,0.156848504169528,0.000976495846335143,0.00337223015692176,0.120763345633577,0.0722214191963543,0.000863051433327898,0.0697973226088164,0.221727542338299,0.029084809461725,0.0645086920734945,0.55971691162952,0.0178976496715835,0.530957144613657,0.0865710698223757,0.00405151548403914,0.0161275668358738,0.000463215497402172,0.201473540993102,0.00373055506678102,0.00108810800634818,0.0019714183730057,0.010435651582699,0.0603454819035525,1.04799257923695,0.00399994890969323,0.00518876564177429,0.00555502629666018,0.00946842355528192,0.376368759836206,0.0116754294116976,0.0104858608308539,0.0351871760218253,0.000789370477248223,0.00571926900981888,0.715360876014269,0.00537724717763579,0.00378437633559925,0.0905250038987505,0.0053515334546827,0.00840536398837941,0.00861959188487722,0.0777794199348811,0.091333278382319,0.00300084523580184,8.98577796750811e-07,0.108336645090931,0.156180279929791,0.0215022852087188,0.000836742230197907,0.0358469289038319,0.0123770334385959,0.0117048380291019,0.000812175390853298,4.89047675309919,1.10703581293403,0.0995616386558136,0.285451089817636,0.00696288575421314,0.012084244101035,0.0131285927460227,0.000874626851437363,0.0705133429635256,0.024520799525551,0.128472626878484,0.197413468797335,0.000994287015848031,0.0141942463426678,0.00605040621228016,0.0314741597046255,0.00373645922411708,0.0110785385815265,0.0133242374934387,0.0201207913315989,0.0144183027364654,0.00241438335731164,0.000826982069695071,0.264161289042685,0.0562601111777455,0.0585690941212447,0.000179843954255172,0.237339618628685,0.000130581131757787,0.0315485042939192,0.00174216903438029,0.365511746024467,0.000597435895854239,0.00959116981931139,0.00142177842902173,0.104433989764251,0.227977277826983,0.207040024247775,0.0109614909650045,0.125019614368853,0.0140444453444265,0.0164640219134915,0.0098797966397396,0.461729175777605,2.16006188935966,0.00396283574349171,0.00256152451350887,0.0440392892329047,0.0161645087132472,1.69666975023457,0.00477248955369997,0.0693329672929122,0.0128054487813633,0.0338126229622188,0.591391293930023,0.0136607230583725,0.00153080109336587,6.08852885596828e-07,0.0031609906152388,0.0210923947455548,0.00203469145137126,0.00428578382149982,0.1923309720696,0.0517256087834598,0.000590554975506885,4.55795965024827e-05,0.00293173818831966,0.000705499121863056,0.044482289933424,0.0601087200455721,0.00778838208855429,0.00031578534648052,0.0603568356826159,0.00017295752870395,0.00783503953907593,0.00168018771721213,0.00566479969185694,0.510577671526245,0.292572775568048,0.114581190682297,0.0279443635001635,0.0287912036865343,0.669567122476193,0.000362169020861201,0.0102553447338765,0.00384221183544711,0.131885476899966,0.0304915192179494,0.0699016394840057,0.0115607635750962,0.0398767524604164,0.000560131016401395,0.00231480276462466,0.0128129099761863,0.196831488157377,0.0250239895339166,0.221661547508557,0.0650016373325374,0.00775516123064039,0.0798261681081426,0.210461578306253,1.29486858093128,0.00322978417038639,0.148979065602064,0.00242495613604482,0.0247356517925186,0.478180077083027,0.64121404796165,0.0806147562300754,0.0557436480221739
1510,III.,78.9029514286489,0.732165499999726,14.7377296666588,19.6315508518001,0.0201638127818779,16.7980206237049,1.25200465908495,10.727165689054,4.86021142126719,3.0697877660714,0.35823015763954,0.320869211589216,63.3188432648101,0.1145045850078,5.24477214087059,6.9959475596528,0.302108906858099,9.24083147950808,0.376550076299661,6.38324246286215,1.2254560671385,1.33788341355254,161.212073482055,0.0944072382569168,2.60591289109772,18.9968973873629,8.35019519377195,0.346681630294914,9.50126343455249,16.241232224469,17.0943424159747,5.46299625587691,13.8111125488569,7.91571806025121,691.862531171148,35.1158918689115,0.564957467147947,2.41556049217096,2.71998686572807,19.9890588015148,2.53271573553113,7.29437000680111,0.359481125856161,4.99669438664051,20.0203146619901,68.9831844932525,1.83578749108136,0.770761244491485,7.12149055090184,10.4713561004461,25.1251300195329,8.7500602250185,0.844476736919046,2.69013215047265,0.783627674670071,1.40558982544109,78.8331120557631,0.314066633828966,2.99289927275139,41.6413226603768,1.16951521106446,1.50973638252769,2.03993575203509,44.2386470776107,18.5176101791584,5.18577104976267,0.0516752173978591,11.2497147987917,10.856891159765,1.54728522379375,0.676515756500284,12.5196130966979,11.235031832381,5.0947981395104,0.13864782686264,918.867250954553,82.7992173936083,35.2271776266259,25.5136054579507,1.26439256514493,2.20571764524564,24.6840485715244,2.47260793974466,65.4657670637699,2.39211451594923,9.6506495694057,30.4501156955723,0.0558228593176376,0.943480703583594,2.52589265056589,3.70223514946969,1.42123572876418,1.82799715060121,3.03221301642639,2.81299760287766,4.22424725825814,2.24575241094216,0.22741401182832,17.7039097055067,10.8297331552299,13.3999980190697,0.0832104530484814,16.3777163675037,0.146203935403444,1.85042217973264,0.46184625155168,78.7405912407074,0.0696300617184231,2.1765786464385,0.212232659216719,13.4794343529173,20.8010510924205,30.3622838496543,1.94059186732214,19.142888572752,9.20735420890163,2.06272804745785,2.2749938955052,20.9840113468801,132.294642353229,0.730247824077955,2.43168416382677,1.35827703668702,0.928534780990419,128.226607748703,1.75756459106118,4.71844215487074,3.39176521851677,13.9769359021642,55.9441892359297,20.2449865069568,5.29702519691994,2.09567954282505,0.699947476374345,26.0303168432613,1.70279617326988,9.56339274260105,103.047869742882,7.37242894925791,0.0911408814213052,0.0655607575035036,0.0868272789609744,0.0759239321079678,10.0786489962232,10.2539715649251,2.80231582331212,0.0493266957081226,5.15174895147165,0.830362173362432,2.59796854251674,1.57061931404934,0.478853964971189,16.7649675353784,66.5812093365747,9.58492459331625,16.0220933080387,10.6576601140908,23.9373775761734,0.386098516785515,4.62048381259011,3.94890679081846,11.9154150404179,3.2406571727381,55.8265894719811,0.61332110108976,6.2035949328444,0.035840576619945,1.10940965261571,3.84020723424687,21.4118437402607,2.37501019050886,27.107914115649,28.2530131439028,1.54735862736666,23.1560294116542,31.1826645391159,209.019585113158,2.49495126214865,10.4149654043887,0.167457195534019,30.7388997058628,59.6884018380506,46.3262463715541,10.2943229513396,14.288010399003
1520,Unintentional injuries,25.4304444983778,0.554993980446679,12.9842559212801,13.6864754932826,0.0134385867216273,10.5034206119193,1.05313113165067,7.09040482868831,3.51447121093178,2.62911312108493,0.168541715367494,0.246618308026611,53.6603711095283,0.0688007535929658,3.59146445872026,4.72957571221615,0.130653959088248,7.45872989551577,0.315002648667653,4.59863898558388,0.888697191689757,0.765389851634056,76.2471623932481,0.0769212575401203,1.87772574436903,13.6359740500578,6.32573253003634,0.19777602387892,8.42279019682602,11.401831245239,12.8246086626741,2.85658657139796,10.3143945274734,5.68111253256944,553.995651333739,13.9406334753535,0.453733470768904,1.46061849717542,1.62808297087276,14.5199219987355,1.88560786752823,5.20309835763299,0.300806733602345,3.53313611406054,16.4622776017183,44.2209923561047,1.15196436107929,0.612020913829247,4.47954711240024,7.97594464995654,18.7389625197356,2.33997689699079,0.674622280182563,1.89737183802786,0.560083054849586,0.803240251136173,48.4488028055791,0.219321663539028,2.12678428057072,30.0190221762352,0.801491049203722,1.18107407216257,1.77585214165306,32.6456356076141,14.8448970861724,4.575901796877,0.0443750505396185,5.75331297647303,9.00844689516371,1.21307986558084,0.35974711984744,8.98544148765051,3.15549818429939,3.36275252419466,0.0902941962241101,688.398669323838,67.8813961323599,28.2059140478784,16.8648046859883,0.796791140019965,1.45140074731158,20.1248835394732,0.885208441749132,43.3276978295056,2.06607269148745,5.89260381961685,24.6870568801383,0.0276720326142156,0.768395384042577,1.69454313336894,2.88547698013138,1.04946882158945,1.40178087989773,1.49721120064277,2.00109647989911,3.60383533687805,1.51093525284643,0.171712656965171,13.7868003183424,8.9077431698629,10.5461016012785,0.0644531873814296,12.3193245012591,0.107769474988891,1.21742394013583,0.299014786534089,33.7556566024625,0.042206318599191,1.38120982406476,0.12822978887213,11.8103849298184,15.359909288658,22.612317252178,1.19275806398921,15.4636270371691,7.06468766505554,1.39089835572695,1.35782987871473,16.5333439918398,98.3702470411804,0.603622346885337,1.68787479252547,0.620063764915202,0.849113949179143,97.7959172194466,0.732251816344184,3.36911423153964,2.43864790265426,11.373523028997,37.0106968697056,14.7854866214885,4.01374546469594,1.13578218393132,0.553172127171325,11.3729226001829,1.137192086145,7.49236043305559,61.9748298077841,5.65383873107708,0.0458997975120874,0.0295228447156068,0.0561173425889787,0.0600939550374994,8.93788041513149,7.70118651057775,1.64106835337733,0.0261325438765068,4.04854225304736,0.368433465863851,2.00413121894148,1.15438376607011,0.298414974980402,12.7280110204478,31.8720044439772,6.01967698900095,11.6122038396497,6.88668073543816,19.1109447796771,0.218096743168118,3.06737972749689,2.6891386435126,8.07100226522902,2.81250947007767,40.6581695674832,0.49420155090141,4.61811569947357,0.0273564540539243,0.304621171224836,3.14284220958373,14.7535746026424,1.64549432916793,17.2709370423248,16.1324567368902,1.30758116716194,15.8311687833258,22.7391443510022,135.041584691924,1.34170426604329,7.1185677506873,0.112461435245562,10.3536744942989,50.5644132953757,20.8715369249977,7.72308880366375,9.6494143440457
1530,Road injury,9.5192370610028,0.295549058277982,8.17803379197888,5.21019217068749,0.006962314322338,3.99219477702475,0.404826971450191,1.1629367359098,0.411384124445303,1.76852796734765,0.0650139150559571,0.127225723497967,30.9739326645653,0.0277511803078061,0.682056929368847,0.529653923308475,0.0689726203760937,3.32140462661767,0.0953382366443139,2.18084761077809,0.456211853507603,0.390163572121342,33.0211907977179,0.0176681939254935,0.574014611697903,6.12568231556789,1.59405511623177,0.088387034921193,3.09059552076539,2.84378933550458,1.81861694847357,1.30030727787816,4.70326139715646,2.01393043064022,248.43712170888,8.31004860671157,0.238665098023139,0.567227717524321,0.777634109549847,6.21535407166382,0.314980658180562,0.606063170465784,0.052127426521,0.549536120237594,11.1663951771246,16.2105322833458,0.134106578811694,0.262661105309711,3.00497715856937,4.14224676341248,10.4186144351744,1.32064997629162,0.245547184201202,0.595890227780877,0.0587520905203001,0.296215053918788,21.5199924364141,0.0488748461402342,0.232172626576407,3.12437651728664,0.399675022371171,0.590879847025199,0.475381106335922,2.78605365254736,8.46578227001738,0.756968146296426,0.007836551002,2.20864652652142,5.14091837329641,0.632370167566598,0.122778747025185,3.5574176863954,1.84274329249172,0.708734695558465,0.00904931070574852,204.955154259705,31.2398821052137,18.380885271737,9.24037590302263,0.142196480937492,0.381858933264446,2.99173912905844,0.504945776039857,3.29168765840506,1.46780571437458,2.42749993128235,15.007844099349,0.00807259224491641,0.413400355678697,0.943406446006764,1.21599411762746,0.188891032822,0.551954771578899,0.462788112245994,0.802357767928456,2.42815148246373,0.178580399786869,0.0251987640012745,6.62294296037829,4.09396492706645,4.80176827675333,0.00722259861000556,4.53239037918913,0.01049989577,0.466115540330509,0.125623613098,15.2173372243267,0.0152064773143991,0.412500974477163,0.0546486819680539,6.85024265233392,6.16711761654449,10.3373499887766,0.614706713883524,8.40699968908272,0.604862947615778,0.336396372998012,0.901780035654626,6.10570446409881,37.5300610250704,0.102112971347,0.0820936653417311,0.244978079372646,0.493891245212117,28.5520081773012,0.317258389078022,1.49519353832307,1.40438030631657,4.30869317978543,10.8476460945649,2.52960934315265,0.752980043602286,0.410746589951041,0.20464396176729,3.57486022276378,0.273755091589287,1.8579376382555,15.4085749050594,1.59030116870946,0.0158322029698256,0.004901514092,0.020061208752387,0.0260041548277101,5.78028362253729,3.77131366935619,0.507385901943499,0.0083139985274548,1.11809148220483,0.125608843734866,0.349359218011864,0.112499491121,0.0873015819258153,3.47216293127251,15.1728328770524,2.51702839808579,1.67979676240125,2.64023676391188,9.25468671853576,0.100303827634863,0.220126017121873,0.206374974730883,6.44312109151718,1.3642436394049,18.4538655198547,0.162284020580145,2.01317059531057,0.00860778477210565,0.0828167344834563,1.94464997410461,5.82984053225596,0.548987983832431,7.65569675071209,4.6545176592596,0.57852593031541,1.60627328967763,9.86625207770935,49.4946215821061,0.443732313238478,3.20430129978183,0.0388883884526932,3.75926464442514,16.9176292790082,11.1296479962343,3.40148546269053,4.72167304285089
1540,Poisonings,0.999346018315129,0.00595824604966239,0.227210041565745,0.343374288245727,0.000482717737198173,0.123592523926246,0.025749942288768,0.0298864290445699,0.0157601806919088,0.0421991591022239,0.000618675764072797,0.00292942663036958,0.206830008218888,0.000313932184653231,0.146517365317076,0.049026409958322,0.000839914413803101,0.145321387096563,0.000592347106690387,0.0468541911059689,0.0607180643532148,0.025309446619387,0.283083965722604,9.3482782987744e-06,0.0504066269885782,0.348497542940594,0.292458354251712,0.00149696880744033,0.0704278859547048,0.287811653058291,0.114979432280923,0.0697390623340025,0.208457494550097,0.0816053005382704,20.957936306578,0.0974544440195339,0.0112804762569733,0.0353426119175355,0.00676186971098061,0.288181111060839,0.0113227258920726,0.0135725028756135,0.00383140891670457,0.0600271530254281,0.329398074560469,1.29456345369276,2.7143598182307e-05,0.0169722077318087,0.0299437747058787,0.181489482663948,0.229921648613128,0.048337995455969,0.0112095265743893,0.0702348298492136,0.0189742519130905,0.0356908423776152,1.42125007375418,0.00186075096037087,0.0210362489180001,0.227257627500202,0.0151817901938155,0.0212997053231192,0.0419807378686915,0.335399693848472,0.283455028499268,0.0205832254531254,0.00196765997834871,0.143512322269848,0.13551319699987,0.0211748285875334,0.000607161121101489,0.0553149842533828,0.0527412711801446,0.0444235942380631,8.54422142744811e-06,1.73405340627205,0.627132390781895,0.551751236401937,0.0811871106742128,0.0133197344186142,0.00371834994870935,0.183435639377507,0.00279793940480753,0.220639053024699,0.0355203815588344,0.280453924485106,0.79558926047845,0.0022086735638185,0.0160191033741487,0.0480765957452523,0.0258870130179783,0.0151675575345557,0.00917464887998502,0.0789666637949117,0.0435158489448679,0.0630744159245832,0.0326280148147214,0.000517864777070375,0.406405518361491,0.22660845450522,0.224478101721999,0.000373232830754693,0.277005500670773,0.000486664064,0.0236296120429501,0.0104836557223484,0.500998286024467,0.000570938216004303,0.0997102262284046,0.00196212254007062,0.262662157756337,0.467450481762633,0.49646563368761,0.0387743983906995,0.862399501677042,0.0142382884129334,0.0102928168178322,0.00947978491638371,0.383226503231277,2.33601391166566,0.0202279906970811,0.0155805811403895,0.00753967999305302,0.00164279122348974,0.293232696798285,0.00884629856291289,0.0442260894369593,0.0113258907785367,0.253716079568398,0.256163767388777,0.464678849097373,0.0340392492854169,0.00879934519576056,0.0115511906494291,0.128915917386311,0.125464355950157,0.369863571083006,4.01155017827655,0.173703370068751,0.000258389510928231,4.35433663741833e-06,0.000635281395798939,0.000679222318119414,0.0935949012829556,0.139097377755123,0.0217819164108765,0.000424300099003625,0.100388379536079,5.92712732631461e-06,0.0315886741483658,0.00467515307851133,0.00485296168655811,0.547294382066599,1.03781722169681,0.17493423940756,0.162579369134717,0.0395409515812989,0.558660515525405,0.00128785013098105,0.0157153567761405,0.0107021972505227,0.0603104786878805,0.0888512248275172,0.275495032292856,0.00401660583985066,0.0984184865972753,0.00132722459423048,0.00174152106868204,0.0482512684849685,0.292966258365767,0.0220791022816315,0.521197124671852,0.908527184330998,0.0148836364703992,0.221004220150069,0.646062115778012,1.79672693752725,0.0155797146805766,0.20002243627618,0.00166748824032682,0.112784531232872,0.870865538658054,0.576396349943744,0.231184484596132,0.552768709968103
1550,Falls,3.15341067923056,0.0844851502157989,1.42160011321661,1.43706698888138,3.83710355297086e-06,0.614482100789783,0.0846503974389036,3.89001191262419,0.987212766259494,0.14583492488216,0.0266183433387567,0.0323596362561212,4.08815105847951,0.015520840048272,1.01690341215474,1.72462490171777,0.00925614912081227,0.800912593214157,0.0961559467252831,0.691861492365895,0.138049990499831,0.0393195760120713,20.7613621642809,0.0167427158536996,0.476875872008551,1.56639328971416,0.738223140252157,0.0229169264717208,2.36924618654135,1.52167383159836,7.14266341356418,0.157079824409276,0.827640175936862,1.20851739789707,144.153785556384,1.76548747613312,0.05231362287699,0.162829093715923,0.121235727731566,1.57706104926558,1.11690889162292,2.47661167064571,0.0766812740114795,0.608448482103677,1.91632906859234,4.03240949964605,0.661015458178528,0.0820926870580412,0.258407367414264,0.449155107852019,2.18484321277374,0.342157503500383,0.0546198706430444,0.278802461814752,0.187403565416534,0.0386437468797676,6.4126669362166,0.0280934809119353,1.24902759417759,9.99047631417192,0.0856679543407914,0.148569063931933,0.564491250997466,19.2124183891765,1.93070750371971,1.64186579129803,0.00645438292768332,0.799683694759128,0.753331072061045,0.102130527806461,0.00529313197934421,0.411504727274736,0.241395008403291,1.62264101449654,0.0249021755278214,234.068705671373,17.9547350322935,2.18600218644295,0.687396684396866,0.265144387297447,0.142367725944814,4.34457938511122,0.127281427568022,10.0278173692153,0.147252315641324,0.632915765562218,2.6897492705142,0.00228306447177024,0.135645533720598,0.152113627094896,0.434433801660117,0.187976693910174,0.321907065465949,0.0814267163564987,0.244338173066759,0.319969389329613,0.548115896372937,0.0695754172345532,1.13848864865345,1.28751750135613,1.78347306010562,0.0252119578649404,1.24883805678783,0.0646315986025192,0.201469471093126,0.0435279991354423,1.95543069740506,0.00511347777307072,0.209054706710481,0.0410822805028711,1.34861279233572,1.75375389938575,4.61812434611944,0.0512837899779699,2.55227831558332,4.72646682930887,0.678639244142756,0.0956055467594885,1.55472065085577,10.7495220105059,0.0169938406526835,1.0184709831522,0.142680236691239,0.129164137200209,14.8697006240439,0.0628017398308004,0.316492337991088,0.0989496811626839,0.214789140691798,5.64518683902632,5.87848428250413,1.14032572080803,0.300123037341059,0.117957641455898,3.05702545135779,0.0681829690821154,1.73588272684846,11.6951517231824,0.927093942175915,0.00640803820719482,0.00452078410514125,0.00973247877433876,0.0132152664522466,0.566748167535157,0.985733954621336,0.55273293100686,0.00392422683844835,0.481844055889654,0.178702979344084,0.792908557336179,0.783337200694907,0.0390196679278692,1.00248662094127,1.31341291200105,0.526864721664805,3.66983033343191,1.67312364155873,1.52045122259311,0.0215910725700253,1.10202013047411,1.85483840694933,0.362835419797103,0.353712641814862,7.04825883009516,0.0770938663108413,0.494569039927179,0.00357307204850239,0.0598346284933586,0.376402271499045,5.3318803374514,0.137178048461962,1.80915391574587,2.66021934313246,0.215967253659995,7.97241567823967,3.3094540732131,44.6625176580489,0.0553928844287828,0.686905817511704,0.0139972338812973,1.40980647030455,15.5977090547655,1.52753337312573,0.875601661988573,0.479246135113879
1560,"Fire, heat and hot substances",0.59382308498374,0.0125602354015819,0.756125350425061,1.10890394294328,0.00126180712210487,0.251600631245528,0.0375569804554922,0.0643596407738312,0.0308760979268744,0.217308026493129,0.00976626753863053,0.0121245085801679,1.52768584261037,0.00272598307436162,0.459044035434543,0.0725797941344366,0.00225077829618928,0.450534195882457,0.00743171951746371,0.115566145206812,0.0163652347049223,0.0794263054607136,1.02267422350718,0.00283048354033137,0.151563531200931,1.04697056343329,0.791427500576922,0.0116763619828852,0.184067114605166,0.937028412030225,0.224859127534861,0.20693648147891,0.605851913844286,0.321641010663123,10.4398880202231,0.109453420831427,0.0371026667748879,0.130837142602028,0.0162401744196641,1.12352614699937,0.0354678745075698,0.0565119230480963,0.006497227221262,0.0678670642811867,0.225429089851031,3.81575643615808,0.0503068960124887,0.0577317186586771,0.100475261847524,0.129339025498938,0.750551504968219,0.0298923851650909,0.04018421995271,0.212216176499904,0.0350900668200987,0.0945216597495403,3.10456972882838,0.0233471277977304,0.0459311746752348,0.378343237148962,0.0537801304755594,0.0714258627891355,0.0933083417221328,0.342254004689855,0.879127416232895,0.123913567032816,0.00162307849414358,0.115745279473318,0.460468625079652,0.0639725114451828,0.0130375605841284,0.271946748241995,0.0267849439894106,0.123111532966002,0.00174316024193733,27.1255725725193,1.33895916723048,1.42867953623663,0.894704230628595,0.0196898877204592,0.0243757688764703,0.256745448558628,0.0135219188953638,0.959069701867834,0.0980711749468502,0.290062414211075,1.46164473059133,0.00112898796331701,0.0218896971724756,0.0505663164650396,0.0776125498930062,0.128339791416904,0.052614703049666,0.228081986434449,0.12845781302067,0.17849084405001,0.0786898570738731,0.000607306881711404,1.14433543976125,0.69382281028275,0.234522843686875,0.00179095241278944,0.908078760150656,0.003208009851941,0.0838389501600136,0.0129842037857097,0.552446359442022,0.00116486515475482,0.0682752957752063,0.0073875168755312,0.708735876451923,1.41850354460332,0.235578905022703,0.109148059492813,0.356752372873414,0.0366288423386499,0.0179126042656061,0.00749538444031366,1.15270038571586,7.50941330357509,0.0184473192244947,0.0372445544186741,0.0258918126807547,0.017430247384834,6.31115715680889,0.0196447649748057,0.252160464211956,0.0614193297676818,0.0972183566464561,0.893917502854159,0.54791148697418,0.107164840820351,0.0110609874438571,0.0258693791904726,0.280044058705988,0.0449914391945144,0.471049267358009,4.21514778747351,0.603727435276794,0.00180537619111298,0.0014674808949493,0.00149881209954974,2.09140480481273e-05,0.540047728411159,0.429851823062625,0.108143085708396,0.00136733477939708,0.324133829231817,0.00819013387027746,0.0578042317137329,0.00765433136470784,0.00910487102883968,1.43946507531748,3.71189488553163,0.519257664653059,0.196501621014986,0.256101954629707,1.7320225973369,0.00813094267635039,0.0537201204425547,0.0286395181346732,0.198163564857469,0.230406140935364,0.733544140211563,0.0133756183233362,0.310138050689128,0.00288383015139542,0.0170003437306502,0.151060451813674,0.293357172004378,0.14085305275591,1.33658075049748,1.42220221827914,0.0531548819059758,0.258066363329446,1.94340662537238,3.53605369584706,0.0543711958573488,0.384581230238832,0.00296502956045827,0.231731463438091,0.54095831097077,1.62394848531126,0.667161624430825,1.04687642818926
1570,Drowning,1.89562786219144,0.0256708679667336,0.417296148536763,2.79815638860873,0.000421185538201932,0.318997611816126,0.0324839878608401,0.198217796609507,0.0393594028839411,0.162115623292209,0.0254420713764871,0.0159240376829081,9.60386692064898,0.00804457822638821,0.353819381616998,0.0701878782725783,0.0156658508544713,1.03493386285104,0.0231426983455408,0.291384074566042,0.0106956026445755,0.0731765612187253,4.33828141452819,0.00949763976636464,0.11349882056051,1.62827321511201,0.996970633197237,0.0389578746210884,1.27558124944257,2.23254181560331,0.297748394686993,0.53116682368849,1.39717989019486,0.257415439912673,57.1795546512821,0.670343762017635,0.0349861902351169,0.219653870316954,0.110172631960148,1.80429568089278,0.0678112672208894,0.156510759516468,0.0233283505953017,0.147953249359002,1.04761813432124,8.34031257960441,0.0355948934264719,0.0589773881236227,0.224166099810258,0.485870235493249,1.67296317363476,0.173568092458877,0.0889806152347977,0.200640186410767,0.0509288608185372,0.112400108489527,3.84747091016902,0.0530809445788687,0.1178959944278,0.618094390717018,0.110679074008421,0.109918787334841,0.0414526526159291,0.41401217534101,1.11808615546025,0.377302726504525,0.00270697608116844,0.233286383200855,0.880780156736077,0.130641325528376,0.0771530932474088,0.911746924846434,0.153911197515532,0.112250561570896,0.00324591145467176,54.6790239418974,5.90443538845773,0.72634769160354,0.764725871613073,0.054677825456983,0.0262845074933913,0.304477580041499,0.0195697140939282,7.31317090831765,0.0663231727638324,0.605767858646669,1.54261842013174,0.00857494349377792,0.0236409296350154,0.182060496545294,0.570775679167588,0.130263199159643,0.0336206062074663,0.189440291527543,0.266162987510307,0.105175929630231,0.156536357387684,0.00150494820956967,1.5001864890073,0.866812656147878,0.970523291279797,0.0116689065921415,2.04588938600592,0.00525284226434867,0.157660481978648,0.0336217561540293,1.80429963354798,0.0121672573921063,0.136667823251144,0.00645193560906424,0.391484248559564,1.70284264341165,2.75283583211508,0.142352758816009,1.59966606683974,0.0836939593891698,0.0622112314337989,0.123189755773554,2.76280860545581,14.067668446278,0.0160133769601853,0.075257173683395,0.0517051036610454,0.0725391365962267,23.1445028766339,0.140261030664485,0.649127121119971,0.09314234304323,0.493310412405249,6.6145404164219,0.493000468978043,0.0838988605821494,0.0226309043842362,0.0397234130313996,0.502907350993262,0.106755258789389,0.617742991607432,4.3122212342269,0.793566567083411,0.00711608043685408,0.00513298743159923,0.0129256204070427,0.00200259213858234,0.469876464256437,0.800842866705509,0.0686774762578201,0.00827569631674094,0.671266194586066,0.0219859301918725,0.130845665810891,0.0165948121320326,0.0872953028542448,1.9158473116214,2.71209926729031,0.756841651461246,0.51251373715593,0.754065310924439,1.6755081437367,0.0278520082951528,0.0965403981648554,0.0454057139916441,0.173686510665223,0.429039004150813,6.51027218947185,0.104853498340702,0.572010559449757,0.00538022060494753,0.0509471646702211,0.0864446474958303,0.54723060713303,0.190495227846968,2.01659571510403,1.96513446842531,0.0620736561872922,0.269145004540644,2.47284440661455,4.52652412983414,0.0487244002735106,1.16329950936594,0.0295828920058325,0.657752573167133,7.69063996642233,1.33257656823494,0.955901882795478,1.02647673930856
1575,Exposure to mechanical forces,2.16686389905667,0.0435457135235172,0.609358910890669,0.353025870087019,0.00101059026247671,0.15342658279997,0.0425475587026711,0.10394546293903,0.0520446632998976,0.0279367326148591,0.00286502827341189,0.00894638782521132,0.223895733285215,0.00182102618697286,0.114340763608748,0.0581458494051684,0.00830753612834779,0.234575287597949,0.0431500841638519,0.147544827148451,0.00716542485251509,0.0339682941228595,1.29219300721392,0.00302789695030673,0.0928194073057904,0.285901958956998,0.339031998610456,0.00507966107352918,0.212069430271188,0.473230485395105,0.217956715102367,0.0952622501555105,0.328552372283599,0.496146504448932,24.3082647500673,0.265915647907909,0.0141714154875145,0.0472508733917793,0.012176696425703,0.465964130481616,0.0421544915461341,0.0463387866509982,0.00165058722304775,0.0682444372070997,0.432218315771396,1.64139869487282,0.0143952734419633,0.0255852788684212,0.103517360574495,0.0784180249954034,0.676299786551552,0.0345188430677819,0.138678539864004,0.105159843764855,0.0157740867409927,0.0522487711341913,3.74783264105976,0.00478888527112059,0.042138180332261,0.232286254830342,0.0189522498941098,0.0344977191773958,0.0887204813716033,0.346781854336026,0.226471023699162,0.0872445156273656,0.00211201014087223,0.736094680468449,0.224512058217062,0.0387895217657097,0.00932593820804344,0.356784425936506,0.111418789605963,0.0740368810438096,0.00276622357893351,15.1114574571694,1.26085314825382,1.89643193878252,3.06693562790894,0.020656520139753,0.0275308863419683,0.39325198410654,0.0891835688038622,0.496845659330473,0.0417099149817317,0.253168433694121,0.397345677386703,0.000596374630380824,0.04702835186596,0.0404099008674545,0.0749497028410628,0.0192140842981273,0.0823499089131737,0.107928701612709,0.0721029529854381,0.183570193382407,0.0438816677327695,0.000545689283319679,0.498765613662294,0.340865550467487,0.184584556977005,0.00119563013507174,0.40604328834914,0.00427520453736894,0.0373775222216182,0.00207934763064953,1.81776035409659,0.00124559726934538,0.071451382777823,0.00181375157607293,0.678372109052287,0.497170495493272,0.600249154042442,0.0526733292607874,0.212604653355731,0.0631912441474742,0.0436572906972084,0.0208722244519187,0.590933659902021,3.00746963464944,0.00243748016672121,0.0252922316104291,0.0756968571910431,0.0609382303448055,1.89704544001075,0.015210254967392,0.0812011011580324,0.0309880873430119,0.418366067225786,1.96016545298002,0.431110115623903,0.0527001871023724,0.021259708600688,0.0759395829528173,0.402435400999168,0.0168143504625692,0.245643661308921,2.38966450933187,0.27260891278694,0.00341702268410552,0.000880632937611101,0.00148590886523822,0.00221494955179839,0.562088890571992,0.221035864993698,0.0721651157722046,0.00039363578041377,0.149726444814501,0.0111595318420301,0.0983881388880826,0.0307690134963016,0.0110079422952017,0.865597481532393,1.97797852812415,0.258630337331047,0.204825218932804,0.231698204839357,1.23462176401275,0.0087383792942349,0.0560851824327054,0.0377314838320076,0.124008218950828,0.0172267131193435,0.8347826903644,0.0124062262076064,0.160258292667191,0.000446141871020639,0.0129882861433113,0.276060169219344,0.867864763773453,0.0752720457253041,0.662180500978291,0.469134193852015,0.120374493582427,0.298370903110573,0.551061143589822,3.12287420116195,0.0221742356484977,0.146205887929559,0.00366390600970572,1.44230604904959,2.67731983159256,1.32657076039697,0.200128842136785,0.286263776191733
1580,Natural disasters,0.52178070389798,0,0.0130093863234797,0.0241054324531235,0,0,0,0.0070234993120523,0.00101151883948017,0,0,0,0.0236180045502568,0,0,0.04300054070402,0,0.00888328442632047,0.00954605955008035,0.0425608126356622,0,0,0.0412767542540076,0,0,0,0,0,0.00101965370967775,0,0.00509603922559403,0,0.0313778992982846,0,0.450775479599269,0.0491552783126785,0,0.0279603464767274,0.0031808429855201,0,0,0,0,0.00583320218816151,0,0.0397026145043231,0,0,0.00192470246764487,0.00564063504902241,0.00316875016456998,0.00432651773191123,0,0,0,0,0.0181759216987085,0.0059667251247021,0,0.0020034526664508,0,0.0106481743222134,0,0.197073020104179,0.00855012036561017,0.00102299574137239,0,0.00212960220279286,0.0051116092992513,0,0,2.29776141939068,0,0,0,2.10764219510869,0.511792844646179,0.0263345423944893,0.0167727624358116,0,0,0.00100828525124967,0,0.0610427154239339,0,0,0.00997577132037012,0,0,0.0149059386198546,0,0,0,0,0,0,0,0,0.00330332400491203,0.0139290968391323,0.0529613650612922,0,0,0,0,0,0.0693438346620098,0,0.0120170757690287,0,0.0229655518941194,0.0116798715652884,0,0,0.233224839661809,0,0.00100487386356969,0,0.059826875590283,0.00375541628841829,0,0,0,0.0196953315665205,0.280736940822257,0.000959095512622112,0,0.00924522885072973,0.0214925514081095,0.544202210379159,0.00395580953061866,0,0,0,0,0,0.000986232152912663,0.0142239957690593,0,0.000877963119772442,0,0,0.00874813180629301,0,0,0,0,0,0,0.000999027986512092,0,0,0.0214328212415077,0.0453887809513807,0.00752627909636356,0.00928614335065979,0.0357039191912431,0.0602279350768911,0,0,0.0162957705952685,0.00170328928468731,0.0238108825464426,0.0166814831652582,0.0395616455279009,0,0,0,0.00280968808593492,0.0749080886329333,0,0.00532079159512215,0.00105759989477926,0,0.00101179592194584,0.0507176792164937,0.559491735537677,0,0.00817482417536928,0,0.0461245994610526,0.0352113471786496,0.027379492009935,0,0.00318240541065524
1590,Other unintentional injuries,6.58035518969943,0.0872247090114025,1.36162217834287,2.41165041137582,0.00329613463575465,5.0491263843169,0.425315293453807,1.63402335147534,1.97682245658488,0.265190687352696,0.0382174140201776,0.0471085875538655,7.01239087716977,0.0126232135645117,0.818782571219305,2.18235641471538,0.0253611098985304,1.46216465782961,0.0396455566144292,1.08201983177696,0.199491021127096,0.124026096078956,15.4871000660233,0.0271449792256258,0.418546874606768,2.63425516433286,1.57356578691608,0.029261196001063,1.21978315553598,3.10575571204914,3.00268859180565,0.496094851453613,2.21207338420897,1.30185644846916,48.0683248607257,2.67277483941959,0.0652140011142816,0.269516841230154,0.580680918089331,3.04553980837148,0.296961958558076,1.84748954443032,0.136690459113549,2.02522640565839,1.34488974149718,8.84631679428041,0.256518117609965,0.108000528078964,0.756135387010803,2.50378537499148,2.80260000785522,0.386525583319158,0.0954023237124159,0.434428111907493,0.193160132620033,0.173520068586744,8.37684415743837,0.053308902754066,0.418582461463433,15.4461843819136,0.117554827919854,0.193834912258731,0.47051757074131,9.01164281757075,1.93271756817816,1.56700082892334,0.0216743919154022,1.51421448757722,1.40781180347434,0.224000982880983,0.131551487682228,1.12296457131138,0.72650368111333,0.67755424432088,0.0485788704935702,148.617059819793,9.04360605548253,3.00948164427934,2.1127064953082,0.281106304049216,0.845264575441784,11.6496460879681,0.127908096943291,20.9574247639207,0.209390017220301,1.40273549173531,2.78228965036646,0.00480739624623472,0.110771412595682,0.263003812024386,0.485824115924166,0.37961646244805,0.35015917580259,0.348578728670667,0.444160936442612,0.325403082097479,0.472503059677579,0.0737626665776718,2.47237232451341,1.38422217319784,2.2937901056926,0.0169899089357262,2.90107913010562,0.0194152598987134,0.247332362308969,0.0706942110079095,11.8380402129577,0.00673770547951038,0.371532339075505,0.0148834998004662,1.54730954143456,3.3413907358916,3.57171339241422,0.183819014167407,1.2397015980953,1.53560555384266,0.240783921508171,0.199407146718448,3.92342284698995,23.1663432931475,0.427389367837171,0.433935603178652,0.0715719953254203,0.0538128296509401,22.4475333070274,0.167270242753144,0.530713579298562,0.729197035391814,5.56593724126576,10.2488745860903,4.43673626562761,1.84263656249533,0.361161611014683,0.0774869581240186,3.42673419797658,0.501228621076971,2.19325434444135,19.9282954744644,1.29283733497581,0.0101847243922938,0.0126150909176685,0.00977803229462329,0.00720872389470141,0.925240640536498,1.35331095408326,0.310181926277676,0.00343335153504827,1.20309186678442,0.0227801197533941,0.542237705045854,0.198853764182649,0.0598326472618728,3.46372439645467,5.90057997132943,1.25859369730108,5.17687065422743,1.25620998880151,3.07476588285957,0.0501926625665107,1.52317252208465,0.489150578028265,0.707173691468654,0.305219223278431,6.78526968202736,0.0806100697710273,0.969550674832472,0.00513818001172215,0.0792924926351559,0.257163738880321,1.51552684302546,0.530628868263727,3.26421149302003,4.05166406971593,0.262601315040437,5.20488152835578,3.89934622950845,27.3427747518605,0.7017295219161,1.32507674540789,0.0216964970952481,2.69390416322049,6.23407996677962,3.32748389974091,1.39162484502543,1.53292710701262
1600,Intentional injuries,53.4725069302711,0.177171519553048,1.75347374537874,5.94507535851756,0.0067252260602506,6.29460001178557,0.198873527434275,3.63676086036569,1.3457402103354,0.440674644986471,0.189688442272047,0.0742509035626053,9.65847215528179,0.0457038314148344,1.65330768215033,2.26637184743665,0.171454947769851,1.78210158399232,0.0615474276320073,1.78460347727827,0.336758875448741,0.572493561918488,84.9649110888073,0.0174859807167964,0.728187146728687,5.3609233373051,2.02446266373561,0.148905606415994,1.07847323772647,4.83940097922999,4.26973375330052,2.60640968447894,3.49671802138346,2.23460552768177,137.866879837408,21.1752583935581,0.111223996379043,0.954941994995542,1.09190389485531,5.4691368027793,0.647107868002899,2.09127164916813,0.058674392253816,1.46355827257997,3.55803706027187,24.7621921371478,0.683823130002066,0.158740330662238,2.6419434385016,2.49541145048954,6.38616749979734,6.41008332802771,0.169854456736483,0.792760312444784,0.223544619820485,0.602349574304916,30.3843092501839,0.094744970289938,0.866114992180665,11.6223004841416,0.368024161860735,0.328662310365118,0.264083610382036,11.5930114699966,3.67271309298597,0.609869252885676,0.00730016685824062,5.49640182231865,1.84844426460132,0.33420535821291,0.316768636652844,3.53417160904739,8.07953364808158,1.73204561531575,0.0483536306385295,230.468581630715,14.9178212612484,7.02126357874746,8.64880077196239,0.46760142512497,0.754316897934061,4.55916503205123,1.58739949799553,22.1380692342642,0.326041824461778,3.75804574978886,5.76305881543407,0.028150826703422,0.175085319541017,0.831349517196948,0.816758169338318,0.371766907174727,0.42621627070348,1.53500181578362,0.811901122978549,0.62041192138009,0.734817158095726,0.055701354863149,3.91710938716431,1.92198998536704,2.85389641779116,0.0187572656670518,4.05839186624464,0.0384344604145531,0.632998239596808,0.162831465017591,44.9849346382449,0.0274237431192321,0.795368822373741,0.0840028703445893,1.6690494230989,5.44114180376248,7.74996659747626,0.747833803332932,3.67926153558292,2.14266654384609,0.671829691730891,0.917164016790465,4.45066735504028,33.9243953120491,0.126625477192618,0.743809371301301,0.738213271771815,0.0794208318112757,30.4306905292559,1.025312774717,1.3493279233311,0.953117315862505,2.6034128731672,18.9334923662241,5.45949988546825,1.283279732224,0.959897358893728,0.14677534920302,14.6573942430784,0.565604087124877,2.07103230954546,41.0730399350983,1.71859021818083,0.0452410839092177,0.0360379127878968,0.0307099363719957,0.0158299770704685,1.14076858109169,2.55278505434734,1.16124746993479,0.0231941518316157,1.10320669842429,0.461928707498582,0.593837323575261,0.416235547979227,0.180438989990788,4.03695651493061,34.7092048925976,3.5652476043153,4.40988946838902,3.77097937865261,4.82643279649634,0.168001773617397,1.55310408509322,1.25976814730586,3.84441277518893,0.428147702660425,15.1684199044979,0.11911955018835,1.58547923337083,0.00848412256602074,0.804788481390872,0.697365024663144,6.65826913761835,0.729515861340926,9.83697707332426,12.1205564070126,0.23977746020472,7.32486062832846,8.44352018811378,73.9780004212341,1.15324699610536,3.29639765370139,0.0549957602884568,20.3852252115639,9.12398854267491,25.4547094465563,2.57123414767587,4.63859605495727
1610,Self-harm,1.43818254114001,0.0784991527422294,0.976434968476583,2.80188560374232,0.00134531590517242,3.59693672130063,0.0705666265812113,3.3939837521252,1.3013971334314,0.159539291644452,0.0128930197481671,0.0699683143194118,4.71427125372368,0.0098846977976634,1.44428030390913,2.1245254802591,0.016512831945963,0.955556425295489,0.0380275856107666,0.500984903491794,0.291123234166277,0.200576144567283,15.9133027586645,0.0137651929240681,0.654086234796524,1.86930797115554,0.992077568970285,0.0769800833541042,0.763808878118938,2.28696491518214,3.63068095286237,0.469768308117297,0.928854442939133,1.49661415749632,127.601020600129,2.53986988989002,0.0490775111836482,0.395519153202667,0.40794100220166,2.19076551503988,0.615471467368538,1.53407770461071,0.0398244734255814,1.40333004423639,2.44180226632772,8.6950346582006,0.612532803628802,0.0892966164686629,0.46690997610156,1.33662310022776,0.698673888151006,0.477617226982048,0.123710681649782,0.443074148138335,0.19894064382842,0.328526000250473,7.41152059478116,0.0757799182317235,0.807351104181526,10.9581440702156,0.173441293111937,0.12395444538302,0.19317583260011,10.7993149774835,1.72893325088486,0.495321339036499,0.00151680612961557,0.868859214251886,0.660657152666441,0.157847057134363,0.202104797276444,0.888831530003385,0.305966593965873,1.59720776555291,0.0443804289285272,177.566908748235,3.33330102136624,3.60275435795871,1.28118281462306,0.42977905825847,0.39053119075351,4.17584841962782,0.0480449044296951,21.9067696985522,0.0668374993601312,2.88211166310522,2.43827810336154,0.0224296322360135,0.100519908482006,0.463897574591761,0.341218341887518,0.286729970250527,0.0401359692619353,0.648192457537404,0.313785066246356,0.357108646739876,0.61820694378732,0.0526603084714331,1.80826940461519,1.51726971494296,1.93833765839553,0.00758036561750136,0.930590575274378,0.0339130888734047,0.128212140976388,0.134619494079922,8.87181326615871,0.0220654485897038,0.617789569799623,0.0682919981639281,1.07649475361637,3.36289470631902,1.54502633355938,0.241399969111331,2.98872800774867,2.03971341489196,0.609045796096072,0.282006254251684,1.09671573301509,10.9119100136833,0.107006016146626,0.713267393264679,0.0337642983513751,0.0409051925546121,13.5055780881959,0.142962724220172,0.182021515683141,0.424784144757795,0.509872752242853,3.95016936757994,5.19933905249414,1.1968421639875,0.176376291340362,0.132237839684698,14.273706805816,0.427639327518285,1.85243708269921,31.1721774183434,1.158947911312,0.00940264004905791,0.000420686999771917,0.0256489109765995,0.00190417601098298,0.297380220098194,1.16383477707089,1.03514125481597,0.0052488724630711,0.496888003395903,0.449126196847131,0.53949229404646,0.398402336275902,0.149437867934085,1.37484543654265,13.7124973242022,0.857075721959785,4.16044260298214,3.34675771852506,1.51891789200105,0.137569369263371,1.44163313704385,1.22114782898912,0.126931836607647,0.242397692617401,11.8986976994723,0.0480521231285775,0.829275689390875,0.00499635380802462,0.198524844343054,0.221824937244949,2.33153901449646,0.484468411919911,2.52418309954947,9.39720483064627,0.167059241339826,6.46106225233369,3.20733345413755,53.1719589235137,0.840750051618966,2.8570470745805,0.0481128137095713,2.43653045857543,7.22203747480213,1.56436901992144,1.39693596992815,2.73978055559766
1620,Interpersonal violence,3.33006193378943,0.0969453577191989,0.734611041497128,2.99286591585052,0.00537859453180555,2.69112002225891,0.118721294316315,0.235970731172482,0.0443290680935773,0.251522211235114,0.176788105263231,0.004088413784,4.79360482017168,0.0358168123105565,0.203077811117691,0.141818555631835,0.151304726671523,0.775049626602346,0.0235112250647058,1.28255636335152,0.0456354159803659,0.36868791521322,67.766960141019,0.00371720279740596,0.07393134305,2.04397133007141,0.843811835198635,0.071925180123517,0.308676803421749,1.6189142795146,0.63119648156218,0.924413756520338,1.50823706383344,0.733900275331831,9.58110766681361,18.2973579112523,0.0621450121341779,0.549663507929746,0.683955321877808,3.24578618286594,0.0307156948997424,0.557150119938555,0.018847445719,0.0591937656129671,1.07322841506314,12.3152820460196,0.0712321732451607,0.0649906213350041,2.17301944301699,1.15838107669417,4.61815043313941,5.86942848412474,0.0461415933828487,0.349560318179977,0.0246002347404691,0.222660688890362,8.20969233963547,0.0189478336279478,0.0586789751538507,0.660847550520385,0.189455896322679,0.204705002170521,0.0708901868167509,0.787898549293582,1.91907936368847,0.11453940590993,0.00578187651404298,4.60714488450822,1.16314959073406,0.176355266468971,0.11324399810801,2.38192020761877,7.73868938741777,0.134791611777879,0.00397254255099444,51.5970989219463,11.4673107102927,2.56103804408674,5.42222730584987,0.0378202170021668,0.0917722796372896,0.383217038786698,1.47180373084718,0.227939865080942,0.257937611864393,0.87544839138578,3.09805035133473,0.00571854453697464,0.0744413647733114,0.323196044351454,0.473436692705744,0.0850340157270225,0.303733093521032,0.880791890601364,0.492419515349271,0.1498662325834,0.116606662551837,0.00304073294571595,1.81518722885519,0.381508627812245,0.898122611446962,0.011036022563214,2.24733910831008,0.004520208061,0.503708014269044,0.0282082748533812,36.0343637001574,0.00535495096707194,0.177578956551904,0.01570084843,0.565635570760267,1.03510983955089,2.1010223700922,0.504118094927353,0.683409950944568,0.102160948428315,0.0619736834587185,0.612992764783451,2.29935559510354,19.1586358928911,0.019618871639335,0.0305199815342483,0.353696843314349,0.0341009123046084,15.7661601858894,0.882340938844414,1.042332132634,0.506445197479513,2.05933097283769,14.3236375755191,0.259185359698435,0.0864007338093954,0.757179543441523,0.0133974592512922,0.383603159485969,0.137960794320174,0.218506122521596,9.82553048052493,0.546152545906571,0.0358376587738205,0.0356154291495064,0.0050555339700382,0.0129215197113979,0.736568456257431,1.36285199460341,0.126101846540433,0.0179192486317526,0.604484683207479,0.0100467828980867,0.0543443814394165,0.0178288671124791,0.0287462276629749,0.863749889644948,20.7911077817405,1.79505254942059,0.246711761078322,0.418989748616312,2.55202285343459,0.0303890866306756,0.110328009123873,0.0386118126470634,0.525668695597018,0.16911868132655,3.18145497551222,0.0689716792115978,0.755126220406271,0.00348544866996482,0.560294270082108,0.437063838185816,4.18554214457733,0.243369961772001,7.1164709808264,2.48303102907126,0.0658501613407345,0.86198631250396,5.19499211880469,19.6267874675309,0.312453717837,0.43904042152792,0.006874110609,17.8316289114355,1.88499034642909,3.49220209333814,1.16527400299862,1.88367339676276
1630,Collective violence and legal intervention,48.7042624553417,0.00172700909161932,0.0424277354050269,0.150323838924711,1.31562327263453e-06,0.00654326822603361,0.00958560653674895,0.00680637706801512,1.40088104226168e-05,0.0296131421069043,7.31726064899887e-06,0.000194175459193505,0.150596081386418,2.32130661453712e-06,0.00594956712351296,2.78115457134822e-05,0.00363738915236539,0.0514955320944812,8.61695653483081e-06,0.00106221043494881,2.25302098380912e-07,0.0032295021379851,1.28464818912379,3.58499532238702e-06,0.000169568882162984,1.44764403607815,0.18857325956669,3.42938372449364e-07,0.00598755618577935,0.933521784533245,0.00785631887597027,1.21222761984131,1.05962651461088,0.00409109485362273,0.684751570466111,0.338030592415791,1.47306121696561e-06,0.00975933386312896,7.57077583985011e-06,0.0325851048734857,0.0009207057346178,4.38246188576331e-05,2.47310923462287e-06,0.00103446273061555,0.043006378881007,3.75187543292763,5.81531281033478e-05,0.00445309285857151,0.00201401938305568,0.000407273567614783,1.06934317850692,0.0630376169209216,2.18170385234098e-06,0.000125846126472278,3.74125159564674e-06,0.0511628851640817,14.7630963157673,1.72184302667538e-05,8.49128452881839e-05,0.00330886340557718,0.00512697242611834,2.86281157737618e-06,1.7590965175281e-05,0.00579794321949439,0.024700478412645,8.50793924726389e-06,1.48421458206882e-06,0.0203977235585407,0.0246375212008146,3.03460957598184e-06,0.00141984126838988,0.263419871425227,0.0348776666979308,4.62379849515528e-05,6.5915900786042e-07,1.30457396053351,0.117209529589442,0.857471176702013,1.94539065148946,2.14986433295356e-06,0.272013427543261,9.95736367112695e-05,0.0675508627186487,0.00335967063106727,0.00126671323725459,0.000485695297861244,0.226730360737803,2.64993043387637e-06,0.000124046285699472,0.0442558982537327,0.00210313474505643,2.92119717777661e-06,0.0823472079205127,0.00601746764485141,0.00569654138292167,0.113437042056814,3.55175656938441e-06,3.13445999962502e-07,0.293652753693931,0.023211642611837,0.01743614794867,0.000140877486336385,0.880462182660186,1.16348014830897e-06,0.00107808435137566,3.69608428803955e-06,0.0787576719288243,3.34356245631955e-06,2.96022214202161e-07,1.00237506612726e-05,0.0269190987222584,1.04313725789257,4.10391789382467,0.00231573929424783,0.00712357688968252,0.000792180525815298,0.000810212176100799,0.0221649977553306,1.05459602692165,3.8538494054748,5.89406657618642e-07,2.19965023730476e-05,0.350752130106091,0.00441472695205522,1.15895225517059,9.11165241299002e-06,0.124974275013966,0.0218879736251972,0.0342091480866574,0.659685423125067,0.00097547327566731,3.68344271117335e-05,0.0263415241118428,0.00114005026703038,8.42777763998112e-05,3.96528641862276e-06,8.91043246514625e-05,0.0753320362299535,0.0134897609622573,7.85086339319241e-07,1.79663861842046e-06,5.49142535802112e-06,0.00100428134808752,0.10681990473607,0.0260982826730432,4.36857837954366e-06,2.60307367920525e-05,0.00183401182091155,0.0027557277533638,6.48089384580035e-07,4.34459084527915e-06,0.00225489439372781,1.79836118874301,0.205599786654908,0.91311933293493,0.00273510432855819,0.00523191151124358,0.755492051060702,4.33177233501677e-05,0.00114293892549717,8.50566968302928e-06,3.19181224298426,0.0166313287164737,0.0882672295134292,0.00209574784817501,0.0010773235736817,2.32008803130201e-06,0.0459693669657098,0.0384762492323793,0.141187978544567,0.00167748764901404,0.196322992948385,0.240320547295036,0.00686805752416003,0.00181206349080896,0.0411946151715356,1.17925403018957,4.32266493927221e-05,0.000310157592971577,8.83596988549807e-06,0.117065841552947,0.016960721443691,20.3981383332967,0.00902417474909388,0.01514210259684
1700,Other COVID-19 pandemic-related outcomes,11.922309612269,2.673222883448,5.047691987419,3.110847507178,0,0,0,0,0,5.724906010944,0.29177578006,0.195644517554,28.825187671765,3.3858136e-05,6.365574460158,0,0.06190716956,1.124475900821,0,13.85265933416,0.835340983921,1.613992070534,0,0,0,2.684935327481,0.792389017227,0.06148495569,4.456806111997,4.65813876969,0,1.21534960946,2.833077815877,0,13.056877616803,0,0.136542425993,0.779897038156,0,3.451365825843,0,0,0,0,2.093817368317,12.336339291838,0,0.249798180908,2.446393652779,0,53.428944544595,2.621906207358,0.202634681725,0.44769718204,0,0.736877362085,14.606795353944,0.650536627948,0,0,0.261564266163,0.43447838927,0,0,3.359580559741,0,0,10.187762111135,1.36459580517,0.410301521766,0,4.092670462155,3.892539172419,0,0,717.259954187592,262.99696563152,36.244692582504,4.962650060577,0,0,0,1.472300737787,0,3.309138455369,15.013620278718,6.040746669854,0,0.743704480655,2.515414296598,1.123593297609,0,3.708884072053,0.909331389642,0.359241619206,2.078385253593,0,0,4.3701869024,3.017580354044,8.63623591496,0.054878042998,2.153557008354,0,0.864677771322,0,0,0,0.284061057522,0.445614141284,9.229338327926,7.93982923526,17.842975097907,1.86477630426,7.533284758683,0,0,0,2.904429575443,12.909185099229,0,0,0.628398165512408,1.583360328836,50.66991004158,0,2.855382368003,0,0,0,0,0,8.27666984577186e-05,0.245396884658,0,0,0,161.87276306467,1.250923873958,0.157723803423,0,0,0.027658422388,3.522034757527,3.161697450334,0,9.9043833e-05,0.388765031769,0,0,0,0,6.361033511097,61.36691943987,1.187294514685,0,3.933595306865,11.260993253104,0.289117672722,0,0,2.327698692769,1.896786862467,26.481745856883,0.268188250493,0.794200516433,0,0.706254992986,7.587079184121,37.998426936245,0.421954086707,3.823594947707,40.049114731398,0.603126663976,0,5.276768828034,0,0,5.98266693107,0.071108177605,4.175983857076,6.429681063046,7.549325921652,3.632275443967,4.539668285942
